warning: patch `ostd v0.18.0 (/opt/nexus-ostd/ostd-0.18.0)` was not used in the crate graph
warning: patch `virtio-drivers v0.13.0 (/opt/nexus-virtio/virtio-drivers-0.13.0)` was not used in the crate graph
help: Check that the patched package version and available features are compatible
      with the dependency requirements. If the patch has a different version from
      what is locked in the Cargo.lock file, run `cargo update` to use the new
      version. This may also occur with an optional dependency that is not enabled.
warning: unstable feature specified for `-Ctarget-feature`: `ermsb`
  |
  = note: this feature is not stably supported; its behavior can change in the future

warning: unused variable: `indirect`
   --> /opt/nexus-virtio/virtio-drivers-0.13.0/src/queue.rs:178:9
    |
178 |         indirect: bool,
    |         ^^^^^^^^ help: if this is intentional, prefix it with an underscore: `_indirect`
    |
    = note: `#[warn(unused_variables)]` (part of `#[warn(unused)]`) on by default

warning: `virtio-drivers` (lib) generated 2 warnings (run `cargo fix --lib -p virtio-drivers` to apply 1 suggestion)
warning: `ostd` (lib) generated 1 warning (1 duplicate)
warning: `cser-core` (lib) generated 1 warning (1 duplicate)
warning: function `begin_generation` is never used
   --> /crates/nexus-ostd-virtio/src/dma.rs:456:8
    |
456 | pub fn begin_generation(generation: u64) {
    |        ^^^^^^^^^^^^^^^^
    |
    = note: `#[warn(dead_code)]` (part of `#[warn(unused)]`) on by default

warning: function `arm_request_bounce` is never used
   --> /crates/nexus-ostd-virtio/src/dma.rs:494:8
    |
494 | pub fn arm_request_bounce(generation: u64) -> (usize, usize) {
    |        ^^^^^^^^^^^^^^^^^^

warning: method `pending_kind` is never used
   --> /crates/nexus-ostd-virtio/src/dma.rs:873:18
    |
868 | impl IotlbTombstone {
    | ------------------- method in this implementation
...
873 |     pub const fn pending_kind(&self) -> OwnerKind {
    |                  ^^^^^^^^^^^^

warning: methods `claim_device_function`, `assert_intx_state_matches_readback`, `assert_internal_mask_allowed`, and `observe_internal_command_or_poison` are never used
   --> /crates/nexus-ostd-virtio/src/pci.rs:738:19
    |
455 | impl Root {
    | --------- methods in this implementation
...
738 |     pub(crate) fn claim_device_function(&mut self) -> DeviceFunction {
    |                   ^^^^^^^^^^^^^^^^^^^^^
...
795 |     fn assert_intx_state_matches_readback(&self) {
    |        ^^^^^^^^^^^^^^^^^^^^^^^^^^^^^^^^^^
...
819 |     fn assert_internal_mask_allowed(&self) {
    |        ^^^^^^^^^^^^^^^^^^^^^^^^^^^^
...
853 |     fn observe_internal_command_or_poison(&mut self, expected: Command, observed: Command) {
    |        ^^^^^^^^^^^^^^^^^^^^^^^^^^^^^^^^^^

warning: function `begin_transport_claims` is never used
   --> /crates/nexus-ostd-virtio/src/pci.rs:906:8
    |
906 | pub fn begin_transport_claims() {
    |        ^^^^^^^^^^^^^^^^^^^^^^

warning: function `enable_device_for_prepare` is never used
    --> /crates/nexus-ostd-virtio/src/pci.rs:1147:15
     |
1147 | pub(crate) fn enable_device_for_prepare(
     |               ^^^^^^^^^^^^^^^^^^^^^^^^^

warning: function `enable_device` is never used
    --> /crates/nexus-ostd-virtio/src/pci.rs:1193:15
     |
1193 | pub(crate) fn enable_device(root: &mut Root, device_function: DeviceFunction) {
     |               ^^^^^^^^^^^^^

warning: function `disable_bus_master` is never used
    --> /crates/nexus-ostd-virtio/src/pci.rs:1208:15
     |
1208 | pub(crate) fn disable_bus_master(root: &mut Root, device_function: DeviceFunction) {
     |               ^^^^^^^^^^^^^^^^^^

warning: `nexus-ostd-virtio` (lib) generated 9 warnings (1 duplicate)
warning: associated function `new` is never used
  --> /work/src/cser/core_reply_adapter.rs:43:25
   |
42 | impl ReplyCoordinate {
   | -------------------- associated function in this implementation
43 |     pub(crate) const fn new(
   |                         ^^^
   |
   = note: `#[warn(dead_code)]` (part of `#[warn(unused)]`) on by default

warning: struct `ReplyAckObservation` is never constructed
   --> /work/src/cser/core_reply_adapter.rs:199:19
    |
199 | pub(crate) struct ReplyAckObservation {
    |                   ^^^^^^^^^^^^^^^^^^^

warning: methods `apply`, `verify_applied`, `observe_ack`, `verify_settlement_ack`, and `verify_retirement` are never used
   --> /work/src/cser/core_reply_adapter.rs:267:19
    |
253 | impl ReplyCustody {
    | ----------------- methods in this implementation
...
267 |     pub(crate) fn apply(
    |                   ^^^^^
...
390 |     pub(crate) fn verify_applied(
    |                   ^^^^^^^^^^^^^^
...
401 |     pub(crate) fn observe_ack(
    |                   ^^^^^^^^^^^
...
421 |     pub(crate) fn verify_settlement_ack(
    |                   ^^^^^^^^^^^^^^^^^^^^^
...
432 |     pub(crate) fn verify_retirement(
    |                   ^^^^^^^^^^^^^^^^^

warning: struct `ReplyEffectVerifier` is never constructed
   --> /work/src/cser/core_reply_adapter.rs:484:8
    |
484 | struct ReplyEffectVerifier<'a> {
    |        ^^^^^^^^^^^^^^^^^^^

warning: struct `ReplyAckVerifier` is never constructed
   --> /work/src/cser/core_reply_adapter.rs:556:8
    |
556 | struct ReplyAckVerifier<'a> {
    |        ^^^^^^^^^^^^^^^^

warning: struct `ReplyRetirementVerifier` is never constructed
   --> /work/src/cser/core_reply_adapter.rs:560:8
    |
560 | struct ReplyRetirementVerifier<'a> {
    |        ^^^^^^^^^^^^^^^^^^^^^^^

warning: function `ack_observation` is never used
   --> /work/src/cser/core_reply_adapter.rs:607:4
    |
607 | fn ack_observation(plan: ReplyPlan) -> ReplyAckObservation {
    |    ^^^^^^^^^^^^^^^

warning: struct `OstdRecoveryBoundary` is never constructed
  --> /work/src/cser/core_runtime.rs:24:19
   |
24 | pub(crate) struct OstdRecoveryBoundary {
   |                   ^^^^^^^^^^^^^^^^^^^^

warning: methods `acknowledged_revision`, `acknowledged_head`, `torn_tail`, and `journal_repair` are never used
  --> /work/src/cser/core_runtime.rs:32:25
   |
30 | impl OstdRecoveryBoundary {
   | ------------------------- methods in this implementation
31 |     /// Returns the last replayed journal revision.
32 |     pub(crate) const fn acknowledged_revision(self) -> u64 {
   |                         ^^^^^^^^^^^^^^^^^^^^^
...
37 |     pub(crate) const fn acknowledged_head(self) -> Digest {
   |                         ^^^^^^^^^^^^^^^^^
...
45 |     pub(crate) const fn torn_tail(self) -> Option<usize> {
   |                         ^^^^^^^^^
...
53 |     pub(crate) const fn journal_repair(self) -> Option<JournalRepair> {
   |                         ^^^^^^^^^^^^^^

warning: associated items `recover` and `observe_persistence` are never used
   --> /work/src/cser/core_runtime.rs:94:19
    |
 73 | impl<P> OstdCserRuntime<P> {
    | -------------------------- associated items in this implementation
...
 94 |     pub(crate) fn recover(
    |                   ^^^^^^^
...
124 |     pub(crate) fn observe_persistence<R>(&self, operation: impl FnOnce(&P) -> R) -> R {
    |                   ^^^^^^^^^^^^^^^^^^^

warning: variants `CompositeEffect`, `Component`, `ComponentClaims`, and `Pressure` are never constructed
   --> /work/src/cser/core_portal_vnext.rs:97:5
    |
 95 | pub(crate) enum CoreQuery {
    |                 --------- variants in this enum
 96 |     /// Project one exact composite parent by its stable identity.
 97 |     CompositeEffect(EffectId),
    |     ^^^^^^^^^^^^^^^
 98 |     /// Project one exact obligation component.
 99 |     Component(EffectId, ComponentId),
    |     ^^^^^^^^^
100 |     /// Enumerate claims for one exact component in stable claim-id order.
101 |     ComponentClaims(EffectId, ComponentId),
    |     ^^^^^^^^^^^^^^^
102 |     /// Project bounded global admission and quarantine pressure.
103 |     Pressure,
    |     ^^^^^^^^
    |
    = note: `CoreQuery` has derived impls for the traits `Debug` and `Clone`, but these are intentionally ignored during dead code analysis

warning: variant `Observe` is never constructed
   --> /work/src/cser/core_portal_vnext.rs:112:5
    |
108 | pub(crate) enum PortalOperation {
    |                 --------------- variant in this enum
...
112 |     Observe(CoreQuery),
    |     ^^^^^^^
    |
    = note: `PortalOperation` has derived impls for the traits `Debug` and `Clone`, but these are intentionally ignored during dead code analysis

warning: associated functions `observe` and `from_validated_parts` are never used
   --> /work/src/cser/core_portal_vnext.rs:135:19
    |
122 | impl PortalRequest {
    | ------------------ associated functions in this implementation
...
135 |     pub(crate) fn observe(request_id: u64, query: CoreQuery) -> Result<Self, PortalProtocolError> {
    |                   ^^^^^^^
...
143 |     pub(crate) const fn from_validated_parts(
    |                         ^^^^^^^^^^^^^^^^^^^^

warning: multiple methods are never used
   --> /work/src/cser/core_portal_vnext.rs:196:25
    |
177 | impl CoreTransitionView {
    | ----------------------- methods in this implementation
...
196 |     pub(crate) const fn core_api_profile(self) -> u16 {
    |                         ^^^^^^^^^^^^^^^^
...
201 |     pub(crate) const fn journal_schema(self) -> u16 {
    |                         ^^^^^^^^^^^^^^
...
206 |     pub(crate) const fn catalog_digest(self) -> Digest {
    |                         ^^^^^^^^^^^^^^
...
211 |     pub(crate) const fn projection_version(self) -> u16 {
    |                         ^^^^^^^^^^^^^^^^^^
...
216 |     pub(crate) const fn trace_version(self) -> u16 {
    |                         ^^^^^^^^^^^^^
...
221 |     pub(crate) const fn revision(self) -> u64 {
    |                         ^^^^^^^^
...
226 |     pub(crate) const fn head(self) -> Digest {
    |                         ^^^^
...
231 |     pub(crate) const fn projection(self) -> Digest {
    |                         ^^^^^^^^^^
...
236 |     pub(crate) const fn coordinates(self) -> TransitionCoordinates {
    |                         ^^^^^^^^^^^
...
241 |     pub(crate) const fn result(self) -> TransitionResult {
    |                         ^^^^^^
...
246 |     pub(crate) const fn event(self) -> TransitionEvent {
    |                         ^^^^^

warning: methods `revision`, `head`, and `freshness` are never used
   --> /work/src/cser/core_portal_vnext.rs:270:25
    |
259 | impl CoreObservationStamp {
    | ------------------------- methods in this implementation
...
270 |     pub(crate) const fn revision(self) -> u64 {
    |                         ^^^^^^^^
...
275 |     pub(crate) const fn head(self) -> Digest {
    |                         ^^^^
...
280 |     pub(crate) const fn freshness(self) -> Freshness {
    |                         ^^^^^^^^^

warning: method `stamp` is never used
   --> /work/src/cser/core_portal_vnext.rs:330:25
    |
328 | impl CoreObservation {
    | -------------------- method in this implementation
329 |     /// Returns the coordinates bound to this projection.
330 |     pub(crate) const fn stamp(&self) -> CoreObservationStamp {
    |                         ^^^^^

warning: methods `take_component_commit_intent` and `take_matching_commit_intent` are never used
   --> /work/src/cser/core_production_registry.rs:360:19
    |
267 | impl<S> ProductionCoreOwner<S> {
    | ------------------------------ methods in this implementation
...
360 |     pub(crate) fn take_component_commit_intent(
    |                   ^^^^^^^^^^^^^^^^^^^^^^^^^^^^
...
368 |     fn take_matching_commit_intent(
    |        ^^^^^^^^^^^^^^^^^^^^^^^^^^^

warning: struct `FenceSnapshotTransitions` is never constructed
  --> /work/src/cser/core_supervisor_vnext.rs:79:19
   |
79 | pub(crate) struct FenceSnapshotTransitions {
   |                   ^^^^^^^^^^^^^^^^^^^^^^^^

warning: methods `fence`, `snapshot`, and `into_parts` are never used
  --> /work/src/cser/core_supervisor_vnext.rs:86:25
   |
84 | impl FenceSnapshotTransitions {
   | ----------------------------- methods in this implementation
85 |     /// Borrows the exact durable fence receipt.
86 |     pub(crate) const fn fence(&self) -> &TransitionReceipt {
   |                         ^^^^^
...
91 |     pub(crate) const fn snapshot(&self) -> &TransitionReceipt {
   |                         ^^^^^^^^
...
96 |     pub(crate) fn into_parts(self) -> (TransitionReceipt, TransitionReceipt) {
   |                   ^^^^^^^^^^

warning: enum `FenceSnapshotError` is never used
   --> /work/src/cser/core_supervisor_vnext.rs:115:17
    |
115 | pub(crate) enum FenceSnapshotError<E> {
    |                 ^^^^^^^^^^^^^^^^^^

warning: methods `fence_and_snapshot` and `claim_settlement` are never used
   --> /work/src/cser/core_supervisor_vnext.rs:158:19
    |
147 | impl<A: RecoveredCoreAuthority> CoreSupervisorVNext<A> {
    | ------------------------------------------------------ methods in this implementation
...
158 |     pub(crate) fn fence_and_snapshot(
    |                   ^^^^^^^^^^^^^^^^^^
...
260 |     pub(crate) fn claim_settlement(
    |                   ^^^^^^^^^^^^^^^^

warning: field `0` is never read
   --> /work/src/cser/core_reboot.rs:142:22
    |
142 |     ProviderContract(BootProviderContractError),
    |     ---------------- ^^^^^^^^^^^^^^^^^^^^^^^^^
    |     |
    |     field in this variant
    |
    = note: `BootRecoveryError` has a derived impl for the trait `Debug`, but this is intentionally ignored during dead code analysis
help: consider changing the field to be of unit type to suppress this warning while preserving the field numbering, or remove the field
    |
142 -     ProviderContract(BootProviderContractError),
142 +     ProviderContract(()),
    |

warning: field `0` is never read
   --> /work/src/cser/core_reboot.rs:144:20
    |
144 |     RecoveryAnchor(cser_core::RecoveryAnchorError),
    |     -------------- ^^^^^^^^^^^^^^^^^^^^^^^^^^^^^^
    |     |
    |     field in this variant
    |
    = note: `BootRecoveryError` has a derived impl for the trait `Debug`, but this is intentionally ignored during dead code analysis
help: consider changing the field to be of unit type to suppress this warning while preserving the field numbering, or remove the field
    |
144 -     RecoveryAnchor(cser_core::RecoveryAnchorError),
144 +     RecoveryAnchor(()),
    |

warning: field `0` is never read
   --> /work/src/cser/core_reboot.rs:146:10
    |
146 |     Core(CoreError),
    |     ---- ^^^^^^^^^
    |     |
    |     field in this variant
    |
    = note: `BootRecoveryError` has a derived impl for the trait `Debug`, but this is intentionally ignored during dead code analysis
help: consider changing the field to be of unit type to suppress this warning while preserving the field numbering, or remove the field
    |
146 -     Core(CoreError),
146 +     Core(()),
    |

warning: field `0` is never read
   --> /work/src/cser/core_reboot.rs:148:26
    |
148 |     RepairDidNotConverge(JournalRepair),
    |     -------------------- ^^^^^^^^^^^^^
    |     |
    |     field in this variant
    |
    = note: `BootRecoveryError` has a derived impl for the trait `Debug`, but this is intentionally ignored during dead code analysis
help: consider changing the field to be of unit type to suppress this warning while preserving the field numbering, or remove the field
    |
148 -     RepairDidNotConverge(JournalRepair),
148 +     RepairDidNotConverge(()),
    |

warning: field `reason` is never read
   --> /work/src/cser/core_reboot.rs:172:9
    |
170 |     Blocked {
    |     ------- field in this variant
171 |         /// Exact fail-closed reason.
172 |         reason: BootActivationBlock,
    |         ^^^^^^
    |
    = note: `BootActivationFailure` has a derived impl for the trait `Debug`, but this is intentionally ignored during dead code analysis

warning: field `error` is never read
   --> /work/src/cser/core_reboot.rs:179:9
    |
177 |     Provider {
    |     -------- field in this variant
178 |         /// Provider-specific failure.
179 |         error: ProviderError,
    |         ^^^^^
    |
    = note: `BootActivationFailure` has a derived impl for the trait `Debug`, but this is intentionally ignored during dead code analysis

warning: methods `observe` and `transact` are never used
   --> /work/src/cser/core_reboot.rs:328:19
    |
321 | / impl<J, A, D> ActivatedRecoveredBoot<J, A, D>
322 | | where
323 | |     J: OstdBootJournal,
324 | |     A: TrustedAnchorBackend,
    | |____________________________- methods in this implementation
...
328 |       pub(crate) fn observe<R>(&self, operation: impl FnOnce(&Engine) -> R) -> R {
    |                     ^^^^^^^
...
333 |       pub(crate) fn transact<C>(
    |                     ^^^^^^^^

warning: struct `CoreReuseReservation` is never constructed
   --> /work/src/cser/core_dma_adapter.rs:125:19
    |
125 | pub(crate) struct CoreReuseReservation {
    |                   ^^^^^^^^^^^^^^^^^^^^

warning: associated function `new` is never used
   --> /work/src/cser/core_dma_adapter.rs:136:25
    |
135 | impl CoreReuseReservation {
    | ------------------------- associated function in this implementation
136 |     pub(crate) const fn new(
    |                         ^^^

warning: multiple associated items are never used
   --> /work/src/cser/core_dma_adapter.rs:174:19
    |
173 | impl CoreDmaCohort {
    | ------------------ associated items in this implementation
174 |     pub(crate) fn bind(
    |                   ^^^^
...
261 |     pub(crate) const fn effect(self) -> cser_core::EffectId {
    |                         ^^^^^^
...
265 |     pub(crate) const fn component(self) -> Option<ComponentId> {
    |                         ^^^^^^^^^
...
273 |     pub(crate) const fn hardware(self) -> DeviceSessionIdentity {
    |                         ^^^^^^^^
...
277 |     pub(crate) const fn create_estate(self) -> CommandRequest {
    |                         ^^^^^^^^^^^^^
...
296 |     pub(crate) const fn prepare(self) -> CommandRequest {
    |                         ^^^^^^^
...
329 |     pub(crate) const fn reserve_reuse(self, reservation: CoreReuseReservation) -> CommandRequest {
    |                         ^^^^^^^^^^^^^

warning: enum `RetirementEvent` is never used
   --> /work/src/cser/core_dma_adapter.rs:488:6
    |
488 | enum RetirementEvent {
    |      ^^^^^^^^^^^^^^^

warning: methods `role`, `kind`, and `tag` are never used
   --> /work/src/cser/core_dma_adapter.rs:495:14
    |
494 | impl RetirementEvent {
    | -------------------- methods in this implementation
495 |     const fn role(self) -> ClaimRole {
    |              ^^^^
...
502 |     const fn kind(self) -> EvidenceKindId {
    |              ^^^^
...
510 |     const fn tag(self) -> u8 {
    |              ^^^

warning: struct `RetirementObservation` is never constructed
   --> /work/src/cser/core_dma_adapter.rs:520:19
    |
520 | pub(crate) struct RetirementObservation {
    |                   ^^^^^^^^^^^^^^^^^^^^^

warning: struct `CoreRetirementVerifier` is never constructed
   --> /work/src/cser/core_dma_adapter.rs:570:8
    |
570 | struct CoreRetirementVerifier {
    |        ^^^^^^^^^^^^^^^^^^^^^^

warning: fields `owner` and `authority` are never read
   --> /work/src/cser/core_dma_adapter.rs:678:9
    |
677 |     BindingMismatch {
    |     --------------- fields in this variant
678 |         owner: ReceiptedPreparedRequest,
    |         ^^^^^
679 |         authority: CoreQueuePublishAuthority,
    |         ^^^^^^^^^

warning: fields `failure` and `authority` are never read
   --> /work/src/cser/core_dma_adapter.rs:682:9
    |
681 |     Hardware {
    |     -------- fields in this variant
682 |         failure: PreparationPublishFailure,
    |         ^^^^^^^
683 |         authority: CoreQueuePublishAuthority,
    |         ^^^^^^^^^

warning: fields `request` and `authority` are never read
   --> /work/src/cser/core_dma_adapter.rs:686:9
    |
685 |     NotificationAlreadyResolved {
    |     --------------------------- fields in this variant
686 |         request: PublishedRequest,
    |         ^^^^^^^
687 |         authority: CoreQueuePublishAuthority,
    |         ^^^^^^^^^

warning: fields `error` and `published` are never read
   --> /work/src/cser/core_dma_adapter.rs:701:16
    |
700 | pub(crate) struct CoreQueueCommitFailure {
    |                   ---------------------- fields in this struct
701 |     pub(crate) error: CoreError,
    |                ^^^^^
702 |     pub(crate) published: CorePublishedQueue,
    |                ^^^^^^^^^

warning: function `acknowledge_real_irq` is never used
   --> /work/src/cser/core_dma_adapter.rs:813:15
    |
813 | pub(crate) fn acknowledge_real_irq(request: &mut PublishedRequest) -> InterruptReceipt {
    |               ^^^^^^^^^^^^^^^^^^^^

warning: function `complete_real_irq` is never used
   --> /work/src/cser/core_dma_adapter.rs:819:15
    |
819 | pub(crate) fn complete_real_irq(
    |               ^^^^^^^^^^^^^^^^^

warning: struct `CoreResetEvidence` is never constructed
   --> /work/src/cser/core_dma_adapter.rs:827:19
    |
827 | pub(crate) struct CoreResetEvidence {
    |                   ^^^^^^^^^^^^^^^^^

warning: struct `CoreResetEvidenceFailure` is never constructed
   --> /work/src/cser/core_dma_adapter.rs:833:19
    |
833 | pub(crate) struct CoreResetEvidenceFailure {
    |                   ^^^^^^^^^^^^^^^^^^^^^^^^

warning: function `apply_real_reset_generation` is never used
   --> /work/src/cser/core_dma_adapter.rs:840:15
    |
840 | pub(crate) fn apply_real_reset_generation(
    |               ^^^^^^^^^^^^^^^^^^^^^^^^^^^

warning: methods `reset_command`, `irq_drained_command`, `command`, and `begin_iotlb` are never used
   --> /work/src/cser/core_dma_adapter.rs:879:19
    |
872 | impl CoreResetEvidence {
    | ---------------------- methods in this implementation
...
879 |     pub(crate) fn reset_command(
    |                   ^^^^^^^^^^^^^
...
891 |     pub(crate) fn irq_drained_command(
    |                   ^^^^^^^^^^^^^^^^^^^
...
914 |     fn command(
    |        ^^^^^^^
...
932 |     pub(crate) fn begin_iotlb(
    |                   ^^^^^^^^^^^

warning: enum `CoreIotlbBeginFailure` is never used
   --> /work/src/cser/core_dma_adapter.rs:961:17
    |
961 | pub(crate) enum CoreIotlbBeginFailure {
    |                 ^^^^^^^^^^^^^^^^^^^^^

warning: struct `CoreIotlbEvidence` is never constructed
   --> /work/src/cser/core_dma_adapter.rs:973:19
    |
973 | pub(crate) struct CoreIotlbEvidence {
    |                   ^^^^^^^^^^^^^^^^^

warning: struct `CoreIotlbEvidenceFailure` is never constructed
   --> /work/src/cser/core_dma_adapter.rs:979:19
    |
979 | pub(crate) struct CoreIotlbEvidenceFailure {
    |                   ^^^^^^^^^^^^^^^^^^^^^^^^

warning: function `apply_real_iotlb_closure` is never used
   --> /work/src/cser/core_dma_adapter.rs:985:15
    |
985 | pub(crate) fn apply_real_iotlb_closure(
    |               ^^^^^^^^^^^^^^^^^^^^^^^^

warning: methods `retirement_commands`, `command`, and `into_receipt` are never used
    --> /work/src/cser/core_dma_adapter.rs:1038:19
     |
1037 | impl CoreIotlbEvidence {
     | ---------------------- methods in this implementation
1038 |     pub(crate) fn retirement_commands(
     |                   ^^^^^^^^^^^^^^^^^^^
...
1049 |     fn command(
     |        ^^^^^^^
...
1061 |     pub(crate) fn into_receipt(self) -> ProductionClosureReceipt {
     |                   ^^^^^^^^^^^^

warning: function `verify_retirement` is never used
    --> /work/src/cser/core_dma_adapter.rs:1066:4
     |
1066 | fn verify_retirement(
     |    ^^^^^^^^^^^^^^^^^

warning: function `evidence_was_accepted` is never used
    --> /work/src/cser/core_dma_adapter.rs:1093:4
     |
1093 | fn evidence_was_accepted(
     |    ^^^^^^^^^^^^^^^^^^^^^

warning: function `retirement_observation` is never used
    --> /work/src/cser/core_dma_adapter.rs:1130:4
     |
1130 | fn retirement_observation(
     |    ^^^^^^^^^^^^^^^^^^^^^^

warning: function `retirement_digest` is never used
    --> /work/src/cser/core_dma_adapter.rs:1191:4
     |
1191 | fn retirement_digest(observation: &RetirementObservation) -> Digest {
     |    ^^^^^^^^^^^^^^^^^

warning: fields `index`, `observed_attributes`, and `observed_size` are never read
   --> /work/src/cser/core_tpm_anchor.rs:291:9
    |
290 |     UnexpectedIndexPublic {
    |     --------------------- fields in this variant
291 |         index: u32,
    |         ^^^^^
292 |         observed_attributes: u32,
    |         ^^^^^^^^^^^^^^^^^^^
293 |         observed_size: u16,
    |         ^^^^^^^^^^^^^
    |
    = note: `TpmNvAnchorError` has a derived impl for the trait `Debug`, but this is intentionally ignored during dead code analysis

warning: field `index` is never read
   --> /work/src/cser/core_tpm_anchor.rs:296:9
    |
295 |     CorruptSelectedSlot {
    |     ------------------- field in this variant
296 |         index: u32,
    |         ^^^^^
    |
    = note: `TpmNvAnchorError` has a derived impl for the trait `Debug`, but this is intentionally ignored during dead code analysis

warning: field `index` is never read
   --> /work/src/cser/core_tpm_anchor.rs:299:9
    |
298 |     CounterOverflow {
    |     --------------- field in this variant
299 |         index: u32,
    |         ^^^^^
    |
    = note: `TpmNvAnchorError` has a derived impl for the trait `Debug`, but this is intentionally ignored during dead code analysis

warning: fields `index`, `expected`, and `observed` are never read
   --> /work/src/cser/core_tpm_anchor.rs:302:9
    |
301 |     CounterDidNotAdvance {
    |     -------------------- fields in this variant
302 |         index: u32,
    |         ^^^^^
303 |         expected: u64,
    |         ^^^^^^^^
304 |         observed: u64,
    |         ^^^^^^^^
    |
    = note: `TpmNvAnchorError` has a derived impl for the trait `Debug`, but this is intentionally ignored during dead code analysis

warning: field `0` is never read
   --> /work/src/cser/core_tpm_anchor.rs:306:14
    |
306 |     Protocol(PersistenceProtocolError),
    |     -------- ^^^^^^^^^^^^^^^^^^^^^^^^
    |     |
    |     field in this variant
    |
    = note: `TpmNvAnchorError` has a derived impl for the trait `Debug`, but this is intentionally ignored during dead code analysis
help: consider changing the field to be of unit type to suppress this warning while preserving the field numbering, or remove the field
    |
306 -     Protocol(PersistenceProtocolError),
306 +     Protocol(()),
    |

warning: associated items `open`, `committed`, `issued`, and `transport_mut` are never used
   --> /work/src/cser/core_tpm_anchor.rs:442:19
    |
412 | / impl<T> TpmNvTrustedAnchor<T>
413 | | where
414 | |     T: TpmNvTransport,
    | |______________________- associated items in this implementation
...
442 |       pub(crate) fn open(
    |                     ^^^^
...
456 |       pub(crate) const fn committed(&self) -> TrustedAnchorSnapshot {
    |                           ^^^^^^^^^
...
467 |       pub(crate) const fn issued(&self) -> Freshness {
    |                           ^^^^^^
...
471 |       fn transport_mut(&mut self) -> &mut T {
    |          ^^^^^^^^^^^^^

warning: function `launch` is never used
    --> /work/src/cser/core_tpm_anchor.rs:1462:15
     |
1462 | pub(crate) fn launch() -> ! {
     |               ^^^^^^

warning: methods `apply_record_checksum` and `record_checksum` are never used
   --> /work/src/cser/core_reply_outbox.rs:351:25
    |
342 | impl ReplyAckRecord {
    | ------------------- methods in this implementation
...
351 |     pub(crate) const fn apply_record_checksum(self) -> Digest {
    |                         ^^^^^^^^^^^^^^^^^^^^^
...
355 |     pub(crate) const fn record_checksum(self) -> Digest {
    |                         ^^^^^^^^^^^^^^^

warning: function `project_replayed_claim` is never used
  --> /work/src/cser/core_device_quarantine.rs:84:15
   |
84 | pub(crate) fn project_replayed_claim(
   |               ^^^^^^^^^^^^^^^^^^^^^^

warning: associated function `new` is never used
   --> /work/src/cser/core_device_quarantine.rs:189:25
    |
188 | impl OstdBootClaimVerifier {
    | -------------------------- associated function in this implementation
189 |     pub(crate) const fn new(claim: ClaimProjection) -> Self {
    |                         ^^^

warning: associated function `new` is never used
   --> /work/src/cser/core_device_quarantine.rs:293:25
    |
292 | impl OstdBootIrqVerifier {
    | ------------------------ associated function in this implementation
293 |     pub(crate) const fn new(claim: ClaimProjection) -> Self {
    |                         ^^^

warning: `nexus-kernel` (lib) generated 66 warnings (1 duplicate)
warning: `nexus-kernel-osdk-bin` (bin "nexus-kernel-osdk-bin") generated 1 warning (1 duplicate)
    Finished `dev` profile [unoptimized + debuginfo] target(s) in 0.07s
qemu-system-x86_64: warning: TCG doesn't support requested feature: CPUID[eax=01h].ECX.pcid [bit 17]
qemu-system-x86_64: warning: TCG doesn't support requested feature: CPUID[eax=01h].ECX.tsc-deadline [bit 24]
qemu-system-x86_64: warning: TCG doesn't support requested feature: CPUID[eax=07h,ecx=00h].EBX.hle [bit 4]
qemu-system-x86_64: warning: TCG doesn't support requested feature: CPUID[eax=07h,ecx=00h].EBX.invpcid [bit 10]
qemu-system-x86_64: warning: TCG doesn't support requested feature: CPUID[eax=07h,ecx=00h].EBX.rtm [bit 11]
qemu-system-x86_64: warning: TCG doesn't support requested feature: CPUID[eax=07h,ecx=00h].EBX.avx512f [bit 16]
qemu-system-x86_64: warning: TCG doesn't support requested feature: CPUID[eax=07h,ecx=00h].EBX.avx512dq [bit 17]
qemu-system-x86_64: warning: TCG doesn't support requested feature: CPUID[eax=07h,ecx=00h].EBX.avx512cd [bit 28]
qemu-system-x86_64: warning: TCG doesn't support requested feature: CPUID[eax=07h,ecx=00h].EBX.avx512bw [bit 30]
qemu-system-x86_64: warning: TCG doesn't support requested feature: CPUID[eax=07h,ecx=00h].EBX.avx512vl [bit 31]
qemu-system-x86_64: warning: TCG doesn't support requested feature: CPUID[eax=07h,ecx=00h].ECX.avx512vbmi [bit 1]
qemu-system-x86_64: warning: TCG doesn't support requested feature: CPUID[eax=07h,ecx=00h].ECX.avx512vbmi2 [bit 6]
qemu-system-x86_64: warning: TCG doesn't support requested feature: CPUID[eax=07h,ecx=00h].ECX.gfni [bit 8]
qemu-system-x86_64: warning: TCG doesn't support requested feature: CPUID[eax=07h,ecx=00h].ECX.vpclmulqdq [bit 10]
qemu-system-x86_64: warning: TCG doesn't support requested feature: CPUID[eax=07h,ecx=00h].ECX.avx512vnni [bit 11]
qemu-system-x86_64: warning: TCG doesn't support requested feature: CPUID[eax=07h,ecx=00h].ECX.avx512bitalg [bit 12]
qemu-system-x86_64: warning: TCG doesn't support requested feature: CPUID[eax=07h,ecx=00h].ECX.avx512-vpopcntdq [bit 14]
qemu-system-x86_64: warning: TCG doesn't support requested feature: CPUID[eax=07h,ecx=00h].EDX.spec-ctrl [bit 26]
qemu-system-x86_64: warning: TCG doesn't support requested feature: CPUID[eax=07h,ecx=00h].EDX.ssbd [bit 31]
qemu-system-x86_64: warning: TCG doesn't support requested feature: CPUID[eax=0Dh,ecx=01h].EAX.xsavec [bit 1]
virtio_set_status vdev 0x56246085deb0 val 0
virtio_set_status vdev 0x56246085deb0 val 0
pci_cfg_read mch 00:00.0 @0x2 -> 0x29c0
pci_cfg_read ICH9-LPC 00:1f.0 @0x44 -> 0x0
pci_cfg_read ICH9-LPC 00:1f.0 @0x40 -> 0x1
pci_cfg_write ICH9-LPC 00:1f.0 @0x40 <- 0x601
pci_cfg_read ICH9-LPC 00:1f.0 @0x44 -> 0x0
pci_cfg_write ICH9-LPC 00:1f.0 @0x44 <- 0x80
pci_cfg_read mch 00:00.0 @0x2 -> 0x29c0
pci_cfg_read ICH9-LPC 00:1f.0 @0x44 -> 0x80
pci_cfg_read ICH9-LPC 00:1f.0 @0x40 -> 0x601
pci_cfg_read mch 00:00.0 @0x2 -> 0x29c0
pci_cfg_read ICH9-LPC 00:1f.0 @0x44 -> 0x80
pci_cfg_read ICH9-LPC 00:1f.0 @0x40 -> 0x601
pci_cfg_read mch 00:00.0 @0x2 -> 0x29c0
pci_cfg_read ICH9-LPC 00:1f.0 @0x44 -> 0x80
pci_cfg_read ICH9-LPC 00:1f.0 @0x40 -> 0x601
pci_cfg_read mch 00:00.0 @0x2 -> 0x29c0
pci_cfg_read ICH9-LPC 00:1f.0 @0x44 -> 0x80
pci_cfg_write ICH9-LPC 00:1f.0 @0xf0 <- 0xfed1c001
pci_cfg_write mch 00:00.0 @0x60 <- 0x0
pci_cfg_write mch 00:00.0 @0x64 <- 0x0
pci_cfg_write mch 00:00.0 @0x60 <- 0xe0000001
pci_cfg_read mch 00:00.0 @0x2 -> 0x29c0
pci_cfg_read ICH9-LPC 00:1f.0 @0x44 -> 0x80
pci_cfg_read ICH9-LPC 00:1f.0 @0x40 -> 0x601
pci_cfg_read mch 00:00.0 @0x2 -> 0x29c0
pci_cfg_read ICH9-LPC 00:1f.0 @0x44 -> 0x80
pci_cfg_read ICH9-LPC 00:1f.0 @0x40 -> 0x601
pci_cfg_read mch 00:00.0 @0x2 -> 0x29c0
pci_cfg_read ICH9-LPC 00:1f.0 @0x44 -> 0x80
pci_cfg_read ICH9-LPC 00:1f.0 @0x40 -> 0x601
pci_cfg_read mch 00:00.0 @0x2 -> 0x29c0
pci_cfg_read ICH9-LPC 00:1f.0 @0x44 -> 0x80
pci_cfg_read ICH9-LPC 00:1f.0 @0x40 -> 0x601
pci_cfg_read mch 00:00.0 @0x2 -> 0x29c0
pci_cfg_read ICH9-LPC 00:1f.0 @0x44 -> 0x80
pci_cfg_read ICH9-LPC 00:1f.0 @0x40 -> 0x601
pci_cfg_read ICH9-LPC 00:1f.0 @0x40 -> 0x601
pci_cfg_read ICH9-LPC 00:1f.0 @0x40 -> 0x601
pci_cfg_read ICH9-LPC 00:1f.0 @0x40 -> 0x601
pci_cfg_read ICH9-LPC 00:1f.0 @0x40 -> 0x601
pci_cfg_read ICH9-LPC 00:1f.0 @0x40 -> 0x601
pci_cfg_read ICH9-LPC 00:1f.0 @0x40 -> 0x601
pci_cfg_read ICH9-LPC 00:1f.0 @0x40 -> 0x601
pci_cfg_read ICH9-LPC 00:1f.0 @0x40 -> 0x601
pci_cfg_read ICH9-LPC 00:1f.0 @0x40 -> 0x601
pci_cfg_read ICH9-LPC 00:1f.0 @0x40 -> 0x601
pci_cfg_read ICH9-LPC 00:1f.0 @0x40 -> 0x601
pci_cfg_read ICH9-LPC 00:1f.0 @0x40 -> 0x601
pci_cfg_read ICH9-LPC 00:1f.0 @0x40 -> 0x601
pci_cfg_read ICH9-LPC 00:1f.0 @0x40 -> 0x601
pci_cfg_read ICH9-LPC 00:1f.0 @0x40 -> 0x601
pci_cfg_read ICH9-LPC 00:1f.0 @0x40 -> 0x601
pci_cfg_read ICH9-LPC 00:1f.0 @0x40 -> 0x601
pci_cfg_read ICH9-LPC 00:1f.0 @0x40 -> 0x601
pci_cfg_read ICH9-LPC 00:1f.0 @0x40 -> 0x601
pci_cfg_read ICH9-LPC 00:1f.0 @0x40 -> 0x601
pci_cfg_read ICH9-LPC 00:1f.0 @0x40 -> 0x601
pci_cfg_read ICH9-LPC 00:1f.0 @0x40 -> 0x601
pci_cfg_read ICH9-LPC 00:1f.0 @0x40 -> 0x601
pci_cfg_read ICH9-LPC 00:1f.0 @0x40 -> 0x601
pci_cfg_read mch 00:00.0 @0x0 -> 0x29c08086
pci_cfg_read mch 00:00.0 @0x0 -> 0x29c08086
pci_cfg_read mch 00:00.0 @0x4 -> 0x0
pci_cfg_read mch 00:00.0 @0x8 -> 0x6000000
pci_cfg_read mch 00:00.0 @0xc -> 0x0
pci_cfg_read mch 00:00.0 @0x10 -> 0x0
pci_cfg_read mch 00:00.0 @0x14 -> 0x0
pci_cfg_read mch 00:00.0 @0x18 -> 0x0
pci_cfg_read mch 00:00.0 @0x1c -> 0x0
pci_cfg_read mch 00:00.0 @0x20 -> 0x0
pci_cfg_read mch 00:00.0 @0x24 -> 0x0
pci_cfg_read mch 00:00.0 @0x28 -> 0x0
pci_cfg_read mch 00:00.0 @0x2c -> 0x11001af4
pci_cfg_read mch 00:00.0 @0x30 -> 0x0
pci_cfg_read mch 00:00.0 @0x34 -> 0x0
pci_cfg_read mch 00:00.0 @0x38 -> 0x0
pci_cfg_read mch 00:00.0 @0x3c -> 0x0
pci_cfg_read piix3-ide 00:01.0 @0x0 -> 0x70108086
pci_cfg_read piix3-ide 00:01.0 @0x0 -> 0x70108086
pci_cfg_read piix3-ide 00:01.0 @0x4 -> 0x2800000
pci_cfg_read piix3-ide 00:01.0 @0x8 -> 0x1018000
pci_cfg_read piix3-ide 00:01.0 @0xc -> 0x0
pci_cfg_read piix3-ide 00:01.0 @0x10 -> 0x0
pci_cfg_read piix3-ide 00:01.0 @0x14 -> 0x0
pci_cfg_read piix3-ide 00:01.0 @0x18 -> 0x0
pci_cfg_read piix3-ide 00:01.0 @0x1c -> 0x0
pci_cfg_read piix3-ide 00:01.0 @0x20 -> 0x1
pci_cfg_read piix3-ide 00:01.0 @0x24 -> 0x0
pci_cfg_read piix3-ide 00:01.0 @0x28 -> 0x0
pci_cfg_read piix3-ide 00:01.0 @0x2c -> 0x11001af4
pci_cfg_read piix3-ide 00:01.0 @0x30 -> 0x0
pci_cfg_read piix3-ide 00:01.0 @0x34 -> 0x0
pci_cfg_read piix3-ide 00:01.0 @0x38 -> 0x0
pci_cfg_read piix3-ide 00:01.0 @0x3c -> 0x0
pci_cfg_read virtio-blk-pci 00:05.0 @0x0 -> 0x10421af4
pci_cfg_read virtio-blk-pci 00:05.0 @0x0 -> 0x10421af4
pci_cfg_read virtio-blk-pci 00:05.0 @0x4 -> 0x100000
pci_cfg_read virtio-blk-pci 00:05.0 @0x8 -> 0x1000001
pci_cfg_read virtio-blk-pci 00:05.0 @0xc -> 0x0
pci_cfg_read virtio-blk-pci 00:05.0 @0x10 -> 0x0
pci_cfg_read virtio-blk-pci 00:05.0 @0x14 -> 0x0
pci_cfg_read virtio-blk-pci 00:05.0 @0x18 -> 0x0
pci_cfg_read virtio-blk-pci 00:05.0 @0x1c -> 0x0
pci_cfg_read virtio-blk-pci 00:05.0 @0x20 -> 0xc
pci_cfg_read virtio-blk-pci 00:05.0 @0x24 -> 0x0
pci_cfg_read virtio-blk-pci 00:05.0 @0x28 -> 0x0
pci_cfg_read virtio-blk-pci 00:05.0 @0x2c -> 0x11001af4
pci_cfg_read virtio-blk-pci 00:05.0 @0x30 -> 0x0
pci_cfg_read virtio-blk-pci 00:05.0 @0x34 -> 0x84
pci_cfg_read virtio-blk-pci 00:05.0 @0x38 -> 0x0
pci_cfg_read virtio-blk-pci 00:05.0 @0x3c -> 0x100
pci_cfg_read ICH9-LPC 00:1f.0 @0x0 -> 0x29188086
pci_cfg_read ICH9-LPC 00:1f.0 @0x0 -> 0x29188086
pci_cfg_read ICH9-LPC 00:1f.0 @0x4 -> 0x0
pci_cfg_read ICH9-LPC 00:1f.0 @0x8 -> 0x6010002
pci_cfg_read ICH9-LPC 00:1f.0 @0xc -> 0x800000
pci_cfg_read ICH9-LPC 00:1f.0 @0x10 -> 0x0
pci_cfg_read ICH9-LPC 00:1f.0 @0x14 -> 0x0
pci_cfg_read ICH9-LPC 00:1f.0 @0x18 -> 0x0
pci_cfg_read ICH9-LPC 00:1f.0 @0x1c -> 0x0
pci_cfg_read ICH9-LPC 00:1f.0 @0x20 -> 0x0
pci_cfg_read ICH9-LPC 00:1f.0 @0x24 -> 0x0
pci_cfg_read ICH9-LPC 00:1f.0 @0x28 -> 0x0
pci_cfg_read ICH9-LPC 00:1f.0 @0x2c -> 0x11001af4
pci_cfg_read ICH9-LPC 00:1f.0 @0x30 -> 0x0
pci_cfg_read ICH9-LPC 00:1f.0 @0x34 -> 0x0
pci_cfg_read ICH9-LPC 00:1f.0 @0x38 -> 0x0
pci_cfg_read ICH9-LPC 00:1f.0 @0x3c -> 0x0
pci_cfg_read ich9-ahci 00:1f.2 @0x0 -> 0x29228086
pci_cfg_read ich9-ahci 00:1f.2 @0x0 -> 0x29228086
pci_cfg_read ich9-ahci 00:1f.2 @0x4 -> 0x100000
pci_cfg_read ich9-ahci 00:1f.2 @0x8 -> 0x1060102
pci_cfg_read ich9-ahci 00:1f.2 @0xc -> 0x800000
pci_cfg_read ich9-ahci 00:1f.2 @0x10 -> 0x0
pci_cfg_read ich9-ahci 00:1f.2 @0x14 -> 0x0
pci_cfg_read ich9-ahci 00:1f.2 @0x18 -> 0x0
pci_cfg_read ich9-ahci 00:1f.2 @0x1c -> 0x0
pci_cfg_read ich9-ahci 00:1f.2 @0x20 -> 0x1
pci_cfg_read ich9-ahci 00:1f.2 @0x24 -> 0x0
pci_cfg_read ich9-ahci 00:1f.2 @0x28 -> 0x0
pci_cfg_read ich9-ahci 00:1f.2 @0x2c -> 0x11001af4
pci_cfg_read ich9-ahci 00:1f.2 @0x30 -> 0x0
pci_cfg_read ich9-ahci 00:1f.2 @0x34 -> 0x80
pci_cfg_read ich9-ahci 00:1f.2 @0x38 -> 0x0
pci_cfg_read ich9-ahci 00:1f.2 @0x3c -> 0x100
pci_cfg_read ICH9-SMB 00:1f.3 @0x0 -> 0x29308086
pci_cfg_read ICH9-SMB 00:1f.3 @0x0 -> 0x29308086
pci_cfg_read ICH9-SMB 00:1f.3 @0x4 -> 0x0
pci_cfg_read ICH9-SMB 00:1f.3 @0x8 -> 0xc050002
pci_cfg_read ICH9-SMB 00:1f.3 @0xc -> 0x800000
pci_cfg_read ICH9-SMB 00:1f.3 @0x10 -> 0x0
pci_cfg_read ICH9-SMB 00:1f.3 @0x14 -> 0x0
pci_cfg_read ICH9-SMB 00:1f.3 @0x18 -> 0x0
pci_cfg_read ICH9-SMB 00:1f.3 @0x1c -> 0x0
pci_cfg_read ICH9-SMB 00:1f.3 @0x20 -> 0x1
pci_cfg_read ICH9-SMB 00:1f.3 @0x24 -> 0x0
pci_cfg_read ICH9-SMB 00:1f.3 @0x28 -> 0x0
pci_cfg_read ICH9-SMB 00:1f.3 @0x2c -> 0x11001af4
pci_cfg_read ICH9-SMB 00:1f.3 @0x30 -> 0x0
pci_cfg_read ICH9-SMB 00:1f.3 @0x34 -> 0x0
pci_cfg_read ICH9-SMB 00:1f.3 @0x38 -> 0x0
pci_cfg_read ICH9-SMB 00:1f.3 @0x3c -> 0x100
pci_cfg_read mch 00:00.0 @0x0 -> 0x29c08086
pci_cfg_read mch 00:00.0 @0x0 -> 0x29c08086
pci_cfg_read mch 00:00.0 @0x4 -> 0x0
pci_cfg_read mch 00:00.0 @0x8 -> 0x6000000
pci_cfg_read mch 00:00.0 @0xc -> 0x0
pci_cfg_read mch 00:00.0 @0x10 -> 0x0
pci_cfg_read mch 00:00.0 @0x14 -> 0x0
pci_cfg_read mch 00:00.0 @0x18 -> 0x0
pci_cfg_read mch 00:00.0 @0x1c -> 0x0
pci_cfg_read mch 00:00.0 @0x20 -> 0x0
pci_cfg_read mch 00:00.0 @0x24 -> 0x0
pci_cfg_read mch 00:00.0 @0x28 -> 0x0
pci_cfg_read mch 00:00.0 @0x2c -> 0x11001af4
pci_cfg_read mch 00:00.0 @0x30 -> 0x0
pci_cfg_read mch 00:00.0 @0x34 -> 0x0
pci_cfg_read mch 00:00.0 @0x38 -> 0x0
pci_cfg_read mch 00:00.0 @0x3c -> 0x0
pci_cfg_read mch 00:00.0 @0x4 -> 0x0
pci_cfg_write mch 00:00.0 @0x4 <- 0x0
pci_cfg_read mch 00:00.0 @0x10 -> 0x0
pci_cfg_write mch 00:00.0 @0x10 <- 0xffffffff
pci_cfg_read mch 00:00.0 @0x10 -> 0x0
pci_cfg_write mch 00:00.0 @0x10 <- 0x0
pci_cfg_read mch 00:00.0 @0x14 -> 0x0
pci_cfg_write mch 00:00.0 @0x14 <- 0xffffffff
pci_cfg_read mch 00:00.0 @0x14 -> 0x0
pci_cfg_write mch 00:00.0 @0x14 <- 0x0
pci_cfg_read mch 00:00.0 @0x18 -> 0x0
pci_cfg_write mch 00:00.0 @0x18 <- 0xffffffff
pci_cfg_read mch 00:00.0 @0x18 -> 0x0
pci_cfg_write mch 00:00.0 @0x18 <- 0x0
pci_cfg_read mch 00:00.0 @0x1c -> 0x0
pci_cfg_write mch 00:00.0 @0x1c <- 0xffffffff
pci_cfg_read mch 00:00.0 @0x1c -> 0x0
pci_cfg_write mch 00:00.0 @0x1c <- 0x0
pci_cfg_read mch 00:00.0 @0x20 -> 0x0
pci_cfg_write mch 00:00.0 @0x20 <- 0xffffffff
pci_cfg_read mch 00:00.0 @0x20 -> 0x0
pci_cfg_write mch 00:00.0 @0x20 <- 0x0
pci_cfg_read mch 00:00.0 @0x24 -> 0x0
pci_cfg_write mch 00:00.0 @0x24 <- 0xffffffff
pci_cfg_read mch 00:00.0 @0x24 -> 0x0
pci_cfg_write mch 00:00.0 @0x24 <- 0x0
pci_cfg_write mch 00:00.0 @0x30 <- 0xfffffffe
pci_cfg_read mch 00:00.0 @0x30 -> 0x0
pci_cfg_read piix3-ide 00:01.0 @0x0 -> 0x70108086
pci_cfg_read piix3-ide 00:01.0 @0x0 -> 0x70108086
pci_cfg_read piix3-ide 00:01.0 @0x4 -> 0x2800000
pci_cfg_read piix3-ide 00:01.0 @0x8 -> 0x1018000
pci_cfg_read piix3-ide 00:01.0 @0xc -> 0x0
pci_cfg_read piix3-ide 00:01.0 @0x10 -> 0x0
pci_cfg_read piix3-ide 00:01.0 @0x14 -> 0x0
pci_cfg_read piix3-ide 00:01.0 @0x18 -> 0x0
pci_cfg_read piix3-ide 00:01.0 @0x1c -> 0x0
pci_cfg_read piix3-ide 00:01.0 @0x20 -> 0x1
pci_cfg_read piix3-ide 00:01.0 @0x24 -> 0x0
pci_cfg_read piix3-ide 00:01.0 @0x28 -> 0x0
pci_cfg_read piix3-ide 00:01.0 @0x2c -> 0x11001af4
pci_cfg_read piix3-ide 00:01.0 @0x30 -> 0x0
pci_cfg_read piix3-ide 00:01.0 @0x34 -> 0x0
pci_cfg_read piix3-ide 00:01.0 @0x38 -> 0x0
pci_cfg_read piix3-ide 00:01.0 @0x3c -> 0x0
pci_cfg_read piix3-ide 00:01.0 @0x4 -> 0x0
pci_cfg_write piix3-ide 00:01.0 @0x4 <- 0x0
pci_cfg_read piix3-ide 00:01.0 @0x10 -> 0x0
pci_cfg_write piix3-ide 00:01.0 @0x10 <- 0xffffffff
pci_cfg_read piix3-ide 00:01.0 @0x10 -> 0x0
pci_cfg_write piix3-ide 00:01.0 @0x10 <- 0x0
pci_cfg_read piix3-ide 00:01.0 @0x14 -> 0x0
pci_cfg_write piix3-ide 00:01.0 @0x14 <- 0xffffffff
pci_cfg_read piix3-ide 00:01.0 @0x14 -> 0x0
pci_cfg_write piix3-ide 00:01.0 @0x14 <- 0x0
pci_cfg_read piix3-ide 00:01.0 @0x18 -> 0x0
pci_cfg_write piix3-ide 00:01.0 @0x18 <- 0xffffffff
pci_cfg_read piix3-ide 00:01.0 @0x18 -> 0x0
pci_cfg_write piix3-ide 00:01.0 @0x18 <- 0x0
pci_cfg_read piix3-ide 00:01.0 @0x1c -> 0x0
pci_cfg_write piix3-ide 00:01.0 @0x1c <- 0xffffffff
pci_cfg_read piix3-ide 00:01.0 @0x1c -> 0x0
pci_cfg_write piix3-ide 00:01.0 @0x1c <- 0x0
pci_cfg_read piix3-ide 00:01.0 @0x20 -> 0x1
pci_cfg_write piix3-ide 00:01.0 @0x20 <- 0xffffffff
pci_cfg_read piix3-ide 00:01.0 @0x20 -> 0xfffffff1
pci_cfg_write piix3-ide 00:01.0 @0x20 <- 0x1
pci_cfg_read piix3-ide 00:01.0 @0x24 -> 0x0
pci_cfg_write piix3-ide 00:01.0 @0x24 <- 0xffffffff
pci_cfg_read piix3-ide 00:01.0 @0x24 -> 0x0
pci_cfg_write piix3-ide 00:01.0 @0x24 <- 0x0
pci_cfg_write piix3-ide 00:01.0 @0x30 <- 0xfffffffe
pci_cfg_read piix3-ide 00:01.0 @0x30 -> 0x0
pci_cfg_read virtio-blk-pci 00:05.0 @0x0 -> 0x10421af4
pci_cfg_read virtio-blk-pci 00:05.0 @0x0 -> 0x10421af4
pci_cfg_read virtio-blk-pci 00:05.0 @0x4 -> 0x100000
pci_cfg_read virtio-blk-pci 00:05.0 @0x8 -> 0x1000001
pci_cfg_read virtio-blk-pci 00:05.0 @0xc -> 0x0
pci_cfg_read virtio-blk-pci 00:05.0 @0x10 -> 0x0
pci_cfg_read virtio-blk-pci 00:05.0 @0x14 -> 0x0
pci_cfg_read virtio-blk-pci 00:05.0 @0x18 -> 0x0
pci_cfg_read virtio-blk-pci 00:05.0 @0x1c -> 0x0
pci_cfg_read virtio-blk-pci 00:05.0 @0x20 -> 0xc
pci_cfg_read virtio-blk-pci 00:05.0 @0x24 -> 0x0
pci_cfg_read virtio-blk-pci 00:05.0 @0x28 -> 0x0
pci_cfg_read virtio-blk-pci 00:05.0 @0x2c -> 0x11001af4
pci_cfg_read virtio-blk-pci 00:05.0 @0x30 -> 0x0
pci_cfg_read virtio-blk-pci 00:05.0 @0x34 -> 0x84
pci_cfg_read virtio-blk-pci 00:05.0 @0x38 -> 0x0
pci_cfg_read virtio-blk-pci 00:05.0 @0x3c -> 0x100
pci_cfg_read virtio-blk-pci 00:05.0 @0x34 -> 0x84
pci_cfg_read virtio-blk-pci 00:05.0 @0x84 -> 0x7009
pci_cfg_read virtio-blk-pci 00:05.0 @0x70 -> 0x6009
pci_cfg_read virtio-blk-pci 00:05.0 @0x60 -> 0x5009
pci_cfg_read virtio-blk-pci 00:05.0 @0x50 -> 0x4009
pci_cfg_read virtio-blk-pci 00:05.0 @0x40 -> 0x9
pci_cfg_read virtio-blk-pci 00:05.0 @0x4 -> 0x0
pci_cfg_write virtio-blk-pci 00:05.0 @0x4 <- 0x0
virtio_set_status vdev 0x56246085deb0 val 0
pci_cfg_read virtio-blk-pci 00:05.0 @0x10 -> 0x0
pci_cfg_write virtio-blk-pci 00:05.0 @0x10 <- 0xffffffff
pci_cfg_read virtio-blk-pci 00:05.0 @0x10 -> 0x0
pci_cfg_write virtio-blk-pci 00:05.0 @0x10 <- 0x0
pci_cfg_read virtio-blk-pci 00:05.0 @0x14 -> 0x0
pci_cfg_write virtio-blk-pci 00:05.0 @0x14 <- 0xffffffff
pci_cfg_read virtio-blk-pci 00:05.0 @0x14 -> 0x0
pci_cfg_write virtio-blk-pci 00:05.0 @0x14 <- 0x0
pci_cfg_read virtio-blk-pci 00:05.0 @0x18 -> 0x0
pci_cfg_write virtio-blk-pci 00:05.0 @0x18 <- 0xffffffff
pci_cfg_read virtio-blk-pci 00:05.0 @0x18 -> 0x0
pci_cfg_write virtio-blk-pci 00:05.0 @0x18 <- 0x0
pci_cfg_read virtio-blk-pci 00:05.0 @0x1c -> 0x0
pci_cfg_write virtio-blk-pci 00:05.0 @0x1c <- 0xffffffff
pci_cfg_read virtio-blk-pci 00:05.0 @0x1c -> 0x0
pci_cfg_write virtio-blk-pci 00:05.0 @0x1c <- 0x0
pci_cfg_read virtio-blk-pci 00:05.0 @0x20 -> 0xc
pci_cfg_write virtio-blk-pci 00:05.0 @0x20 <- 0xffffffff
pci_cfg_read virtio-blk-pci 00:05.0 @0x20 -> 0xffffc00c
pci_cfg_write virtio-blk-pci 00:05.0 @0x20 <- 0xc
pci_cfg_read virtio-blk-pci 00:05.0 @0x24 -> 0x0
pci_cfg_write virtio-blk-pci 00:05.0 @0x24 <- 0xffffffff
pci_cfg_read virtio-blk-pci 00:05.0 @0x24 -> 0xffffffff
pci_cfg_write virtio-blk-pci 00:05.0 @0x24 <- 0x0
pci_cfg_write virtio-blk-pci 00:05.0 @0x30 <- 0xfffffffe
pci_cfg_read virtio-blk-pci 00:05.0 @0x30 -> 0x0
pci_cfg_read virtio-blk-pci 00:05.0 @0x34 -> 0x84
pci_cfg_read virtio-blk-pci 00:05.0 @0x84 -> 0x7009
pci_cfg_read virtio-blk-pci 00:05.0 @0x70 -> 0x6009
pci_cfg_read virtio-blk-pci 00:05.0 @0x60 -> 0x5009
pci_cfg_read virtio-blk-pci 00:05.0 @0x50 -> 0x4009
pci_cfg_read virtio-blk-pci 00:05.0 @0x40 -> 0x9
pci_cfg_read ICH9-LPC 00:1f.0 @0x0 -> 0x29188086
pci_cfg_read ICH9-LPC 00:1f.0 @0x0 -> 0x29188086
pci_cfg_read ICH9-LPC 00:1f.0 @0x4 -> 0x0
pci_cfg_read ICH9-LPC 00:1f.0 @0x8 -> 0x6010002
pci_cfg_read ICH9-LPC 00:1f.0 @0xc -> 0x800000
pci_cfg_read ICH9-LPC 00:1f.0 @0x10 -> 0x0
pci_cfg_read ICH9-LPC 00:1f.0 @0x14 -> 0x0
pci_cfg_read ICH9-LPC 00:1f.0 @0x18 -> 0x0
pci_cfg_read ICH9-LPC 00:1f.0 @0x1c -> 0x0
pci_cfg_read ICH9-LPC 00:1f.0 @0x20 -> 0x0
pci_cfg_read ICH9-LPC 00:1f.0 @0x24 -> 0x0
pci_cfg_read ICH9-LPC 00:1f.0 @0x28 -> 0x0
pci_cfg_read ICH9-LPC 00:1f.0 @0x2c -> 0x11001af4
pci_cfg_read ICH9-LPC 00:1f.0 @0x30 -> 0x0
pci_cfg_read ICH9-LPC 00:1f.0 @0x34 -> 0x0
pci_cfg_read ICH9-LPC 00:1f.0 @0x38 -> 0x0
pci_cfg_read ICH9-LPC 00:1f.0 @0x3c -> 0x0
pci_cfg_read ICH9-LPC 00:1f.0 @0x4 -> 0x0
pci_cfg_write ICH9-LPC 00:1f.0 @0x4 <- 0x0
pci_cfg_read ICH9-LPC 00:1f.0 @0x10 -> 0x0
pci_cfg_write ICH9-LPC 00:1f.0 @0x10 <- 0xffffffff
pci_cfg_read ICH9-LPC 00:1f.0 @0x10 -> 0x0
pci_cfg_write ICH9-LPC 00:1f.0 @0x10 <- 0x0
pci_cfg_read ICH9-LPC 00:1f.0 @0x14 -> 0x0
pci_cfg_write ICH9-LPC 00:1f.0 @0x14 <- 0xffffffff
pci_cfg_read ICH9-LPC 00:1f.0 @0x14 -> 0x0
pci_cfg_write ICH9-LPC 00:1f.0 @0x14 <- 0x0
pci_cfg_read ICH9-LPC 00:1f.0 @0x18 -> 0x0
pci_cfg_write ICH9-LPC 00:1f.0 @0x18 <- 0xffffffff
pci_cfg_read ICH9-LPC 00:1f.0 @0x18 -> 0x0
pci_cfg_write ICH9-LPC 00:1f.0 @0x18 <- 0x0
pci_cfg_read ICH9-LPC 00:1f.0 @0x1c -> 0x0
pci_cfg_write ICH9-LPC 00:1f.0 @0x1c <- 0xffffffff
pci_cfg_read ICH9-LPC 00:1f.0 @0x1c -> 0x0
pci_cfg_write ICH9-LPC 00:1f.0 @0x1c <- 0x0
pci_cfg_read ICH9-LPC 00:1f.0 @0x20 -> 0x0
pci_cfg_write ICH9-LPC 00:1f.0 @0x20 <- 0xffffffff
pci_cfg_read ICH9-LPC 00:1f.0 @0x20 -> 0x0
pci_cfg_write ICH9-LPC 00:1f.0 @0x20 <- 0x0
pci_cfg_read ICH9-LPC 00:1f.0 @0x24 -> 0x0
pci_cfg_write ICH9-LPC 00:1f.0 @0x24 <- 0xffffffff
pci_cfg_read ICH9-LPC 00:1f.0 @0x24 -> 0x0
pci_cfg_write ICH9-LPC 00:1f.0 @0x24 <- 0x0
pci_cfg_write ICH9-LPC 00:1f.0 @0x30 <- 0xfffffffe
pci_cfg_read ICH9-LPC 00:1f.0 @0x30 -> 0x0
pci_cfg_read ich9-ahci 00:1f.2 @0x0 -> 0x29228086
pci_cfg_read ich9-ahci 00:1f.2 @0x0 -> 0x29228086
pci_cfg_read ich9-ahci 00:1f.2 @0x4 -> 0x100000
pci_cfg_read ich9-ahci 00:1f.2 @0x8 -> 0x1060102
pci_cfg_read ich9-ahci 00:1f.2 @0xc -> 0x800000
pci_cfg_read ich9-ahci 00:1f.2 @0x10 -> 0x0
pci_cfg_read ich9-ahci 00:1f.2 @0x14 -> 0x0
pci_cfg_read ich9-ahci 00:1f.2 @0x18 -> 0x0
pci_cfg_read ich9-ahci 00:1f.2 @0x1c -> 0x0
pci_cfg_read ich9-ahci 00:1f.2 @0x20 -> 0x1
pci_cfg_read ich9-ahci 00:1f.2 @0x24 -> 0x0
pci_cfg_read ich9-ahci 00:1f.2 @0x28 -> 0x0
pci_cfg_read ich9-ahci 00:1f.2 @0x2c -> 0x11001af4
pci_cfg_read ich9-ahci 00:1f.2 @0x30 -> 0x0
pci_cfg_read ich9-ahci 00:1f.2 @0x34 -> 0x80
pci_cfg_read ich9-ahci 00:1f.2 @0x38 -> 0x0
pci_cfg_read ich9-ahci 00:1f.2 @0x3c -> 0x100
pci_cfg_read ich9-ahci 00:1f.2 @0x34 -> 0x80
pci_cfg_read ich9-ahci 00:1f.2 @0x80 -> 0xa805
pci_cfg_read ich9-ahci 00:1f.2 @0xa8 -> 0x12
pci_cfg_read ich9-ahci 00:1f.2 @0x4 -> 0x0
pci_cfg_write ich9-ahci 00:1f.2 @0x4 <- 0x0
pci_cfg_read ich9-ahci 00:1f.2 @0x10 -> 0x0
pci_cfg_write ich9-ahci 00:1f.2 @0x10 <- 0xffffffff
pci_cfg_read ich9-ahci 00:1f.2 @0x10 -> 0x0
pci_cfg_write ich9-ahci 00:1f.2 @0x10 <- 0x0
pci_cfg_read ich9-ahci 00:1f.2 @0x14 -> 0x0
pci_cfg_write ich9-ahci 00:1f.2 @0x14 <- 0xffffffff
pci_cfg_read ich9-ahci 00:1f.2 @0x14 -> 0x0
pci_cfg_write ich9-ahci 00:1f.2 @0x14 <- 0x0
pci_cfg_read ich9-ahci 00:1f.2 @0x18 -> 0x0
pci_cfg_write ich9-ahci 00:1f.2 @0x18 <- 0xffffffff
pci_cfg_read ich9-ahci 00:1f.2 @0x18 -> 0x0
pci_cfg_write ich9-ahci 00:1f.2 @0x18 <- 0x0
pci_cfg_read ich9-ahci 00:1f.2 @0x1c -> 0x0
pci_cfg_write ich9-ahci 00:1f.2 @0x1c <- 0xffffffff
pci_cfg_read ich9-ahci 00:1f.2 @0x1c -> 0x0
pci_cfg_write ich9-ahci 00:1f.2 @0x1c <- 0x0
pci_cfg_read ich9-ahci 00:1f.2 @0x20 -> 0x1
pci_cfg_write ich9-ahci 00:1f.2 @0x20 <- 0xffffffff
pci_cfg_read ich9-ahci 00:1f.2 @0x20 -> 0xffffffe1
pci_cfg_write ich9-ahci 00:1f.2 @0x20 <- 0x1
pci_cfg_read ich9-ahci 00:1f.2 @0x24 -> 0x0
pci_cfg_write ich9-ahci 00:1f.2 @0x24 <- 0xffffffff
pci_cfg_read ich9-ahci 00:1f.2 @0x24 -> 0xfffff000
pci_cfg_write ich9-ahci 00:1f.2 @0x24 <- 0x0
pci_cfg_write ich9-ahci 00:1f.2 @0x30 <- 0xfffffffe
pci_cfg_read ich9-ahci 00:1f.2 @0x30 -> 0x0
pci_cfg_read ich9-ahci 00:1f.2 @0x34 -> 0x80
pci_cfg_read ich9-ahci 00:1f.2 @0x80 -> 0xa805
pci_cfg_read ich9-ahci 00:1f.2 @0xa8 -> 0x12
pci_cfg_read ICH9-SMB 00:1f.3 @0x0 -> 0x29308086
pci_cfg_read ICH9-SMB 00:1f.3 @0x0 -> 0x29308086
pci_cfg_read ICH9-SMB 00:1f.3 @0x4 -> 0x0
pci_cfg_read ICH9-SMB 00:1f.3 @0x8 -> 0xc050002
pci_cfg_read ICH9-SMB 00:1f.3 @0xc -> 0x800000
pci_cfg_read ICH9-SMB 00:1f.3 @0x10 -> 0x0
pci_cfg_read ICH9-SMB 00:1f.3 @0x14 -> 0x0
pci_cfg_read ICH9-SMB 00:1f.3 @0x18 -> 0x0
pci_cfg_read ICH9-SMB 00:1f.3 @0x1c -> 0x0
pci_cfg_read ICH9-SMB 00:1f.3 @0x20 -> 0x1
pci_cfg_read ICH9-SMB 00:1f.3 @0x24 -> 0x0
pci_cfg_read ICH9-SMB 00:1f.3 @0x28 -> 0x0
pci_cfg_read ICH9-SMB 00:1f.3 @0x2c -> 0x11001af4
pci_cfg_read ICH9-SMB 00:1f.3 @0x30 -> 0x0
pci_cfg_read ICH9-SMB 00:1f.3 @0x34 -> 0x0
pci_cfg_read ICH9-SMB 00:1f.3 @0x38 -> 0x0
pci_cfg_read ICH9-SMB 00:1f.3 @0x3c -> 0x100
pci_cfg_read ICH9-SMB 00:1f.3 @0x4 -> 0x0
pci_cfg_write ICH9-SMB 00:1f.3 @0x4 <- 0x0
pci_cfg_read ICH9-SMB 00:1f.3 @0x10 -> 0x0
pci_cfg_write ICH9-SMB 00:1f.3 @0x10 <- 0xffffffff
pci_cfg_read ICH9-SMB 00:1f.3 @0x10 -> 0x0
pci_cfg_write ICH9-SMB 00:1f.3 @0x10 <- 0x0
pci_cfg_read ICH9-SMB 00:1f.3 @0x14 -> 0x0
pci_cfg_write ICH9-SMB 00:1f.3 @0x14 <- 0xffffffff
pci_cfg_read ICH9-SMB 00:1f.3 @0x14 -> 0x0
pci_cfg_write ICH9-SMB 00:1f.3 @0x14 <- 0x0
pci_cfg_read ICH9-SMB 00:1f.3 @0x18 -> 0x0
pci_cfg_write ICH9-SMB 00:1f.3 @0x18 <- 0xffffffff
pci_cfg_read ICH9-SMB 00:1f.3 @0x18 -> 0x0
pci_cfg_write ICH9-SMB 00:1f.3 @0x18 <- 0x0
pci_cfg_read ICH9-SMB 00:1f.3 @0x1c -> 0x0
pci_cfg_write ICH9-SMB 00:1f.3 @0x1c <- 0xffffffff
pci_cfg_read ICH9-SMB 00:1f.3 @0x1c -> 0x0
pci_cfg_write ICH9-SMB 00:1f.3 @0x1c <- 0x0
pci_cfg_read ICH9-SMB 00:1f.3 @0x20 -> 0x1
pci_cfg_write ICH9-SMB 00:1f.3 @0x20 <- 0xffffffff
pci_cfg_read ICH9-SMB 00:1f.3 @0x20 -> 0xffffffc1
pci_cfg_write ICH9-SMB 00:1f.3 @0x20 <- 0x1
pci_cfg_read ICH9-SMB 00:1f.3 @0x24 -> 0x0
pci_cfg_write ICH9-SMB 00:1f.3 @0x24 <- 0xffffffff
pci_cfg_read ICH9-SMB 00:1f.3 @0x24 -> 0x0
pci_cfg_write ICH9-SMB 00:1f.3 @0x24 <- 0x0
pci_cfg_write ICH9-SMB 00:1f.3 @0x30 <- 0xfffffffe
pci_cfg_read ICH9-SMB 00:1f.3 @0x30 -> 0x0
pci_cfg_read mch 00:00.0 @0x0 -> 0x29c08086
pci_cfg_read mch 00:00.0 @0x0 -> 0x29c08086
pci_cfg_read mch 00:00.0 @0x4 -> 0x0
pci_cfg_read mch 00:00.0 @0x8 -> 0x6000000
pci_cfg_read mch 00:00.0 @0xc -> 0x0
pci_cfg_read mch 00:00.0 @0x10 -> 0x0
pci_cfg_read mch 00:00.0 @0x14 -> 0x0
pci_cfg_read mch 00:00.0 @0x18 -> 0x0
pci_cfg_read mch 00:00.0 @0x1c -> 0x0
pci_cfg_read mch 00:00.0 @0x20 -> 0x0
pci_cfg_read mch 00:00.0 @0x24 -> 0x0
pci_cfg_read mch 00:00.0 @0x28 -> 0x0
pci_cfg_read mch 00:00.0 @0x2c -> 0x11001af4
pci_cfg_read mch 00:00.0 @0x30 -> 0x0
pci_cfg_read mch 00:00.0 @0x34 -> 0x0
pci_cfg_read mch 00:00.0 @0x38 -> 0x0
pci_cfg_read mch 00:00.0 @0x3c -> 0x0
pci_cfg_read piix3-ide 00:01.0 @0x0 -> 0x70108086
pci_cfg_read piix3-ide 00:01.0 @0x0 -> 0x70108086
pci_cfg_read piix3-ide 00:01.0 @0x4 -> 0x2800000
pci_cfg_read piix3-ide 00:01.0 @0x8 -> 0x1018000
pci_cfg_read piix3-ide 00:01.0 @0xc -> 0x0
pci_cfg_read piix3-ide 00:01.0 @0x10 -> 0x0
pci_cfg_read piix3-ide 00:01.0 @0x14 -> 0x0
pci_cfg_read piix3-ide 00:01.0 @0x18 -> 0x0
pci_cfg_read piix3-ide 00:01.0 @0x1c -> 0x0
pci_cfg_read piix3-ide 00:01.0 @0x20 -> 0x1
pci_cfg_read piix3-ide 00:01.0 @0x24 -> 0x0
pci_cfg_read piix3-ide 00:01.0 @0x28 -> 0x0
pci_cfg_read piix3-ide 00:01.0 @0x2c -> 0x11001af4
pci_cfg_read piix3-ide 00:01.0 @0x30 -> 0x0
pci_cfg_read piix3-ide 00:01.0 @0x34 -> 0x0
pci_cfg_read piix3-ide 00:01.0 @0x38 -> 0x0
pci_cfg_read piix3-ide 00:01.0 @0x3c -> 0x0
pci_cfg_read virtio-blk-pci 00:05.0 @0x0 -> 0x10421af4
pci_cfg_read virtio-blk-pci 00:05.0 @0x0 -> 0x10421af4
pci_cfg_read virtio-blk-pci 00:05.0 @0x4 -> 0x100000
pci_cfg_read virtio-blk-pci 00:05.0 @0x8 -> 0x1000001
pci_cfg_read virtio-blk-pci 00:05.0 @0xc -> 0x0
pci_cfg_read virtio-blk-pci 00:05.0 @0x10 -> 0x0
pci_cfg_read virtio-blk-pci 00:05.0 @0x14 -> 0x0
pci_cfg_read virtio-blk-pci 00:05.0 @0x18 -> 0x0
pci_cfg_read virtio-blk-pci 00:05.0 @0x1c -> 0x0
pci_cfg_read virtio-blk-pci 00:05.0 @0x20 -> 0xc
pci_cfg_read virtio-blk-pci 00:05.0 @0x24 -> 0x0
pci_cfg_read virtio-blk-pci 00:05.0 @0x28 -> 0x0
pci_cfg_read virtio-blk-pci 00:05.0 @0x2c -> 0x11001af4
pci_cfg_read virtio-blk-pci 00:05.0 @0x30 -> 0x0
pci_cfg_read virtio-blk-pci 00:05.0 @0x34 -> 0x84
pci_cfg_read virtio-blk-pci 00:05.0 @0x38 -> 0x0
pci_cfg_read virtio-blk-pci 00:05.0 @0x3c -> 0x100
pci_cfg_read ICH9-LPC 00:1f.0 @0x0 -> 0x29188086
pci_cfg_read ICH9-LPC 00:1f.0 @0x0 -> 0x29188086
pci_cfg_read ICH9-LPC 00:1f.0 @0x4 -> 0x0
pci_cfg_read ICH9-LPC 00:1f.0 @0x8 -> 0x6010002
pci_cfg_read ICH9-LPC 00:1f.0 @0xc -> 0x800000
pci_cfg_read ICH9-LPC 00:1f.0 @0x10 -> 0x0
pci_cfg_read ICH9-LPC 00:1f.0 @0x14 -> 0x0
pci_cfg_read ICH9-LPC 00:1f.0 @0x18 -> 0x0
pci_cfg_read ICH9-LPC 00:1f.0 @0x1c -> 0x0
pci_cfg_read ICH9-LPC 00:1f.0 @0x20 -> 0x0
pci_cfg_read ICH9-LPC 00:1f.0 @0x24 -> 0x0
pci_cfg_read ICH9-LPC 00:1f.0 @0x28 -> 0x0
pci_cfg_read ICH9-LPC 00:1f.0 @0x2c -> 0x11001af4
pci_cfg_read ICH9-LPC 00:1f.0 @0x30 -> 0x0
pci_cfg_read ICH9-LPC 00:1f.0 @0x34 -> 0x0
pci_cfg_read ICH9-LPC 00:1f.0 @0x38 -> 0x0
pci_cfg_read ICH9-LPC 00:1f.0 @0x3c -> 0x0
pci_cfg_read ich9-ahci 00:1f.2 @0x0 -> 0x29228086
pci_cfg_read ich9-ahci 00:1f.2 @0x0 -> 0x29228086
pci_cfg_read ich9-ahci 00:1f.2 @0x4 -> 0x100000
pci_cfg_read ich9-ahci 00:1f.2 @0x8 -> 0x1060102
pci_cfg_read ich9-ahci 00:1f.2 @0xc -> 0x800000
pci_cfg_read ich9-ahci 00:1f.2 @0x10 -> 0x0
pci_cfg_read ich9-ahci 00:1f.2 @0x14 -> 0x0
pci_cfg_read ich9-ahci 00:1f.2 @0x18 -> 0x0
pci_cfg_read ich9-ahci 00:1f.2 @0x1c -> 0x0
pci_cfg_read ich9-ahci 00:1f.2 @0x20 -> 0x1
pci_cfg_read ich9-ahci 00:1f.2 @0x24 -> 0x0
pci_cfg_read ich9-ahci 00:1f.2 @0x28 -> 0x0
pci_cfg_read ich9-ahci 00:1f.2 @0x2c -> 0x11001af4
pci_cfg_read ich9-ahci 00:1f.2 @0x30 -> 0x0
pci_cfg_read ich9-ahci 00:1f.2 @0x34 -> 0x80
pci_cfg_read ich9-ahci 00:1f.2 @0x38 -> 0x0
pci_cfg_read ich9-ahci 00:1f.2 @0x3c -> 0x100
pci_cfg_read ICH9-SMB 00:1f.3 @0x0 -> 0x29308086
pci_cfg_read ICH9-SMB 00:1f.3 @0x0 -> 0x29308086
pci_cfg_read ICH9-SMB 00:1f.3 @0x4 -> 0x0
pci_cfg_read ICH9-SMB 00:1f.3 @0x8 -> 0xc050002
pci_cfg_read ICH9-SMB 00:1f.3 @0xc -> 0x800000
pci_cfg_read ICH9-SMB 00:1f.3 @0x10 -> 0x0
pci_cfg_read ICH9-SMB 00:1f.3 @0x14 -> 0x0
pci_cfg_read ICH9-SMB 00:1f.3 @0x18 -> 0x0
pci_cfg_read ICH9-SMB 00:1f.3 @0x1c -> 0x0
pci_cfg_read ICH9-SMB 00:1f.3 @0x20 -> 0x1
pci_cfg_read ICH9-SMB 00:1f.3 @0x24 -> 0x0
pci_cfg_read ICH9-SMB 00:1f.3 @0x28 -> 0x0
pci_cfg_read ICH9-SMB 00:1f.3 @0x2c -> 0x11001af4
pci_cfg_read ICH9-SMB 00:1f.3 @0x30 -> 0x0
pci_cfg_read ICH9-SMB 00:1f.3 @0x34 -> 0x0
pci_cfg_read ICH9-SMB 00:1f.3 @0x38 -> 0x0
pci_cfg_read ICH9-SMB 00:1f.3 @0x3c -> 0x100
pci_cfg_read mch 00:00.0 @0x0 -> 0x29c08086
pci_cfg_read mch 00:00.0 @0x0 -> 0x29c08086
pci_cfg_read mch 00:00.0 @0x4 -> 0x0
pci_cfg_read mch 00:00.0 @0x8 -> 0x6000000
pci_cfg_read mch 00:00.0 @0xc -> 0x0
pci_cfg_read mch 00:00.0 @0x10 -> 0x0
pci_cfg_read mch 00:00.0 @0x14 -> 0x0
pci_cfg_read mch 00:00.0 @0x18 -> 0x0
pci_cfg_read mch 00:00.0 @0x1c -> 0x0
pci_cfg_read mch 00:00.0 @0x20 -> 0x0
pci_cfg_read mch 00:00.0 @0x24 -> 0x0
pci_cfg_read mch 00:00.0 @0x28 -> 0x0
pci_cfg_read mch 00:00.0 @0x2c -> 0x11001af4
pci_cfg_read mch 00:00.0 @0x30 -> 0x0
pci_cfg_read mch 00:00.0 @0x34 -> 0x0
pci_cfg_read mch 00:00.0 @0x38 -> 0x0
pci_cfg_read mch 00:00.0 @0x3c -> 0x0
pci_cfg_read piix3-ide 00:01.0 @0x0 -> 0x70108086
pci_cfg_read piix3-ide 00:01.0 @0x0 -> 0x70108086
pci_cfg_read piix3-ide 00:01.0 @0x4 -> 0x2800000
pci_cfg_read piix3-ide 00:01.0 @0x8 -> 0x1018000
pci_cfg_read piix3-ide 00:01.0 @0xc -> 0x0
pci_cfg_read piix3-ide 00:01.0 @0x10 -> 0x0
pci_cfg_read piix3-ide 00:01.0 @0x14 -> 0x0
pci_cfg_read piix3-ide 00:01.0 @0x18 -> 0x0
pci_cfg_read piix3-ide 00:01.0 @0x1c -> 0x0
pci_cfg_read piix3-ide 00:01.0 @0x20 -> 0x1
pci_cfg_read piix3-ide 00:01.0 @0x24 -> 0x0
pci_cfg_read piix3-ide 00:01.0 @0x28 -> 0x0
pci_cfg_read piix3-ide 00:01.0 @0x2c -> 0x11001af4
pci_cfg_read piix3-ide 00:01.0 @0x30 -> 0x0
pci_cfg_read piix3-ide 00:01.0 @0x34 -> 0x0
pci_cfg_read piix3-ide 00:01.0 @0x38 -> 0x0
pci_cfg_read piix3-ide 00:01.0 @0x3c -> 0x0
pci_cfg_read virtio-blk-pci 00:05.0 @0x0 -> 0x10421af4
pci_cfg_read virtio-blk-pci 00:05.0 @0x0 -> 0x10421af4
pci_cfg_read virtio-blk-pci 00:05.0 @0x4 -> 0x100000
pci_cfg_read virtio-blk-pci 00:05.0 @0x8 -> 0x1000001
pci_cfg_read virtio-blk-pci 00:05.0 @0xc -> 0x0
pci_cfg_read virtio-blk-pci 00:05.0 @0x10 -> 0x0
pci_cfg_read virtio-blk-pci 00:05.0 @0x14 -> 0x0
pci_cfg_read virtio-blk-pci 00:05.0 @0x18 -> 0x0
pci_cfg_read virtio-blk-pci 00:05.0 @0x1c -> 0x0
pci_cfg_read virtio-blk-pci 00:05.0 @0x20 -> 0xc
pci_cfg_read virtio-blk-pci 00:05.0 @0x24 -> 0x0
pci_cfg_read virtio-blk-pci 00:05.0 @0x28 -> 0x0
pci_cfg_read virtio-blk-pci 00:05.0 @0x2c -> 0x11001af4
pci_cfg_read virtio-blk-pci 00:05.0 @0x30 -> 0x0
pci_cfg_read virtio-blk-pci 00:05.0 @0x34 -> 0x84
pci_cfg_read virtio-blk-pci 00:05.0 @0x38 -> 0x0
pci_cfg_read virtio-blk-pci 00:05.0 @0x3c -> 0x100
pci_cfg_read ICH9-LPC 00:1f.0 @0x0 -> 0x29188086
pci_cfg_read ICH9-LPC 00:1f.0 @0x0 -> 0x29188086
pci_cfg_read ICH9-LPC 00:1f.0 @0x4 -> 0x0
pci_cfg_read ICH9-LPC 00:1f.0 @0x8 -> 0x6010002
pci_cfg_read ICH9-LPC 00:1f.0 @0xc -> 0x800000
pci_cfg_read ICH9-LPC 00:1f.0 @0x10 -> 0x0
pci_cfg_read ICH9-LPC 00:1f.0 @0x14 -> 0x0
pci_cfg_read ICH9-LPC 00:1f.0 @0x18 -> 0x0
pci_cfg_read ICH9-LPC 00:1f.0 @0x1c -> 0x0
pci_cfg_read ICH9-LPC 00:1f.0 @0x20 -> 0x0
pci_cfg_read ICH9-LPC 00:1f.0 @0x24 -> 0x0
pci_cfg_read ICH9-LPC 00:1f.0 @0x28 -> 0x0
pci_cfg_read ICH9-LPC 00:1f.0 @0x2c -> 0x11001af4
pci_cfg_read ICH9-LPC 00:1f.0 @0x30 -> 0x0
pci_cfg_read ICH9-LPC 00:1f.0 @0x34 -> 0x0
pci_cfg_read ICH9-LPC 00:1f.0 @0x38 -> 0x0
pci_cfg_read ICH9-LPC 00:1f.0 @0x3c -> 0x0
pci_cfg_read ich9-ahci 00:1f.2 @0x0 -> 0x29228086
pci_cfg_read ich9-ahci 00:1f.2 @0x0 -> 0x29228086
pci_cfg_read ich9-ahci 00:1f.2 @0x4 -> 0x100000
pci_cfg_read ich9-ahci 00:1f.2 @0x8 -> 0x1060102
pci_cfg_read ich9-ahci 00:1f.2 @0xc -> 0x800000
pci_cfg_read ich9-ahci 00:1f.2 @0x10 -> 0x0
pci_cfg_read ich9-ahci 00:1f.2 @0x14 -> 0x0
pci_cfg_read ich9-ahci 00:1f.2 @0x18 -> 0x0
pci_cfg_read ich9-ahci 00:1f.2 @0x1c -> 0x0
pci_cfg_read ich9-ahci 00:1f.2 @0x20 -> 0x1
pci_cfg_read ich9-ahci 00:1f.2 @0x24 -> 0x0
pci_cfg_read ich9-ahci 00:1f.2 @0x28 -> 0x0
pci_cfg_read ich9-ahci 00:1f.2 @0x2c -> 0x11001af4
pci_cfg_read ich9-ahci 00:1f.2 @0x30 -> 0x0
pci_cfg_read ich9-ahci 00:1f.2 @0x34 -> 0x80
pci_cfg_read ich9-ahci 00:1f.2 @0x38 -> 0x0
pci_cfg_read ich9-ahci 00:1f.2 @0x3c -> 0x100
pci_cfg_read ICH9-SMB 00:1f.3 @0x0 -> 0x29308086
pci_cfg_read ICH9-SMB 00:1f.3 @0x0 -> 0x29308086
pci_cfg_read ICH9-SMB 00:1f.3 @0x4 -> 0x0
pci_cfg_read ICH9-SMB 00:1f.3 @0x8 -> 0xc050002
pci_cfg_read ICH9-SMB 00:1f.3 @0xc -> 0x800000
pci_cfg_read ICH9-SMB 00:1f.3 @0x10 -> 0x0
pci_cfg_read ICH9-SMB 00:1f.3 @0x14 -> 0x0
pci_cfg_read ICH9-SMB 00:1f.3 @0x18 -> 0x0
pci_cfg_read ICH9-SMB 00:1f.3 @0x1c -> 0x0
pci_cfg_read ICH9-SMB 00:1f.3 @0x20 -> 0x1
pci_cfg_read ICH9-SMB 00:1f.3 @0x24 -> 0x0
pci_cfg_read ICH9-SMB 00:1f.3 @0x28 -> 0x0
pci_cfg_read ICH9-SMB 00:1f.3 @0x2c -> 0x11001af4
pci_cfg_read ICH9-SMB 00:1f.3 @0x30 -> 0x0
pci_cfg_read ICH9-SMB 00:1f.3 @0x34 -> 0x0
pci_cfg_read ICH9-SMB 00:1f.3 @0x38 -> 0x0
pci_cfg_read ICH9-SMB 00:1f.3 @0x3c -> 0x100
pci_cfg_read mch 00:00.0 @0x0 -> 0x29c08086
pci_cfg_read mch 00:00.0 @0x0 -> 0x29c08086
pci_cfg_read mch 00:00.0 @0x4 -> 0x0
pci_cfg_read mch 00:00.0 @0x8 -> 0x6000000
pci_cfg_read mch 00:00.0 @0xc -> 0x0
pci_cfg_read mch 00:00.0 @0x10 -> 0x0
pci_cfg_read mch 00:00.0 @0x14 -> 0x0
pci_cfg_read mch 00:00.0 @0x18 -> 0x0
pci_cfg_read mch 00:00.0 @0x1c -> 0x0
pci_cfg_read mch 00:00.0 @0x20 -> 0x0
pci_cfg_read mch 00:00.0 @0x24 -> 0x0
pci_cfg_read mch 00:00.0 @0x28 -> 0x0
pci_cfg_read mch 00:00.0 @0x2c -> 0x11001af4
pci_cfg_read mch 00:00.0 @0x30 -> 0x0
pci_cfg_read mch 00:00.0 @0x34 -> 0x0
pci_cfg_read mch 00:00.0 @0x38 -> 0x0
pci_cfg_read mch 00:00.0 @0x3c -> 0x0
pci_cfg_read mch 00:00.0 @0x4 -> 0x0
pci_cfg_write mch 00:00.0 @0x4 <- 0x0
pci_cfg_read mch 00:00.0 @0x10 -> 0x0
pci_cfg_write mch 00:00.0 @0x10 <- 0xffffffff
pci_cfg_read mch 00:00.0 @0x10 -> 0x0
pci_cfg_write mch 00:00.0 @0x10 <- 0x0
pci_cfg_read mch 00:00.0 @0x14 -> 0x0
pci_cfg_write mch 00:00.0 @0x14 <- 0xffffffff
pci_cfg_read mch 00:00.0 @0x14 -> 0x0
pci_cfg_write mch 00:00.0 @0x14 <- 0x0
pci_cfg_read mch 00:00.0 @0x18 -> 0x0
pci_cfg_write mch 00:00.0 @0x18 <- 0xffffffff
pci_cfg_read mch 00:00.0 @0x18 -> 0x0
pci_cfg_write mch 00:00.0 @0x18 <- 0x0
pci_cfg_read mch 00:00.0 @0x1c -> 0x0
pci_cfg_write mch 00:00.0 @0x1c <- 0xffffffff
pci_cfg_read mch 00:00.0 @0x1c -> 0x0
pci_cfg_write mch 00:00.0 @0x1c <- 0x0
pci_cfg_read mch 00:00.0 @0x20 -> 0x0
pci_cfg_write mch 00:00.0 @0x20 <- 0xffffffff
pci_cfg_read mch 00:00.0 @0x20 -> 0x0
pci_cfg_write mch 00:00.0 @0x20 <- 0x0
pci_cfg_read mch 00:00.0 @0x24 -> 0x0
pci_cfg_write mch 00:00.0 @0x24 <- 0xffffffff
pci_cfg_read mch 00:00.0 @0x24 -> 0x0
pci_cfg_write mch 00:00.0 @0x24 <- 0x0
pci_cfg_write mch 00:00.0 @0x30 <- 0xfffffffe
pci_cfg_read mch 00:00.0 @0x30 -> 0x0
pci_cfg_read piix3-ide 00:01.0 @0x0 -> 0x70108086
pci_cfg_read piix3-ide 00:01.0 @0x0 -> 0x70108086
pci_cfg_read piix3-ide 00:01.0 @0x4 -> 0x2800000
pci_cfg_read piix3-ide 00:01.0 @0x8 -> 0x1018000
pci_cfg_read piix3-ide 00:01.0 @0xc -> 0x0
pci_cfg_read piix3-ide 00:01.0 @0x10 -> 0x0
pci_cfg_read piix3-ide 00:01.0 @0x14 -> 0x0
pci_cfg_read piix3-ide 00:01.0 @0x18 -> 0x0
pci_cfg_read piix3-ide 00:01.0 @0x1c -> 0x0
pci_cfg_read piix3-ide 00:01.0 @0x20 -> 0x1
pci_cfg_read piix3-ide 00:01.0 @0x24 -> 0x0
pci_cfg_read piix3-ide 00:01.0 @0x28 -> 0x0
pci_cfg_read piix3-ide 00:01.0 @0x2c -> 0x11001af4
pci_cfg_read piix3-ide 00:01.0 @0x30 -> 0x0
pci_cfg_read piix3-ide 00:01.0 @0x34 -> 0x0
pci_cfg_read piix3-ide 00:01.0 @0x38 -> 0x0
pci_cfg_read piix3-ide 00:01.0 @0x3c -> 0x0
pci_cfg_read piix3-ide 00:01.0 @0x4 -> 0x0
pci_cfg_write piix3-ide 00:01.0 @0x4 <- 0x0
pci_cfg_read piix3-ide 00:01.0 @0x10 -> 0x0
pci_cfg_write piix3-ide 00:01.0 @0x10 <- 0xffffffff
pci_cfg_read piix3-ide 00:01.0 @0x10 -> 0x0
pci_cfg_write piix3-ide 00:01.0 @0x10 <- 0x0
pci_cfg_read piix3-ide 00:01.0 @0x14 -> 0x0
pci_cfg_write piix3-ide 00:01.0 @0x14 <- 0xffffffff
pci_cfg_read piix3-ide 00:01.0 @0x14 -> 0x0
pci_cfg_write piix3-ide 00:01.0 @0x14 <- 0x0
pci_cfg_read piix3-ide 00:01.0 @0x18 -> 0x0
pci_cfg_write piix3-ide 00:01.0 @0x18 <- 0xffffffff
pci_cfg_read piix3-ide 00:01.0 @0x18 -> 0x0
pci_cfg_write piix3-ide 00:01.0 @0x18 <- 0x0
pci_cfg_read piix3-ide 00:01.0 @0x1c -> 0x0
pci_cfg_write piix3-ide 00:01.0 @0x1c <- 0xffffffff
pci_cfg_read piix3-ide 00:01.0 @0x1c -> 0x0
pci_cfg_write piix3-ide 00:01.0 @0x1c <- 0x0
pci_cfg_read piix3-ide 00:01.0 @0x20 -> 0x1
pci_cfg_write piix3-ide 00:01.0 @0x20 <- 0xffffffff
pci_cfg_read piix3-ide 00:01.0 @0x20 -> 0xfffffff1
pci_cfg_write piix3-ide 00:01.0 @0x20 <- 0x1
pci_cfg_read piix3-ide 00:01.0 @0x24 -> 0x0
pci_cfg_write piix3-ide 00:01.0 @0x24 <- 0xffffffff
pci_cfg_read piix3-ide 00:01.0 @0x24 -> 0x0
pci_cfg_write piix3-ide 00:01.0 @0x24 <- 0x0
pci_cfg_write piix3-ide 00:01.0 @0x30 <- 0xfffffffe
pci_cfg_read piix3-ide 00:01.0 @0x30 -> 0x0
pci_cfg_read virtio-blk-pci 00:05.0 @0x0 -> 0x10421af4
pci_cfg_read virtio-blk-pci 00:05.0 @0x0 -> 0x10421af4
pci_cfg_read virtio-blk-pci 00:05.0 @0x4 -> 0x100000
pci_cfg_read virtio-blk-pci 00:05.0 @0x8 -> 0x1000001
pci_cfg_read virtio-blk-pci 00:05.0 @0xc -> 0x0
pci_cfg_read virtio-blk-pci 00:05.0 @0x10 -> 0x0
pci_cfg_read virtio-blk-pci 00:05.0 @0x14 -> 0x0
pci_cfg_read virtio-blk-pci 00:05.0 @0x18 -> 0x0
pci_cfg_read virtio-blk-pci 00:05.0 @0x1c -> 0x0
pci_cfg_read virtio-blk-pci 00:05.0 @0x20 -> 0xc
pci_cfg_read virtio-blk-pci 00:05.0 @0x24 -> 0x0
pci_cfg_read virtio-blk-pci 00:05.0 @0x28 -> 0x0
pci_cfg_read virtio-blk-pci 00:05.0 @0x2c -> 0x11001af4
pci_cfg_read virtio-blk-pci 00:05.0 @0x30 -> 0x0
pci_cfg_read virtio-blk-pci 00:05.0 @0x34 -> 0x84
pci_cfg_read virtio-blk-pci 00:05.0 @0x38 -> 0x0
pci_cfg_read virtio-blk-pci 00:05.0 @0x3c -> 0x100
pci_cfg_read virtio-blk-pci 00:05.0 @0x34 -> 0x84
pci_cfg_read virtio-blk-pci 00:05.0 @0x84 -> 0x7009
pci_cfg_read virtio-blk-pci 00:05.0 @0x70 -> 0x6009
pci_cfg_read virtio-blk-pci 00:05.0 @0x60 -> 0x5009
pci_cfg_read virtio-blk-pci 00:05.0 @0x50 -> 0x4009
pci_cfg_read virtio-blk-pci 00:05.0 @0x40 -> 0x9
pci_cfg_read virtio-blk-pci 00:05.0 @0x4 -> 0x0
pci_cfg_write virtio-blk-pci 00:05.0 @0x4 <- 0x0
virtio_set_status vdev 0x56246085deb0 val 0
pci_cfg_read virtio-blk-pci 00:05.0 @0x10 -> 0x0
pci_cfg_write virtio-blk-pci 00:05.0 @0x10 <- 0xffffffff
pci_cfg_read virtio-blk-pci 00:05.0 @0x10 -> 0x0
pci_cfg_write virtio-blk-pci 00:05.0 @0x10 <- 0x0
pci_cfg_read virtio-blk-pci 00:05.0 @0x14 -> 0x0
pci_cfg_write virtio-blk-pci 00:05.0 @0x14 <- 0xffffffff
pci_cfg_read virtio-blk-pci 00:05.0 @0x14 -> 0x0
pci_cfg_write virtio-blk-pci 00:05.0 @0x14 <- 0x0
pci_cfg_read virtio-blk-pci 00:05.0 @0x18 -> 0x0
pci_cfg_write virtio-blk-pci 00:05.0 @0x18 <- 0xffffffff
pci_cfg_read virtio-blk-pci 00:05.0 @0x18 -> 0x0
pci_cfg_write virtio-blk-pci 00:05.0 @0x18 <- 0x0
pci_cfg_read virtio-blk-pci 00:05.0 @0x1c -> 0x0
pci_cfg_write virtio-blk-pci 00:05.0 @0x1c <- 0xffffffff
pci_cfg_read virtio-blk-pci 00:05.0 @0x1c -> 0x0
pci_cfg_write virtio-blk-pci 00:05.0 @0x1c <- 0x0
pci_cfg_read virtio-blk-pci 00:05.0 @0x20 -> 0xc
pci_cfg_write virtio-blk-pci 00:05.0 @0x20 <- 0xffffffff
pci_cfg_read virtio-blk-pci 00:05.0 @0x20 -> 0xffffc00c
pci_cfg_write virtio-blk-pci 00:05.0 @0x20 <- 0xc
pci_cfg_read virtio-blk-pci 00:05.0 @0x24 -> 0x0
pci_cfg_write virtio-blk-pci 00:05.0 @0x24 <- 0xffffffff
pci_cfg_read virtio-blk-pci 00:05.0 @0x24 -> 0xffffffff
pci_cfg_write virtio-blk-pci 00:05.0 @0x24 <- 0x0
pci_cfg_write virtio-blk-pci 00:05.0 @0x30 <- 0xfffffffe
pci_cfg_read virtio-blk-pci 00:05.0 @0x30 -> 0x0
pci_cfg_read virtio-blk-pci 00:05.0 @0x34 -> 0x84
pci_cfg_read virtio-blk-pci 00:05.0 @0x84 -> 0x7009
pci_cfg_read virtio-blk-pci 00:05.0 @0x70 -> 0x6009
pci_cfg_read virtio-blk-pci 00:05.0 @0x60 -> 0x5009
pci_cfg_read virtio-blk-pci 00:05.0 @0x50 -> 0x4009
pci_cfg_read virtio-blk-pci 00:05.0 @0x40 -> 0x9
pci_cfg_read ICH9-LPC 00:1f.0 @0x0 -> 0x29188086
pci_cfg_read ICH9-LPC 00:1f.0 @0x0 -> 0x29188086
pci_cfg_read ICH9-LPC 00:1f.0 @0x4 -> 0x0
pci_cfg_read ICH9-LPC 00:1f.0 @0x8 -> 0x6010002
pci_cfg_read ICH9-LPC 00:1f.0 @0xc -> 0x800000
pci_cfg_read ICH9-LPC 00:1f.0 @0x10 -> 0x0
pci_cfg_read ICH9-LPC 00:1f.0 @0x14 -> 0x0
pci_cfg_read ICH9-LPC 00:1f.0 @0x18 -> 0x0
pci_cfg_read ICH9-LPC 00:1f.0 @0x1c -> 0x0
pci_cfg_read ICH9-LPC 00:1f.0 @0x20 -> 0x0
pci_cfg_read ICH9-LPC 00:1f.0 @0x24 -> 0x0
pci_cfg_read ICH9-LPC 00:1f.0 @0x28 -> 0x0
pci_cfg_read ICH9-LPC 00:1f.0 @0x2c -> 0x11001af4
pci_cfg_read ICH9-LPC 00:1f.0 @0x30 -> 0x0
pci_cfg_read ICH9-LPC 00:1f.0 @0x34 -> 0x0
pci_cfg_read ICH9-LPC 00:1f.0 @0x38 -> 0x0
pci_cfg_read ICH9-LPC 00:1f.0 @0x3c -> 0x0
pci_cfg_read ICH9-LPC 00:1f.0 @0x4 -> 0x0
pci_cfg_write ICH9-LPC 00:1f.0 @0x4 <- 0x0
pci_cfg_read ICH9-LPC 00:1f.0 @0x10 -> 0x0
pci_cfg_write ICH9-LPC 00:1f.0 @0x10 <- 0xffffffff
pci_cfg_read ICH9-LPC 00:1f.0 @0x10 -> 0x0
pci_cfg_write ICH9-LPC 00:1f.0 @0x10 <- 0x0
pci_cfg_read ICH9-LPC 00:1f.0 @0x14 -> 0x0
pci_cfg_write ICH9-LPC 00:1f.0 @0x14 <- 0xffffffff
pci_cfg_read ICH9-LPC 00:1f.0 @0x14 -> 0x0
pci_cfg_write ICH9-LPC 00:1f.0 @0x14 <- 0x0
pci_cfg_read ICH9-LPC 00:1f.0 @0x18 -> 0x0
pci_cfg_write ICH9-LPC 00:1f.0 @0x18 <- 0xffffffff
pci_cfg_read ICH9-LPC 00:1f.0 @0x18 -> 0x0
pci_cfg_write ICH9-LPC 00:1f.0 @0x18 <- 0x0
pci_cfg_read ICH9-LPC 00:1f.0 @0x1c -> 0x0
pci_cfg_write ICH9-LPC 00:1f.0 @0x1c <- 0xffffffff
pci_cfg_read ICH9-LPC 00:1f.0 @0x1c -> 0x0
pci_cfg_write ICH9-LPC 00:1f.0 @0x1c <- 0x0
pci_cfg_read ICH9-LPC 00:1f.0 @0x20 -> 0x0
pci_cfg_write ICH9-LPC 00:1f.0 @0x20 <- 0xffffffff
pci_cfg_read ICH9-LPC 00:1f.0 @0x20 -> 0x0
pci_cfg_write ICH9-LPC 00:1f.0 @0x20 <- 0x0
pci_cfg_read ICH9-LPC 00:1f.0 @0x24 -> 0x0
pci_cfg_write ICH9-LPC 00:1f.0 @0x24 <- 0xffffffff
pci_cfg_read ICH9-LPC 00:1f.0 @0x24 -> 0x0
pci_cfg_write ICH9-LPC 00:1f.0 @0x24 <- 0x0
pci_cfg_write ICH9-LPC 00:1f.0 @0x30 <- 0xfffffffe
pci_cfg_read ICH9-LPC 00:1f.0 @0x30 -> 0x0
pci_cfg_read ich9-ahci 00:1f.2 @0x0 -> 0x29228086
pci_cfg_read ich9-ahci 00:1f.2 @0x0 -> 0x29228086
pci_cfg_read ich9-ahci 00:1f.2 @0x4 -> 0x100000
pci_cfg_read ich9-ahci 00:1f.2 @0x8 -> 0x1060102
pci_cfg_read ich9-ahci 00:1f.2 @0xc -> 0x800000
pci_cfg_read ich9-ahci 00:1f.2 @0x10 -> 0x0
pci_cfg_read ich9-ahci 00:1f.2 @0x14 -> 0x0
pci_cfg_read ich9-ahci 00:1f.2 @0x18 -> 0x0
pci_cfg_read ich9-ahci 00:1f.2 @0x1c -> 0x0
pci_cfg_read ich9-ahci 00:1f.2 @0x20 -> 0x1
pci_cfg_read ich9-ahci 00:1f.2 @0x24 -> 0x0
pci_cfg_read ich9-ahci 00:1f.2 @0x28 -> 0x0
pci_cfg_read ich9-ahci 00:1f.2 @0x2c -> 0x11001af4
pci_cfg_read ich9-ahci 00:1f.2 @0x30 -> 0x0
pci_cfg_read ich9-ahci 00:1f.2 @0x34 -> 0x80
pci_cfg_read ich9-ahci 00:1f.2 @0x38 -> 0x0
pci_cfg_read ich9-ahci 00:1f.2 @0x3c -> 0x100
pci_cfg_read ich9-ahci 00:1f.2 @0x34 -> 0x80
pci_cfg_read ich9-ahci 00:1f.2 @0x80 -> 0xa805
pci_cfg_read ich9-ahci 00:1f.2 @0xa8 -> 0x12
pci_cfg_read ich9-ahci 00:1f.2 @0x4 -> 0x0
pci_cfg_write ich9-ahci 00:1f.2 @0x4 <- 0x0
pci_cfg_read ich9-ahci 00:1f.2 @0x10 -> 0x0
pci_cfg_write ich9-ahci 00:1f.2 @0x10 <- 0xffffffff
pci_cfg_read ich9-ahci 00:1f.2 @0x10 -> 0x0
pci_cfg_write ich9-ahci 00:1f.2 @0x10 <- 0x0
pci_cfg_read ich9-ahci 00:1f.2 @0x14 -> 0x0
pci_cfg_write ich9-ahci 00:1f.2 @0x14 <- 0xffffffff
pci_cfg_read ich9-ahci 00:1f.2 @0x14 -> 0x0
pci_cfg_write ich9-ahci 00:1f.2 @0x14 <- 0x0
pci_cfg_read ich9-ahci 00:1f.2 @0x18 -> 0x0
pci_cfg_write ich9-ahci 00:1f.2 @0x18 <- 0xffffffff
pci_cfg_read ich9-ahci 00:1f.2 @0x18 -> 0x0
pci_cfg_write ich9-ahci 00:1f.2 @0x18 <- 0x0
pci_cfg_read ich9-ahci 00:1f.2 @0x1c -> 0x0
pci_cfg_write ich9-ahci 00:1f.2 @0x1c <- 0xffffffff
pci_cfg_read ich9-ahci 00:1f.2 @0x1c -> 0x0
pci_cfg_write ich9-ahci 00:1f.2 @0x1c <- 0x0
pci_cfg_read ich9-ahci 00:1f.2 @0x20 -> 0x1
pci_cfg_write ich9-ahci 00:1f.2 @0x20 <- 0xffffffff
pci_cfg_read ich9-ahci 00:1f.2 @0x20 -> 0xffffffe1
pci_cfg_write ich9-ahci 00:1f.2 @0x20 <- 0x1
pci_cfg_read ich9-ahci 00:1f.2 @0x24 -> 0x0
pci_cfg_write ich9-ahci 00:1f.2 @0x24 <- 0xffffffff
pci_cfg_read ich9-ahci 00:1f.2 @0x24 -> 0xfffff000
pci_cfg_write ich9-ahci 00:1f.2 @0x24 <- 0x0
pci_cfg_write ich9-ahci 00:1f.2 @0x30 <- 0xfffffffe
pci_cfg_read ich9-ahci 00:1f.2 @0x30 -> 0x0
pci_cfg_read ich9-ahci 00:1f.2 @0x34 -> 0x80
pci_cfg_read ich9-ahci 00:1f.2 @0x80 -> 0xa805
pci_cfg_read ich9-ahci 00:1f.2 @0xa8 -> 0x12
pci_cfg_read ICH9-SMB 00:1f.3 @0x0 -> 0x29308086
pci_cfg_read ICH9-SMB 00:1f.3 @0x0 -> 0x29308086
pci_cfg_read ICH9-SMB 00:1f.3 @0x4 -> 0x0
pci_cfg_read ICH9-SMB 00:1f.3 @0x8 -> 0xc050002
pci_cfg_read ICH9-SMB 00:1f.3 @0xc -> 0x800000
pci_cfg_read ICH9-SMB 00:1f.3 @0x10 -> 0x0
pci_cfg_read ICH9-SMB 00:1f.3 @0x14 -> 0x0
pci_cfg_read ICH9-SMB 00:1f.3 @0x18 -> 0x0
pci_cfg_read ICH9-SMB 00:1f.3 @0x1c -> 0x0
pci_cfg_read ICH9-SMB 00:1f.3 @0x20 -> 0x1
pci_cfg_read ICH9-SMB 00:1f.3 @0x24 -> 0x0
pci_cfg_read ICH9-SMB 00:1f.3 @0x28 -> 0x0
pci_cfg_read ICH9-SMB 00:1f.3 @0x2c -> 0x11001af4
pci_cfg_read ICH9-SMB 00:1f.3 @0x30 -> 0x0
pci_cfg_read ICH9-SMB 00:1f.3 @0x34 -> 0x0
pci_cfg_read ICH9-SMB 00:1f.3 @0x38 -> 0x0
pci_cfg_read ICH9-SMB 00:1f.3 @0x3c -> 0x100
pci_cfg_read ICH9-SMB 00:1f.3 @0x4 -> 0x0
pci_cfg_write ICH9-SMB 00:1f.3 @0x4 <- 0x0
pci_cfg_read ICH9-SMB 00:1f.3 @0x10 -> 0x0
pci_cfg_write ICH9-SMB 00:1f.3 @0x10 <- 0xffffffff
pci_cfg_read ICH9-SMB 00:1f.3 @0x10 -> 0x0
pci_cfg_write ICH9-SMB 00:1f.3 @0x10 <- 0x0
pci_cfg_read ICH9-SMB 00:1f.3 @0x14 -> 0x0
pci_cfg_write ICH9-SMB 00:1f.3 @0x14 <- 0xffffffff
pci_cfg_read ICH9-SMB 00:1f.3 @0x14 -> 0x0
pci_cfg_write ICH9-SMB 00:1f.3 @0x14 <- 0x0
pci_cfg_read ICH9-SMB 00:1f.3 @0x18 -> 0x0
pci_cfg_write ICH9-SMB 00:1f.3 @0x18 <- 0xffffffff
pci_cfg_read ICH9-SMB 00:1f.3 @0x18 -> 0x0
pci_cfg_write ICH9-SMB 00:1f.3 @0x18 <- 0x0
pci_cfg_read ICH9-SMB 00:1f.3 @0x1c -> 0x0
pci_cfg_write ICH9-SMB 00:1f.3 @0x1c <- 0xffffffff
pci_cfg_read ICH9-SMB 00:1f.3 @0x1c -> 0x0
pci_cfg_write ICH9-SMB 00:1f.3 @0x1c <- 0x0
pci_cfg_read ICH9-SMB 00:1f.3 @0x20 -> 0x1
pci_cfg_write ICH9-SMB 00:1f.3 @0x20 <- 0xffffffff
pci_cfg_read ICH9-SMB 00:1f.3 @0x20 -> 0xffffffc1
pci_cfg_write ICH9-SMB 00:1f.3 @0x20 <- 0x1
pci_cfg_read ICH9-SMB 00:1f.3 @0x24 -> 0x0
pci_cfg_write ICH9-SMB 00:1f.3 @0x24 <- 0xffffffff
pci_cfg_read ICH9-SMB 00:1f.3 @0x24 -> 0x0
pci_cfg_write ICH9-SMB 00:1f.3 @0x24 <- 0x0
pci_cfg_write ICH9-SMB 00:1f.3 @0x30 <- 0xfffffffe
pci_cfg_read ICH9-SMB 00:1f.3 @0x30 -> 0x0
pci_cfg_read mch 00:00.0 @0x0 -> 0x29c08086
pci_cfg_read mch 00:00.0 @0x0 -> 0x29c08086
pci_cfg_read mch 00:00.0 @0x4 -> 0x0
pci_cfg_read mch 00:00.0 @0x8 -> 0x6000000
pci_cfg_read mch 00:00.0 @0xc -> 0x0
pci_cfg_read mch 00:00.0 @0x10 -> 0x0
pci_cfg_read mch 00:00.0 @0x14 -> 0x0
pci_cfg_read mch 00:00.0 @0x18 -> 0x0
pci_cfg_read mch 00:00.0 @0x1c -> 0x0
pci_cfg_read mch 00:00.0 @0x20 -> 0x0
pci_cfg_read mch 00:00.0 @0x24 -> 0x0
pci_cfg_read mch 00:00.0 @0x28 -> 0x0
pci_cfg_read mch 00:00.0 @0x2c -> 0x11001af4
pci_cfg_read mch 00:00.0 @0x30 -> 0x0
pci_cfg_read mch 00:00.0 @0x34 -> 0x0
pci_cfg_read mch 00:00.0 @0x38 -> 0x0
pci_cfg_read mch 00:00.0 @0x3c -> 0x0
pci_cfg_read mch 00:00.0 @0x4 -> 0x0
pci_cfg_write mch 00:00.0 @0x4 <- 0x0
pci_cfg_read mch 00:00.0 @0x10 -> 0x0
pci_cfg_write mch 00:00.0 @0x10 <- 0xffffffff
pci_cfg_read mch 00:00.0 @0x10 -> 0x0
pci_cfg_write mch 00:00.0 @0x10 <- 0x0
pci_cfg_read mch 00:00.0 @0x14 -> 0x0
pci_cfg_write mch 00:00.0 @0x14 <- 0xffffffff
pci_cfg_read mch 00:00.0 @0x14 -> 0x0
pci_cfg_write mch 00:00.0 @0x14 <- 0x0
pci_cfg_read mch 00:00.0 @0x18 -> 0x0
pci_cfg_write mch 00:00.0 @0x18 <- 0xffffffff
pci_cfg_read mch 00:00.0 @0x18 -> 0x0
pci_cfg_write mch 00:00.0 @0x18 <- 0x0
pci_cfg_read mch 00:00.0 @0x1c -> 0x0
pci_cfg_write mch 00:00.0 @0x1c <- 0xffffffff
pci_cfg_read mch 00:00.0 @0x1c -> 0x0
pci_cfg_write mch 00:00.0 @0x1c <- 0x0
pci_cfg_read mch 00:00.0 @0x20 -> 0x0
pci_cfg_write mch 00:00.0 @0x20 <- 0xffffffff
pci_cfg_read mch 00:00.0 @0x20 -> 0x0
pci_cfg_write mch 00:00.0 @0x20 <- 0x0
pci_cfg_read mch 00:00.0 @0x24 -> 0x0
pci_cfg_write mch 00:00.0 @0x24 <- 0xffffffff
pci_cfg_read mch 00:00.0 @0x24 -> 0x0
pci_cfg_write mch 00:00.0 @0x24 <- 0x0
pci_cfg_write mch 00:00.0 @0x30 <- 0xfffffffe
pci_cfg_read mch 00:00.0 @0x30 -> 0x0
pci_cfg_read piix3-ide 00:01.0 @0x0 -> 0x70108086
pci_cfg_read piix3-ide 00:01.0 @0x0 -> 0x70108086
pci_cfg_read piix3-ide 00:01.0 @0x4 -> 0x2800000
pci_cfg_read piix3-ide 00:01.0 @0x8 -> 0x1018000
pci_cfg_read piix3-ide 00:01.0 @0xc -> 0x0
pci_cfg_read piix3-ide 00:01.0 @0x10 -> 0x0
pci_cfg_read piix3-ide 00:01.0 @0x14 -> 0x0
pci_cfg_read piix3-ide 00:01.0 @0x18 -> 0x0
pci_cfg_read piix3-ide 00:01.0 @0x1c -> 0x0
pci_cfg_read piix3-ide 00:01.0 @0x20 -> 0x1
pci_cfg_read piix3-ide 00:01.0 @0x24 -> 0x0
pci_cfg_read piix3-ide 00:01.0 @0x28 -> 0x0
pci_cfg_read piix3-ide 00:01.0 @0x2c -> 0x11001af4
pci_cfg_read piix3-ide 00:01.0 @0x30 -> 0x0
pci_cfg_read piix3-ide 00:01.0 @0x34 -> 0x0
pci_cfg_read piix3-ide 00:01.0 @0x38 -> 0x0
pci_cfg_read piix3-ide 00:01.0 @0x3c -> 0x0
pci_cfg_read piix3-ide 00:01.0 @0x4 -> 0x0
pci_cfg_write piix3-ide 00:01.0 @0x4 <- 0x0
pci_cfg_read piix3-ide 00:01.0 @0x10 -> 0x0
pci_cfg_write piix3-ide 00:01.0 @0x10 <- 0xffffffff
pci_cfg_read piix3-ide 00:01.0 @0x10 -> 0x0
pci_cfg_write piix3-ide 00:01.0 @0x10 <- 0x0
pci_cfg_read piix3-ide 00:01.0 @0x14 -> 0x0
pci_cfg_write piix3-ide 00:01.0 @0x14 <- 0xffffffff
pci_cfg_read piix3-ide 00:01.0 @0x14 -> 0x0
pci_cfg_write piix3-ide 00:01.0 @0x14 <- 0x0
pci_cfg_read piix3-ide 00:01.0 @0x18 -> 0x0
pci_cfg_write piix3-ide 00:01.0 @0x18 <- 0xffffffff
pci_cfg_read piix3-ide 00:01.0 @0x18 -> 0x0
pci_cfg_write piix3-ide 00:01.0 @0x18 <- 0x0
pci_cfg_read piix3-ide 00:01.0 @0x1c -> 0x0
pci_cfg_write piix3-ide 00:01.0 @0x1c <- 0xffffffff
pci_cfg_read piix3-ide 00:01.0 @0x1c -> 0x0
pci_cfg_write piix3-ide 00:01.0 @0x1c <- 0x0
pci_cfg_read piix3-ide 00:01.0 @0x20 -> 0x1
pci_cfg_write piix3-ide 00:01.0 @0x20 <- 0xffffffff
pci_cfg_read piix3-ide 00:01.0 @0x20 -> 0xfffffff1
pci_cfg_write piix3-ide 00:01.0 @0x20 <- 0x1
pci_cfg_read piix3-ide 00:01.0 @0x24 -> 0x0
pci_cfg_write piix3-ide 00:01.0 @0x24 <- 0xffffffff
pci_cfg_read piix3-ide 00:01.0 @0x24 -> 0x0
pci_cfg_write piix3-ide 00:01.0 @0x24 <- 0x0
pci_cfg_write piix3-ide 00:01.0 @0x30 <- 0xfffffffe
pci_cfg_read piix3-ide 00:01.0 @0x30 -> 0x0
pci_cfg_read virtio-blk-pci 00:05.0 @0x0 -> 0x10421af4
pci_cfg_read virtio-blk-pci 00:05.0 @0x0 -> 0x10421af4
pci_cfg_read virtio-blk-pci 00:05.0 @0x4 -> 0x100000
pci_cfg_read virtio-blk-pci 00:05.0 @0x8 -> 0x1000001
pci_cfg_read virtio-blk-pci 00:05.0 @0xc -> 0x0
pci_cfg_read virtio-blk-pci 00:05.0 @0x10 -> 0x0
pci_cfg_read virtio-blk-pci 00:05.0 @0x14 -> 0x0
pci_cfg_read virtio-blk-pci 00:05.0 @0x18 -> 0x0
pci_cfg_read virtio-blk-pci 00:05.0 @0x1c -> 0x0
pci_cfg_read virtio-blk-pci 00:05.0 @0x20 -> 0xc
pci_cfg_read virtio-blk-pci 00:05.0 @0x24 -> 0x0
pci_cfg_read virtio-blk-pci 00:05.0 @0x28 -> 0x0
pci_cfg_read virtio-blk-pci 00:05.0 @0x2c -> 0x11001af4
pci_cfg_read virtio-blk-pci 00:05.0 @0x30 -> 0x0
pci_cfg_read virtio-blk-pci 00:05.0 @0x34 -> 0x84
pci_cfg_read virtio-blk-pci 00:05.0 @0x38 -> 0x0
pci_cfg_read virtio-blk-pci 00:05.0 @0x3c -> 0x100
pci_cfg_read virtio-blk-pci 00:05.0 @0x34 -> 0x84
pci_cfg_read virtio-blk-pci 00:05.0 @0x84 -> 0x7009
pci_cfg_read virtio-blk-pci 00:05.0 @0x70 -> 0x6009
pci_cfg_read virtio-blk-pci 00:05.0 @0x60 -> 0x5009
pci_cfg_read virtio-blk-pci 00:05.0 @0x50 -> 0x4009
pci_cfg_read virtio-blk-pci 00:05.0 @0x40 -> 0x9
pci_cfg_read virtio-blk-pci 00:05.0 @0x4 -> 0x0
pci_cfg_write virtio-blk-pci 00:05.0 @0x4 <- 0x0
virtio_set_status vdev 0x56246085deb0 val 0
pci_cfg_read virtio-blk-pci 00:05.0 @0x10 -> 0x0
pci_cfg_write virtio-blk-pci 00:05.0 @0x10 <- 0xffffffff
pci_cfg_read virtio-blk-pci 00:05.0 @0x10 -> 0x0
pci_cfg_write virtio-blk-pci 00:05.0 @0x10 <- 0x0
pci_cfg_read virtio-blk-pci 00:05.0 @0x14 -> 0x0
pci_cfg_write virtio-blk-pci 00:05.0 @0x14 <- 0xffffffff
pci_cfg_read virtio-blk-pci 00:05.0 @0x14 -> 0x0
pci_cfg_write virtio-blk-pci 00:05.0 @0x14 <- 0x0
pci_cfg_read virtio-blk-pci 00:05.0 @0x18 -> 0x0
pci_cfg_write virtio-blk-pci 00:05.0 @0x18 <- 0xffffffff
pci_cfg_read virtio-blk-pci 00:05.0 @0x18 -> 0x0
pci_cfg_write virtio-blk-pci 00:05.0 @0x18 <- 0x0
pci_cfg_read virtio-blk-pci 00:05.0 @0x1c -> 0x0
pci_cfg_write virtio-blk-pci 00:05.0 @0x1c <- 0xffffffff
pci_cfg_read virtio-blk-pci 00:05.0 @0x1c -> 0x0
pci_cfg_write virtio-blk-pci 00:05.0 @0x1c <- 0x0
pci_cfg_read virtio-blk-pci 00:05.0 @0x20 -> 0xc
pci_cfg_write virtio-blk-pci 00:05.0 @0x20 <- 0xffffffff
pci_cfg_read virtio-blk-pci 00:05.0 @0x20 -> 0xffffc00c
pci_cfg_write virtio-blk-pci 00:05.0 @0x20 <- 0xc
pci_cfg_read virtio-blk-pci 00:05.0 @0x24 -> 0x0
pci_cfg_write virtio-blk-pci 00:05.0 @0x24 <- 0xffffffff
pci_cfg_read virtio-blk-pci 00:05.0 @0x24 -> 0xffffffff
pci_cfg_write virtio-blk-pci 00:05.0 @0x24 <- 0x0
pci_cfg_write virtio-blk-pci 00:05.0 @0x30 <- 0xfffffffe
pci_cfg_read virtio-blk-pci 00:05.0 @0x30 -> 0x0
pci_cfg_read virtio-blk-pci 00:05.0 @0x34 -> 0x84
pci_cfg_read virtio-blk-pci 00:05.0 @0x84 -> 0x7009
pci_cfg_read virtio-blk-pci 00:05.0 @0x70 -> 0x6009
pci_cfg_read virtio-blk-pci 00:05.0 @0x60 -> 0x5009
pci_cfg_read virtio-blk-pci 00:05.0 @0x50 -> 0x4009
pci_cfg_read virtio-blk-pci 00:05.0 @0x40 -> 0x9
pci_cfg_read ICH9-LPC 00:1f.0 @0x0 -> 0x29188086
pci_cfg_read ICH9-LPC 00:1f.0 @0x0 -> 0x29188086
pci_cfg_read ICH9-LPC 00:1f.0 @0x4 -> 0x0
pci_cfg_read ICH9-LPC 00:1f.0 @0x8 -> 0x6010002
pci_cfg_read ICH9-LPC 00:1f.0 @0xc -> 0x800000
pci_cfg_read ICH9-LPC 00:1f.0 @0x10 -> 0x0
pci_cfg_read ICH9-LPC 00:1f.0 @0x14 -> 0x0
pci_cfg_read ICH9-LPC 00:1f.0 @0x18 -> 0x0
pci_cfg_read ICH9-LPC 00:1f.0 @0x1c -> 0x0
pci_cfg_read ICH9-LPC 00:1f.0 @0x20 -> 0x0
pci_cfg_read ICH9-LPC 00:1f.0 @0x24 -> 0x0
pci_cfg_read ICH9-LPC 00:1f.0 @0x28 -> 0x0
pci_cfg_read ICH9-LPC 00:1f.0 @0x2c -> 0x11001af4
pci_cfg_read ICH9-LPC 00:1f.0 @0x30 -> 0x0
pci_cfg_read ICH9-LPC 00:1f.0 @0x34 -> 0x0
pci_cfg_read ICH9-LPC 00:1f.0 @0x38 -> 0x0
pci_cfg_read ICH9-LPC 00:1f.0 @0x3c -> 0x0
pci_cfg_read ICH9-LPC 00:1f.0 @0x4 -> 0x0
pci_cfg_write ICH9-LPC 00:1f.0 @0x4 <- 0x0
pci_cfg_read ICH9-LPC 00:1f.0 @0x10 -> 0x0
pci_cfg_write ICH9-LPC 00:1f.0 @0x10 <- 0xffffffff
pci_cfg_read ICH9-LPC 00:1f.0 @0x10 -> 0x0
pci_cfg_write ICH9-LPC 00:1f.0 @0x10 <- 0x0
pci_cfg_read ICH9-LPC 00:1f.0 @0x14 -> 0x0
pci_cfg_write ICH9-LPC 00:1f.0 @0x14 <- 0xffffffff
pci_cfg_read ICH9-LPC 00:1f.0 @0x14 -> 0x0
pci_cfg_write ICH9-LPC 00:1f.0 @0x14 <- 0x0
pci_cfg_read ICH9-LPC 00:1f.0 @0x18 -> 0x0
pci_cfg_write ICH9-LPC 00:1f.0 @0x18 <- 0xffffffff
pci_cfg_read ICH9-LPC 00:1f.0 @0x18 -> 0x0
pci_cfg_write ICH9-LPC 00:1f.0 @0x18 <- 0x0
pci_cfg_read ICH9-LPC 00:1f.0 @0x1c -> 0x0
pci_cfg_write ICH9-LPC 00:1f.0 @0x1c <- 0xffffffff
pci_cfg_read ICH9-LPC 00:1f.0 @0x1c -> 0x0
pci_cfg_write ICH9-LPC 00:1f.0 @0x1c <- 0x0
pci_cfg_read ICH9-LPC 00:1f.0 @0x20 -> 0x0
pci_cfg_write ICH9-LPC 00:1f.0 @0x20 <- 0xffffffff
pci_cfg_read ICH9-LPC 00:1f.0 @0x20 -> 0x0
pci_cfg_write ICH9-LPC 00:1f.0 @0x20 <- 0x0
pci_cfg_read ICH9-LPC 00:1f.0 @0x24 -> 0x0
pci_cfg_write ICH9-LPC 00:1f.0 @0x24 <- 0xffffffff
pci_cfg_read ICH9-LPC 00:1f.0 @0x24 -> 0x0
pci_cfg_write ICH9-LPC 00:1f.0 @0x24 <- 0x0
pci_cfg_write ICH9-LPC 00:1f.0 @0x30 <- 0xfffffffe
pci_cfg_read ICH9-LPC 00:1f.0 @0x30 -> 0x0
pci_cfg_read ich9-ahci 00:1f.2 @0x0 -> 0x29228086
pci_cfg_read ich9-ahci 00:1f.2 @0x0 -> 0x29228086
pci_cfg_read ich9-ahci 00:1f.2 @0x4 -> 0x100000
pci_cfg_read ich9-ahci 00:1f.2 @0x8 -> 0x1060102
pci_cfg_read ich9-ahci 00:1f.2 @0xc -> 0x800000
pci_cfg_read ich9-ahci 00:1f.2 @0x10 -> 0x0
pci_cfg_read ich9-ahci 00:1f.2 @0x14 -> 0x0
pci_cfg_read ich9-ahci 00:1f.2 @0x18 -> 0x0
pci_cfg_read ich9-ahci 00:1f.2 @0x1c -> 0x0
pci_cfg_read ich9-ahci 00:1f.2 @0x20 -> 0x1
pci_cfg_read ich9-ahci 00:1f.2 @0x24 -> 0x0
pci_cfg_read ich9-ahci 00:1f.2 @0x28 -> 0x0
pci_cfg_read ich9-ahci 00:1f.2 @0x2c -> 0x11001af4
pci_cfg_read ich9-ahci 00:1f.2 @0x30 -> 0x0
pci_cfg_read ich9-ahci 00:1f.2 @0x34 -> 0x80
pci_cfg_read ich9-ahci 00:1f.2 @0x38 -> 0x0
pci_cfg_read ich9-ahci 00:1f.2 @0x3c -> 0x100
pci_cfg_read ich9-ahci 00:1f.2 @0x34 -> 0x80
pci_cfg_read ich9-ahci 00:1f.2 @0x80 -> 0xa805
pci_cfg_read ich9-ahci 00:1f.2 @0xa8 -> 0x12
pci_cfg_read ich9-ahci 00:1f.2 @0x4 -> 0x0
pci_cfg_write ich9-ahci 00:1f.2 @0x4 <- 0x0
pci_cfg_read ich9-ahci 00:1f.2 @0x10 -> 0x0
pci_cfg_write ich9-ahci 00:1f.2 @0x10 <- 0xffffffff
pci_cfg_read ich9-ahci 00:1f.2 @0x10 -> 0x0
pci_cfg_write ich9-ahci 00:1f.2 @0x10 <- 0x0
pci_cfg_read ich9-ahci 00:1f.2 @0x14 -> 0x0
pci_cfg_write ich9-ahci 00:1f.2 @0x14 <- 0xffffffff
pci_cfg_read ich9-ahci 00:1f.2 @0x14 -> 0x0
pci_cfg_write ich9-ahci 00:1f.2 @0x14 <- 0x0
pci_cfg_read ich9-ahci 00:1f.2 @0x18 -> 0x0
pci_cfg_write ich9-ahci 00:1f.2 @0x18 <- 0xffffffff
pci_cfg_read ich9-ahci 00:1f.2 @0x18 -> 0x0
pci_cfg_write ich9-ahci 00:1f.2 @0x18 <- 0x0
pci_cfg_read ich9-ahci 00:1f.2 @0x1c -> 0x0
pci_cfg_write ich9-ahci 00:1f.2 @0x1c <- 0xffffffff
pci_cfg_read ich9-ahci 00:1f.2 @0x1c -> 0x0
pci_cfg_write ich9-ahci 00:1f.2 @0x1c <- 0x0
pci_cfg_read ich9-ahci 00:1f.2 @0x20 -> 0x1
pci_cfg_write ich9-ahci 00:1f.2 @0x20 <- 0xffffffff
pci_cfg_read ich9-ahci 00:1f.2 @0x20 -> 0xffffffe1
pci_cfg_write ich9-ahci 00:1f.2 @0x20 <- 0x1
pci_cfg_read ich9-ahci 00:1f.2 @0x24 -> 0x0
pci_cfg_write ich9-ahci 00:1f.2 @0x24 <- 0xffffffff
pci_cfg_read ich9-ahci 00:1f.2 @0x24 -> 0xfffff000
pci_cfg_write ich9-ahci 00:1f.2 @0x24 <- 0x0
pci_cfg_write ich9-ahci 00:1f.2 @0x30 <- 0xfffffffe
pci_cfg_read ich9-ahci 00:1f.2 @0x30 -> 0x0
pci_cfg_read ich9-ahci 00:1f.2 @0x34 -> 0x80
pci_cfg_read ich9-ahci 00:1f.2 @0x80 -> 0xa805
pci_cfg_read ich9-ahci 00:1f.2 @0xa8 -> 0x12
pci_cfg_read ICH9-SMB 00:1f.3 @0x0 -> 0x29308086
pci_cfg_read ICH9-SMB 00:1f.3 @0x0 -> 0x29308086
pci_cfg_read ICH9-SMB 00:1f.3 @0x4 -> 0x0
pci_cfg_read ICH9-SMB 00:1f.3 @0x8 -> 0xc050002
pci_cfg_read ICH9-SMB 00:1f.3 @0xc -> 0x800000
pci_cfg_read ICH9-SMB 00:1f.3 @0x10 -> 0x0
pci_cfg_read ICH9-SMB 00:1f.3 @0x14 -> 0x0
pci_cfg_read ICH9-SMB 00:1f.3 @0x18 -> 0x0
pci_cfg_read ICH9-SMB 00:1f.3 @0x1c -> 0x0
pci_cfg_read ICH9-SMB 00:1f.3 @0x20 -> 0x1
pci_cfg_read ICH9-SMB 00:1f.3 @0x24 -> 0x0
pci_cfg_read ICH9-SMB 00:1f.3 @0x28 -> 0x0
pci_cfg_read ICH9-SMB 00:1f.3 @0x2c -> 0x11001af4
pci_cfg_read ICH9-SMB 00:1f.3 @0x30 -> 0x0
pci_cfg_read ICH9-SMB 00:1f.3 @0x34 -> 0x0
pci_cfg_read ICH9-SMB 00:1f.3 @0x38 -> 0x0
pci_cfg_read ICH9-SMB 00:1f.3 @0x3c -> 0x100
pci_cfg_read ICH9-SMB 00:1f.3 @0x4 -> 0x0
pci_cfg_write ICH9-SMB 00:1f.3 @0x4 <- 0x0
pci_cfg_read ICH9-SMB 00:1f.3 @0x10 -> 0x0
pci_cfg_write ICH9-SMB 00:1f.3 @0x10 <- 0xffffffff
pci_cfg_read ICH9-SMB 00:1f.3 @0x10 -> 0x0
pci_cfg_write ICH9-SMB 00:1f.3 @0x10 <- 0x0
pci_cfg_read ICH9-SMB 00:1f.3 @0x14 -> 0x0
pci_cfg_write ICH9-SMB 00:1f.3 @0x14 <- 0xffffffff
pci_cfg_read ICH9-SMB 00:1f.3 @0x14 -> 0x0
pci_cfg_write ICH9-SMB 00:1f.3 @0x14 <- 0x0
pci_cfg_read ICH9-SMB 00:1f.3 @0x18 -> 0x0
pci_cfg_write ICH9-SMB 00:1f.3 @0x18 <- 0xffffffff
pci_cfg_read ICH9-SMB 00:1f.3 @0x18 -> 0x0
pci_cfg_write ICH9-SMB 00:1f.3 @0x18 <- 0x0
pci_cfg_read ICH9-SMB 00:1f.3 @0x1c -> 0x0
pci_cfg_write ICH9-SMB 00:1f.3 @0x1c <- 0xffffffff
pci_cfg_read ICH9-SMB 00:1f.3 @0x1c -> 0x0
pci_cfg_write ICH9-SMB 00:1f.3 @0x1c <- 0x0
pci_cfg_read ICH9-SMB 00:1f.3 @0x20 -> 0x1
pci_cfg_write ICH9-SMB 00:1f.3 @0x20 <- 0xffffffff
pci_cfg_read ICH9-SMB 00:1f.3 @0x20 -> 0xffffffc1
pci_cfg_write ICH9-SMB 00:1f.3 @0x20 <- 0x1
pci_cfg_read ICH9-SMB 00:1f.3 @0x24 -> 0x0
pci_cfg_write ICH9-SMB 00:1f.3 @0x24 <- 0xffffffff
pci_cfg_read ICH9-SMB 00:1f.3 @0x24 -> 0x0
pci_cfg_write ICH9-SMB 00:1f.3 @0x24 <- 0x0
pci_cfg_write ICH9-SMB 00:1f.3 @0x30 <- 0xfffffffe
pci_cfg_read ICH9-SMB 00:1f.3 @0x30 -> 0x0
pci_cfg_write ICH9-SMB 00:1f.3 @0x20 <- 0x6000
pci_cfg_write ich9-ahci 00:1f.2 @0x20 <- 0x6040
pci_cfg_write piix3-ide 00:01.0 @0x20 <- 0x6060
pci_cfg_write ich9-ahci 00:1f.2 @0x24 <- 0x80000000
pci_cfg_write virtio-blk-pci 00:05.0 @0x20 <- 0x0
pci_cfg_write virtio-blk-pci 00:05.0 @0x24 <- 0x8
pci_cfg_read mch 00:00.0 @0x4 -> 0x0
pci_cfg_write mch 00:00.0 @0x4 <- 0x27
pci_cfg_read mch 00:00.0 @0x4 -> 0x7
pci_cfg_write mch 00:00.0 @0x4 <- 0x0
pci_cfg_read mch 00:00.0 @0x4 -> 0x0
pci_cfg_write mch 00:00.0 @0x4 <- 0x10
pci_cfg_read mch 00:00.0 @0x6 -> 0x0
pci_cfg_read piix3-ide 00:01.0 @0x4 -> 0x0
pci_cfg_write piix3-ide 00:01.0 @0x4 <- 0x27
pci_cfg_read piix3-ide 00:01.0 @0x4 -> 0x7
pci_cfg_write piix3-ide 00:01.0 @0x4 <- 0x0
pci_cfg_read piix3-ide 00:01.0 @0x4 -> 0x0
pci_cfg_write piix3-ide 00:01.0 @0x4 <- 0x10
pci_cfg_read piix3-ide 00:01.0 @0x6 -> 0x280
pci_cfg_read virtio-blk-pci 00:05.0 @0x4 -> 0x0
pci_cfg_write virtio-blk-pci 00:05.0 @0x4 <- 0x27
pci_cfg_read virtio-blk-pci 00:05.0 @0x4 -> 0x7
pci_cfg_write virtio-blk-pci 00:05.0 @0x4 <- 0x0
virtio_set_status vdev 0x56246085deb0 val 0
pci_cfg_read virtio-blk-pci 00:05.0 @0x4 -> 0x0
pci_cfg_write virtio-blk-pci 00:05.0 @0x4 <- 0x10
virtio_set_status vdev 0x56246085deb0 val 0
pci_cfg_read virtio-blk-pci 00:05.0 @0x6 -> 0x10
pci_cfg_read ICH9-LPC 00:1f.0 @0x4 -> 0x0
pci_cfg_write ICH9-LPC 00:1f.0 @0x4 <- 0x27
pci_cfg_read ICH9-LPC 00:1f.0 @0x4 -> 0x7
pci_cfg_write ICH9-LPC 00:1f.0 @0x4 <- 0x0
pci_cfg_read ICH9-LPC 00:1f.0 @0x4 -> 0x0
pci_cfg_write ICH9-LPC 00:1f.0 @0x4 <- 0x10
pci_cfg_read ICH9-LPC 00:1f.0 @0x6 -> 0x0
pci_cfg_read ich9-ahci 00:1f.2 @0x4 -> 0x0
pci_cfg_write ich9-ahci 00:1f.2 @0x4 <- 0x27
pci_cfg_read ich9-ahci 00:1f.2 @0x4 -> 0x7
pci_cfg_write ich9-ahci 00:1f.2 @0x4 <- 0x0
pci_cfg_read ich9-ahci 00:1f.2 @0x4 -> 0x0
pci_cfg_write ich9-ahci 00:1f.2 @0x4 <- 0x10
pci_cfg_read ich9-ahci 00:1f.2 @0x6 -> 0x10
pci_cfg_read ICH9-SMB 00:1f.3 @0x4 -> 0x0
pci_cfg_write ICH9-SMB 00:1f.3 @0x4 <- 0x27
pci_cfg_read ICH9-SMB 00:1f.3 @0x4 -> 0x7
pci_cfg_write ICH9-SMB 00:1f.3 @0x4 <- 0x0
pci_cfg_read ICH9-SMB 00:1f.3 @0x4 -> 0x0
pci_cfg_write ICH9-SMB 00:1f.3 @0x4 <- 0x10
pci_cfg_read ICH9-SMB 00:1f.3 @0x6 -> 0x0
pci_cfg_read mch 00:00.0 @0x4 -> 0x0
pci_cfg_write mch 00:00.0 @0x4 <- 0x0
pci_cfg_read piix3-ide 00:01.0 @0x4 -> 0x0
pci_cfg_write piix3-ide 00:01.0 @0x4 <- 0x0
pci_cfg_read virtio-blk-pci 00:05.0 @0x4 -> 0x0
pci_cfg_write virtio-blk-pci 00:05.0 @0x4 <- 0x0
virtio_set_status vdev 0x56246085deb0 val 0
pci_cfg_read ICH9-LPC 00:1f.0 @0x4 -> 0x0
pci_cfg_write ICH9-LPC 00:1f.0 @0x4 <- 0x0
pci_cfg_read ich9-ahci 00:1f.2 @0x4 -> 0x0
pci_cfg_write ich9-ahci 00:1f.2 @0x4 <- 0x0
pci_cfg_read ICH9-SMB 00:1f.3 @0x4 -> 0x0
pci_cfg_write ICH9-SMB 00:1f.3 @0x4 <- 0x0
pci_cfg_write mch 00:00.0 @0x3c <- 0xff
pci_cfg_write piix3-ide 00:01.0 @0x3c <- 0xff
pci_cfg_write virtio-blk-pci 00:05.0 @0x3c <- 0xff
pci_cfg_write ICH9-LPC 00:1f.0 @0x3c <- 0xff
pci_cfg_write ich9-ahci 00:1f.2 @0x3c <- 0xff
pci_cfg_write ICH9-SMB 00:1f.3 @0x3c <- 0xff
pci_cfg_read mch 00:00.0 @0x4 -> 0x0
pci_cfg_write mch 00:00.0 @0x4 <- 0x3
pci_cfg_read piix3-ide 00:01.0 @0x4 -> 0x0
pci_cfg_write piix3-ide 00:01.0 @0x4 <- 0x3
pci_cfg_read virtio-blk-pci 00:05.0 @0x4 -> 0x0
pci_cfg_write virtio-blk-pci 00:05.0 @0x4 <- 0x3
virtio_set_status vdev 0x56246085deb0 val 0
pci_cfg_read ICH9-LPC 00:1f.0 @0x4 -> 0x0
pci_cfg_write ICH9-LPC 00:1f.0 @0x4 <- 0x3
pci_cfg_read ich9-ahci 00:1f.2 @0x4 -> 0x0
pci_cfg_write ich9-ahci 00:1f.2 @0x4 <- 0x3
pci_cfg_read ICH9-SMB 00:1f.3 @0x4 -> 0x0
pci_cfg_write ICH9-SMB 00:1f.3 @0x4 <- 0x3
pci_cfg_read mch 00:00.0 @0x4 -> 0x3
pci_cfg_write mch 00:00.0 @0x4 <- 0x3
pci_cfg_read mch 00:00.0 @0x4 -> 0x3
pci_cfg_write mch 00:00.0 @0x4 <- 0x0
pci_cfg_read piix3-ide 00:01.0 @0x4 -> 0x3
pci_cfg_write piix3-ide 00:01.0 @0x4 <- 0x3
pci_cfg_read piix3-ide 00:01.0 @0x4 -> 0x3
pci_cfg_write piix3-ide 00:01.0 @0x4 <- 0x0
pci_cfg_read virtio-blk-pci 00:05.0 @0x4 -> 0x3
pci_cfg_write virtio-blk-pci 00:05.0 @0x4 <- 0x3
virtio_set_status vdev 0x56246085deb0 val 0
pci_cfg_read virtio-blk-pci 00:05.0 @0x4 -> 0x3
pci_cfg_write virtio-blk-pci 00:05.0 @0x4 <- 0x0
virtio_set_status vdev 0x56246085deb0 val 0
pci_cfg_read ICH9-LPC 00:1f.0 @0x4 -> 0x3
pci_cfg_write ICH9-LPC 00:1f.0 @0x4 <- 0x3
pci_cfg_read ICH9-LPC 00:1f.0 @0x4 -> 0x3
pci_cfg_write ICH9-LPC 00:1f.0 @0x4 <- 0x0
pci_cfg_read ich9-ahci 00:1f.2 @0x4 -> 0x3
pci_cfg_write ich9-ahci 00:1f.2 @0x4 <- 0x3
pci_cfg_read ich9-ahci 00:1f.2 @0x4 -> 0x3
pci_cfg_write ich9-ahci 00:1f.2 @0x4 <- 0x0
pci_cfg_read ICH9-SMB 00:1f.3 @0x4 -> 0x3
pci_cfg_write ICH9-SMB 00:1f.3 @0x4 <- 0x3
pci_cfg_read ICH9-SMB 00:1f.3 @0x4 -> 0x3
pci_cfg_write ICH9-SMB 00:1f.3 @0x4 <- 0x0
pci_cfg_read mch 00:00.0 @0x0 -> 0x29c08086
pci_cfg_read mch 00:00.0 @0x4 -> 0x0
pci_cfg_read mch 00:00.0 @0x8 -> 0x6000000
pci_cfg_read mch 00:00.0 @0xc -> 0x0
pci_cfg_read mch 00:00.0 @0x10 -> 0x0
pci_cfg_read mch 00:00.0 @0x14 -> 0x0
pci_cfg_read mch 00:00.0 @0x18 -> 0x0
pci_cfg_read mch 00:00.0 @0x1c -> 0x0
pci_cfg_read mch 00:00.0 @0x20 -> 0x0
pci_cfg_read mch 00:00.0 @0x24 -> 0x0
pci_cfg_read mch 00:00.0 @0x28 -> 0x0
pci_cfg_read mch 00:00.0 @0x2c -> 0x11001af4
pci_cfg_read mch 00:00.0 @0x30 -> 0x0
pci_cfg_read mch 00:00.0 @0x34 -> 0x0
pci_cfg_read mch 00:00.0 @0x38 -> 0x0
pci_cfg_read mch 00:00.0 @0x3c -> 0xff
pci_cfg_read mch 00:00.0 @0x4 -> 0x0
pci_cfg_write mch 00:00.0 @0x4 <- 0x7
pci_cfg_read piix3-ide 00:01.0 @0x0 -> 0x70108086
pci_cfg_read piix3-ide 00:01.0 @0x4 -> 0x2800000
pci_cfg_read piix3-ide 00:01.0 @0x8 -> 0x1018000
pci_cfg_read piix3-ide 00:01.0 @0xc -> 0x0
pci_cfg_read piix3-ide 00:01.0 @0x10 -> 0x0
pci_cfg_read piix3-ide 00:01.0 @0x14 -> 0x0
pci_cfg_read piix3-ide 00:01.0 @0x18 -> 0x0
pci_cfg_read piix3-ide 00:01.0 @0x1c -> 0x0
pci_cfg_read piix3-ide 00:01.0 @0x20 -> 0x6061
pci_cfg_read piix3-ide 00:01.0 @0x24 -> 0x0
pci_cfg_read piix3-ide 00:01.0 @0x28 -> 0x0
pci_cfg_read piix3-ide 00:01.0 @0x2c -> 0x11001af4
pci_cfg_read piix3-ide 00:01.0 @0x30 -> 0x0
pci_cfg_read piix3-ide 00:01.0 @0x34 -> 0x0
pci_cfg_read piix3-ide 00:01.0 @0x38 -> 0x0
pci_cfg_read piix3-ide 00:01.0 @0x3c -> 0xff
pci_cfg_read piix3-ide 00:01.0 @0x4 -> 0x0
pci_cfg_write piix3-ide 00:01.0 @0x4 <- 0x7
pci_cfg_read virtio-blk-pci 00:05.0 @0x0 -> 0x10421af4
pci_cfg_read virtio-blk-pci 00:05.0 @0x4 -> 0x100000
pci_cfg_read virtio-blk-pci 00:05.0 @0x8 -> 0x1000001
pci_cfg_read virtio-blk-pci 00:05.0 @0xc -> 0x0
pci_cfg_read virtio-blk-pci 00:05.0 @0x10 -> 0x0
pci_cfg_read virtio-blk-pci 00:05.0 @0x14 -> 0x0
pci_cfg_read virtio-blk-pci 00:05.0 @0x18 -> 0x0
pci_cfg_read virtio-blk-pci 00:05.0 @0x1c -> 0x0
pci_cfg_read virtio-blk-pci 00:05.0 @0x20 -> 0xc
pci_cfg_read virtio-blk-pci 00:05.0 @0x24 -> 0x8
pci_cfg_read virtio-blk-pci 00:05.0 @0x28 -> 0x0
pci_cfg_read virtio-blk-pci 00:05.0 @0x2c -> 0x11001af4
pci_cfg_read virtio-blk-pci 00:05.0 @0x30 -> 0x0
pci_cfg_read virtio-blk-pci 00:05.0 @0x34 -> 0x84
pci_cfg_read virtio-blk-pci 00:05.0 @0x38 -> 0x0
pci_cfg_read virtio-blk-pci 00:05.0 @0x3c -> 0x1ff
pci_cfg_read virtio-blk-pci 00:05.0 @0x4 -> 0x0
pci_cfg_write virtio-blk-pci 00:05.0 @0x4 <- 0x7
pci_cfg_read ICH9-LPC 00:1f.0 @0x0 -> 0x29188086
pci_cfg_read ICH9-LPC 00:1f.0 @0x4 -> 0x0
pci_cfg_read ICH9-LPC 00:1f.0 @0x8 -> 0x6010002
pci_cfg_read ICH9-LPC 00:1f.0 @0xc -> 0x800000
pci_cfg_read ICH9-LPC 00:1f.0 @0x10 -> 0x0
pci_cfg_read ICH9-LPC 00:1f.0 @0x14 -> 0x0
pci_cfg_read ICH9-LPC 00:1f.0 @0x18 -> 0x0
pci_cfg_read ICH9-LPC 00:1f.0 @0x1c -> 0x0
pci_cfg_read ICH9-LPC 00:1f.0 @0x20 -> 0x0
pci_cfg_read ICH9-LPC 00:1f.0 @0x24 -> 0x0
pci_cfg_read ICH9-LPC 00:1f.0 @0x28 -> 0x0
pci_cfg_read ICH9-LPC 00:1f.0 @0x2c -> 0x11001af4
pci_cfg_read ICH9-LPC 00:1f.0 @0x30 -> 0x0
pci_cfg_read ICH9-LPC 00:1f.0 @0x34 -> 0x0
pci_cfg_read ICH9-LPC 00:1f.0 @0x38 -> 0x0
pci_cfg_read ICH9-LPC 00:1f.0 @0x3c -> 0xff
pci_cfg_read ICH9-LPC 00:1f.0 @0x4 -> 0x0
pci_cfg_write ICH9-LPC 00:1f.0 @0x4 <- 0x7
pci_cfg_read ich9-ahci 00:1f.2 @0x0 -> 0x29228086
pci_cfg_read ich9-ahci 00:1f.2 @0x4 -> 0x100000
pci_cfg_read ich9-ahci 00:1f.2 @0x8 -> 0x1060102
pci_cfg_read ich9-ahci 00:1f.2 @0xc -> 0x800000
pci_cfg_read ich9-ahci 00:1f.2 @0x10 -> 0x0
pci_cfg_read ich9-ahci 00:1f.2 @0x14 -> 0x0
pci_cfg_read ich9-ahci 00:1f.2 @0x18 -> 0x0
pci_cfg_read ich9-ahci 00:1f.2 @0x1c -> 0x0
pci_cfg_read ich9-ahci 00:1f.2 @0x20 -> 0x6041
pci_cfg_read ich9-ahci 00:1f.2 @0x24 -> 0x80000000
pci_cfg_read ich9-ahci 00:1f.2 @0x28 -> 0x0
pci_cfg_read ich9-ahci 00:1f.2 @0x2c -> 0x11001af4
pci_cfg_read ich9-ahci 00:1f.2 @0x30 -> 0x0
pci_cfg_read ich9-ahci 00:1f.2 @0x34 -> 0x80
pci_cfg_read ich9-ahci 00:1f.2 @0x38 -> 0x0
pci_cfg_read ich9-ahci 00:1f.2 @0x3c -> 0x1ff
pci_cfg_read ich9-ahci 00:1f.2 @0x4 -> 0x0
pci_cfg_write ich9-ahci 00:1f.2 @0x4 <- 0x7
pci_cfg_read ICH9-SMB 00:1f.3 @0x0 -> 0x29308086
pci_cfg_read ICH9-SMB 00:1f.3 @0x4 -> 0x0
pci_cfg_read ICH9-SMB 00:1f.3 @0x8 -> 0xc050002
pci_cfg_read ICH9-SMB 00:1f.3 @0xc -> 0x800000
pci_cfg_read ICH9-SMB 00:1f.3 @0x10 -> 0x0
pci_cfg_read ICH9-SMB 00:1f.3 @0x14 -> 0x0
pci_cfg_read ICH9-SMB 00:1f.3 @0x18 -> 0x0
pci_cfg_read ICH9-SMB 00:1f.3 @0x1c -> 0x0
pci_cfg_read ICH9-SMB 00:1f.3 @0x20 -> 0x6001
pci_cfg_read ICH9-SMB 00:1f.3 @0x24 -> 0x0
pci_cfg_read ICH9-SMB 00:1f.3 @0x28 -> 0x0
pci_cfg_read ICH9-SMB 00:1f.3 @0x2c -> 0x11001af4
pci_cfg_read ICH9-SMB 00:1f.3 @0x30 -> 0x0
pci_cfg_read ICH9-SMB 00:1f.3 @0x34 -> 0x0
pci_cfg_read ICH9-SMB 00:1f.3 @0x38 -> 0x0
pci_cfg_read ICH9-SMB 00:1f.3 @0x3c -> 0x1ff
pci_cfg_read ICH9-SMB 00:1f.3 @0x4 -> 0x0
pci_cfg_write ICH9-SMB 00:1f.3 @0x4 <- 0x7
pci_cfg_read ICH9-LPC 00:1f.0 @0x40 -> 0x601
pci_cfg_read mch 00:00.0 @0x0 -> 0x29c08086
pci_cfg_read mch 00:00.0 @0x4 -> 0x7
pci_cfg_read mch 00:00.0 @0x8 -> 0x6000000
pci_cfg_read mch 00:00.0 @0xc -> 0x0
pci_cfg_read mch 00:00.0 @0x10 -> 0x0
pci_cfg_read mch 00:00.0 @0x14 -> 0x0
pci_cfg_read mch 00:00.0 @0x18 -> 0x0
pci_cfg_read mch 00:00.0 @0x1c -> 0x0
pci_cfg_read mch 00:00.0 @0x20 -> 0x0
pci_cfg_read mch 00:00.0 @0x24 -> 0x0
pci_cfg_read mch 00:00.0 @0x28 -> 0x0
pci_cfg_read mch 00:00.0 @0x2c -> 0x11001af4
pci_cfg_read mch 00:00.0 @0x30 -> 0x0
pci_cfg_read mch 00:00.0 @0x34 -> 0x0
pci_cfg_read mch 00:00.0 @0x38 -> 0x0
pci_cfg_read mch 00:00.0 @0x3c -> 0xff
pci_cfg_read mch 00:00.0 @0x4 -> 0x7
pci_cfg_write mch 00:00.0 @0x4 <- 0x7
pci_cfg_read piix3-ide 00:01.0 @0x0 -> 0x70108086
pci_cfg_read piix3-ide 00:01.0 @0x4 -> 0x2800007
pci_cfg_read piix3-ide 00:01.0 @0x8 -> 0x1018000
pci_cfg_read piix3-ide 00:01.0 @0xc -> 0x0
pci_cfg_read piix3-ide 00:01.0 @0x10 -> 0x0
pci_cfg_read piix3-ide 00:01.0 @0x14 -> 0x0
pci_cfg_read piix3-ide 00:01.0 @0x18 -> 0x0
pci_cfg_read piix3-ide 00:01.0 @0x1c -> 0x0
pci_cfg_read piix3-ide 00:01.0 @0x20 -> 0x6061
pci_cfg_read piix3-ide 00:01.0 @0x24 -> 0x0
pci_cfg_read piix3-ide 00:01.0 @0x28 -> 0x0
pci_cfg_read piix3-ide 00:01.0 @0x2c -> 0x11001af4
pci_cfg_read piix3-ide 00:01.0 @0x30 -> 0x0
pci_cfg_read piix3-ide 00:01.0 @0x34 -> 0x0
pci_cfg_read piix3-ide 00:01.0 @0x38 -> 0x0
pci_cfg_read piix3-ide 00:01.0 @0x3c -> 0xff
pci_cfg_read piix3-ide 00:01.0 @0x4 -> 0x7
pci_cfg_write piix3-ide 00:01.0 @0x4 <- 0x7
pci_cfg_read virtio-blk-pci 00:05.0 @0x0 -> 0x10421af4
pci_cfg_read virtio-blk-pci 00:05.0 @0x4 -> 0x100007
pci_cfg_read virtio-blk-pci 00:05.0 @0x8 -> 0x1000001
pci_cfg_read virtio-blk-pci 00:05.0 @0xc -> 0x0
pci_cfg_read virtio-blk-pci 00:05.0 @0x10 -> 0x0
pci_cfg_read virtio-blk-pci 00:05.0 @0x14 -> 0x0
pci_cfg_read virtio-blk-pci 00:05.0 @0x18 -> 0x0
pci_cfg_read virtio-blk-pci 00:05.0 @0x1c -> 0x0
pci_cfg_read virtio-blk-pci 00:05.0 @0x20 -> 0xc
pci_cfg_read virtio-blk-pci 00:05.0 @0x24 -> 0x8
pci_cfg_read virtio-blk-pci 00:05.0 @0x28 -> 0x0
pci_cfg_read virtio-blk-pci 00:05.0 @0x2c -> 0x11001af4
pci_cfg_read virtio-blk-pci 00:05.0 @0x30 -> 0x0
pci_cfg_read virtio-blk-pci 00:05.0 @0x34 -> 0x84
pci_cfg_read virtio-blk-pci 00:05.0 @0x38 -> 0x0
pci_cfg_read virtio-blk-pci 00:05.0 @0x3c -> 0x1ff
pci_cfg_read virtio-blk-pci 00:05.0 @0x4 -> 0x7
pci_cfg_write virtio-blk-pci 00:05.0 @0x4 <- 0x7
pci_cfg_read ICH9-LPC 00:1f.0 @0x0 -> 0x29188086
pci_cfg_read ICH9-LPC 00:1f.0 @0x4 -> 0x7
pci_cfg_read ICH9-LPC 00:1f.0 @0x8 -> 0x6010002
pci_cfg_read ICH9-LPC 00:1f.0 @0xc -> 0x800000
pci_cfg_read ICH9-LPC 00:1f.0 @0x10 -> 0x0
pci_cfg_read ICH9-LPC 00:1f.0 @0x14 -> 0x0
pci_cfg_read ICH9-LPC 00:1f.0 @0x18 -> 0x0
pci_cfg_read ICH9-LPC 00:1f.0 @0x1c -> 0x0
pci_cfg_read ICH9-LPC 00:1f.0 @0x20 -> 0x0
pci_cfg_read ICH9-LPC 00:1f.0 @0x24 -> 0x0
pci_cfg_read ICH9-LPC 00:1f.0 @0x28 -> 0x0
pci_cfg_read ICH9-LPC 00:1f.0 @0x2c -> 0x11001af4
pci_cfg_read ICH9-LPC 00:1f.0 @0x30 -> 0x0
pci_cfg_read ICH9-LPC 00:1f.0 @0x34 -> 0x0
pci_cfg_read ICH9-LPC 00:1f.0 @0x38 -> 0x0
pci_cfg_read ICH9-LPC 00:1f.0 @0x3c -> 0xff
pci_cfg_read ICH9-LPC 00:1f.0 @0x4 -> 0x7
pci_cfg_write ICH9-LPC 00:1f.0 @0x4 <- 0x7
pci_cfg_read ich9-ahci 00:1f.2 @0x0 -> 0x29228086
pci_cfg_read ich9-ahci 00:1f.2 @0x4 -> 0x100007
pci_cfg_read ich9-ahci 00:1f.2 @0x8 -> 0x1060102
pci_cfg_read ich9-ahci 00:1f.2 @0xc -> 0x800000
pci_cfg_read ich9-ahci 00:1f.2 @0x10 -> 0x0
pci_cfg_read ich9-ahci 00:1f.2 @0x14 -> 0x0
pci_cfg_read ich9-ahci 00:1f.2 @0x18 -> 0x0
pci_cfg_read ich9-ahci 00:1f.2 @0x1c -> 0x0
pci_cfg_read ich9-ahci 00:1f.2 @0x20 -> 0x6041
pci_cfg_read ich9-ahci 00:1f.2 @0x24 -> 0x80000000
pci_cfg_read ich9-ahci 00:1f.2 @0x28 -> 0x0
pci_cfg_read ich9-ahci 00:1f.2 @0x2c -> 0x11001af4
pci_cfg_read ich9-ahci 00:1f.2 @0x30 -> 0x0
pci_cfg_read ich9-ahci 00:1f.2 @0x34 -> 0x80
pci_cfg_read ich9-ahci 00:1f.2 @0x38 -> 0x0
pci_cfg_read ich9-ahci 00:1f.2 @0x3c -> 0x1ff
pci_cfg_read ich9-ahci 00:1f.2 @0x4 -> 0x7
pci_cfg_write ich9-ahci 00:1f.2 @0x4 <- 0x7
pci_cfg_read ICH9-SMB 00:1f.3 @0x0 -> 0x29308086
pci_cfg_read ICH9-SMB 00:1f.3 @0x4 -> 0x7
pci_cfg_read ICH9-SMB 00:1f.3 @0x8 -> 0xc050002
pci_cfg_read ICH9-SMB 00:1f.3 @0xc -> 0x800000
pci_cfg_read ICH9-SMB 00:1f.3 @0x10 -> 0x0
pci_cfg_read ICH9-SMB 00:1f.3 @0x14 -> 0x0
pci_cfg_read ICH9-SMB 00:1f.3 @0x18 -> 0x0
pci_cfg_read ICH9-SMB 00:1f.3 @0x1c -> 0x0
pci_cfg_read ICH9-SMB 00:1f.3 @0x20 -> 0x6001
pci_cfg_read ICH9-SMB 00:1f.3 @0x24 -> 0x0
pci_cfg_read ICH9-SMB 00:1f.3 @0x28 -> 0x0
pci_cfg_read ICH9-SMB 00:1f.3 @0x2c -> 0x11001af4
pci_cfg_read ICH9-SMB 00:1f.3 @0x30 -> 0x0
pci_cfg_read ICH9-SMB 00:1f.3 @0x34 -> 0x0
pci_cfg_read ICH9-SMB 00:1f.3 @0x38 -> 0x0
pci_cfg_read ICH9-SMB 00:1f.3 @0x3c -> 0x1ff
pci_cfg_read ICH9-SMB 00:1f.3 @0x4 -> 0x7
pci_cfg_write ICH9-SMB 00:1f.3 @0x4 <- 0x7
pci_cfg_read mch 00:00.0 @0x0 -> 0x8086
pci_cfg_read piix3-ide 00:01.0 @0x0 -> 0x8086
pci_cfg_read virtio-blk-pci 00:05.0 @0x0 -> 0x1af4
pci_cfg_read virtio-blk-pci 00:05.0 @0x2 -> 0x1042
pci_cfg_read virtio-blk-pci 00:05.0 @0x8 -> 0x1
pci_cfg_read ICH9-LPC 00:1f.0 @0x0 -> 0x8086
pci_cfg_read ich9-ahci 00:1f.2 @0x0 -> 0x8086
pci_cfg_read ICH9-SMB 00:1f.3 @0x0 -> 0x8086
pci_cfg_read ICH9-LPC 00:1f.0 @0x9 -> 0x0
pci_cfg_read ICH9-LPC 00:1f.0 @0xa -> 0x1
pci_cfg_read ICH9-LPC 00:1f.0 @0xb -> 0x6
pci_cfg_read ICH9-LPC 00:1f.0 @0x9 -> 0x0
pci_cfg_read ICH9-LPC 00:1f.0 @0xa -> 0x1
pci_cfg_read ICH9-LPC 00:1f.0 @0xb -> 0x6
pci_cfg_read ICH9-LPC 00:1f.0 @0x9 -> 0x0
pci_cfg_read ICH9-LPC 00:1f.0 @0xa -> 0x1
pci_cfg_read ICH9-LPC 00:1f.0 @0xb -> 0x6
pci_cfg_read ICH9-LPC 00:1f.0 @0x0 -> 0x29188086
pci_cfg_read ICH9-LPC 00:1f.0 @0x4 -> 0x7
pci_cfg_read ICH9-LPC 00:1f.0 @0x8 -> 0x6010002
pci_cfg_read ICH9-LPC 00:1f.0 @0xc -> 0x800000
pci_cfg_read ICH9-LPC 00:1f.0 @0x10 -> 0x0
pci_cfg_read ICH9-LPC 00:1f.0 @0x14 -> 0x0
pci_cfg_read ICH9-LPC 00:1f.0 @0x18 -> 0x0
pci_cfg_read ICH9-LPC 00:1f.0 @0x1c -> 0x0
pci_cfg_read ICH9-LPC 00:1f.0 @0x20 -> 0x0
pci_cfg_read ICH9-LPC 00:1f.0 @0x24 -> 0x0
pci_cfg_read ICH9-LPC 00:1f.0 @0x28 -> 0x0
pci_cfg_read ICH9-LPC 00:1f.0 @0x2c -> 0x11001af4
pci_cfg_read ICH9-LPC 00:1f.0 @0x30 -> 0x0
pci_cfg_read ICH9-LPC 00:1f.0 @0x34 -> 0x0
pci_cfg_read ICH9-LPC 00:1f.0 @0x38 -> 0x0
pci_cfg_read ICH9-LPC 00:1f.0 @0x3c -> 0xff
pci_cfg_read ICH9-LPC 00:1f.0 @0x4 -> 0x7
pci_cfg_write ICH9-LPC 00:1f.0 @0x4 <- 0x7
pci_cfg_read mch 00:00.0 @0x9 -> 0x0
pci_cfg_read mch 00:00.0 @0xa -> 0x0
pci_cfg_read mch 00:00.0 @0xb -> 0x6
pci_cfg_read piix3-ide 00:01.0 @0x9 -> 0x80
pci_cfg_read piix3-ide 00:01.0 @0xa -> 0x1
pci_cfg_read piix3-ide 00:01.0 @0xb -> 0x1
pci_cfg_read virtio-blk-pci 00:05.0 @0x9 -> 0x0
pci_cfg_read virtio-blk-pci 00:05.0 @0xa -> 0x0
pci_cfg_read virtio-blk-pci 00:05.0 @0xb -> 0x1
pci_cfg_read ICH9-LPC 00:1f.0 @0x9 -> 0x0
pci_cfg_read ICH9-LPC 00:1f.0 @0xa -> 0x1
pci_cfg_read ICH9-LPC 00:1f.0 @0xb -> 0x6
pci_cfg_read ich9-ahci 00:1f.2 @0x9 -> 0x1
pci_cfg_read ich9-ahci 00:1f.2 @0xa -> 0x6
pci_cfg_read ich9-ahci 00:1f.2 @0xb -> 0x1
pci_cfg_read ICH9-SMB 00:1f.3 @0x9 -> 0x0
pci_cfg_read ICH9-SMB 00:1f.3 @0xa -> 0x5
pci_cfg_read ICH9-SMB 00:1f.3 @0xb -> 0xc
pci_cfg_read mch 00:00.0 @0x0 -> 0x29c08086
pci_cfg_read mch 00:00.0 @0x4 -> 0x7
pci_cfg_read mch 00:00.0 @0x8 -> 0x6000000
pci_cfg_read mch 00:00.0 @0xc -> 0x0
pci_cfg_read mch 00:00.0 @0x10 -> 0x0
pci_cfg_read mch 00:00.0 @0x14 -> 0x0
pci_cfg_read mch 00:00.0 @0x18 -> 0x0
pci_cfg_read mch 00:00.0 @0x1c -> 0x0
pci_cfg_read mch 00:00.0 @0x20 -> 0x0
pci_cfg_read mch 00:00.0 @0x24 -> 0x0
pci_cfg_read mch 00:00.0 @0x28 -> 0x0
pci_cfg_read mch 00:00.0 @0x2c -> 0x11001af4
pci_cfg_read mch 00:00.0 @0x30 -> 0x0
pci_cfg_read mch 00:00.0 @0x34 -> 0x0
pci_cfg_read mch 00:00.0 @0x38 -> 0x0
pci_cfg_read mch 00:00.0 @0x3c -> 0xff
pci_cfg_read piix3-ide 00:01.0 @0x0 -> 0x70108086
pci_cfg_read piix3-ide 00:01.0 @0x4 -> 0x2800007
pci_cfg_read piix3-ide 00:01.0 @0x8 -> 0x1018000
pci_cfg_read piix3-ide 00:01.0 @0xc -> 0x0
pci_cfg_read piix3-ide 00:01.0 @0x10 -> 0x0
pci_cfg_read piix3-ide 00:01.0 @0x14 -> 0x0
pci_cfg_read piix3-ide 00:01.0 @0x18 -> 0x0
pci_cfg_read piix3-ide 00:01.0 @0x1c -> 0x0
pci_cfg_read piix3-ide 00:01.0 @0x20 -> 0x6061
pci_cfg_read piix3-ide 00:01.0 @0x24 -> 0x0
pci_cfg_read piix3-ide 00:01.0 @0x28 -> 0x0
pci_cfg_read piix3-ide 00:01.0 @0x2c -> 0x11001af4
pci_cfg_read piix3-ide 00:01.0 @0x30 -> 0x0
pci_cfg_read piix3-ide 00:01.0 @0x34 -> 0x0
pci_cfg_read piix3-ide 00:01.0 @0x38 -> 0x0
pci_cfg_read piix3-ide 00:01.0 @0x3c -> 0xff
pci_cfg_read piix3-ide 00:01.0 @0x9 -> 0x80
pci_cfg_read piix3-ide 00:01.0 @0xa -> 0x1
pci_cfg_read piix3-ide 00:01.0 @0xb -> 0x1
pci_cfg_read piix3-ide 00:01.0 @0x9 -> 0x80
pci_cfg_read piix3-ide 00:01.0 @0xa -> 0x1
pci_cfg_read piix3-ide 00:01.0 @0xb -> 0x1
pci_cfg_read piix3-ide 00:01.0 @0x9 -> 0x80
pci_cfg_read piix3-ide 00:01.0 @0xa -> 0x1
pci_cfg_read piix3-ide 00:01.0 @0xb -> 0x1
pci_cfg_read piix3-ide 00:01.0 @0x9 -> 0x80
pci_cfg_read piix3-ide 00:01.0 @0xa -> 0x1
pci_cfg_read piix3-ide 00:01.0 @0xb -> 0x1
pci_cfg_read piix3-ide 00:01.0 @0x0 -> 0x70108086
pci_cfg_read piix3-ide 00:01.0 @0x4 -> 0x2800007
pci_cfg_read piix3-ide 00:01.0 @0x8 -> 0x1018000
pci_cfg_read piix3-ide 00:01.0 @0xc -> 0x0
pci_cfg_read piix3-ide 00:01.0 @0x10 -> 0x0
pci_cfg_read piix3-ide 00:01.0 @0x14 -> 0x0
pci_cfg_read piix3-ide 00:01.0 @0x18 -> 0x0
pci_cfg_read piix3-ide 00:01.0 @0x1c -> 0x0
pci_cfg_read piix3-ide 00:01.0 @0x20 -> 0x6061
pci_cfg_read piix3-ide 00:01.0 @0x24 -> 0x0
pci_cfg_read piix3-ide 00:01.0 @0x28 -> 0x0
pci_cfg_read piix3-ide 00:01.0 @0x2c -> 0x11001af4
pci_cfg_read piix3-ide 00:01.0 @0x30 -> 0x0
pci_cfg_read piix3-ide 00:01.0 @0x34 -> 0x0
pci_cfg_read piix3-ide 00:01.0 @0x38 -> 0x0
pci_cfg_read piix3-ide 00:01.0 @0x3c -> 0xff
pci_cfg_read piix3-ide 00:01.0 @0x0 -> 0x70108086
pci_cfg_read piix3-ide 00:01.0 @0x4 -> 0x2800007
pci_cfg_read piix3-ide 00:01.0 @0x8 -> 0x1018000
pci_cfg_read piix3-ide 00:01.0 @0xc -> 0x0
pci_cfg_read piix3-ide 00:01.0 @0x10 -> 0x0
pci_cfg_read piix3-ide 00:01.0 @0x14 -> 0x0
pci_cfg_read piix3-ide 00:01.0 @0x18 -> 0x0
pci_cfg_read piix3-ide 00:01.0 @0x1c -> 0x0
pci_cfg_read piix3-ide 00:01.0 @0x20 -> 0x6061
pci_cfg_read piix3-ide 00:01.0 @0x24 -> 0x0
pci_cfg_read piix3-ide 00:01.0 @0x28 -> 0x0
pci_cfg_read piix3-ide 00:01.0 @0x2c -> 0x11001af4
pci_cfg_read piix3-ide 00:01.0 @0x30 -> 0x0
pci_cfg_read piix3-ide 00:01.0 @0x34 -> 0x0
pci_cfg_read piix3-ide 00:01.0 @0x38 -> 0x0
pci_cfg_read piix3-ide 00:01.0 @0x3c -> 0xff
pci_cfg_read piix3-ide 00:01.0 @0x0 -> 0x70108086
pci_cfg_read piix3-ide 00:01.0 @0x4 -> 0x2800007
pci_cfg_read piix3-ide 00:01.0 @0x8 -> 0x1018000
pci_cfg_read piix3-ide 00:01.0 @0xc -> 0x0
pci_cfg_read piix3-ide 00:01.0 @0x10 -> 0x0
pci_cfg_read piix3-ide 00:01.0 @0x14 -> 0x0
pci_cfg_read piix3-ide 00:01.0 @0x18 -> 0x0
pci_cfg_read piix3-ide 00:01.0 @0x1c -> 0x0
pci_cfg_read piix3-ide 00:01.0 @0x20 -> 0x6061
pci_cfg_read piix3-ide 00:01.0 @0x24 -> 0x0
pci_cfg_read piix3-ide 00:01.0 @0x28 -> 0x0
pci_cfg_read piix3-ide 00:01.0 @0x2c -> 0x11001af4
pci_cfg_read piix3-ide 00:01.0 @0x30 -> 0x0
pci_cfg_read piix3-ide 00:01.0 @0x34 -> 0x0
pci_cfg_read piix3-ide 00:01.0 @0x38 -> 0x0
pci_cfg_read piix3-ide 00:01.0 @0x3c -> 0xff
pci_cfg_read piix3-ide 00:01.0 @0x0 -> 0x70108086
pci_cfg_read piix3-ide 00:01.0 @0x4 -> 0x2800007
pci_cfg_read piix3-ide 00:01.0 @0x8 -> 0x1018000
pci_cfg_read piix3-ide 00:01.0 @0xc -> 0x0
pci_cfg_read piix3-ide 00:01.0 @0x10 -> 0x0
pci_cfg_read piix3-ide 00:01.0 @0x14 -> 0x0
pci_cfg_read piix3-ide 00:01.0 @0x18 -> 0x0
pci_cfg_read piix3-ide 00:01.0 @0x1c -> 0x0
pci_cfg_read piix3-ide 00:01.0 @0x20 -> 0x6061
pci_cfg_read piix3-ide 00:01.0 @0x24 -> 0x0
pci_cfg_read piix3-ide 00:01.0 @0x28 -> 0x0
pci_cfg_read piix3-ide 00:01.0 @0x2c -> 0x11001af4
pci_cfg_read piix3-ide 00:01.0 @0x30 -> 0x0
pci_cfg_read piix3-ide 00:01.0 @0x34 -> 0x0
pci_cfg_read piix3-ide 00:01.0 @0x38 -> 0x0
pci_cfg_read piix3-ide 00:01.0 @0x3c -> 0xff
pci_cfg_read piix3-ide 00:01.0 @0x0 -> 0x86
pci_cfg_read piix3-ide 00:01.0 @0x1 -> 0x80
pci_cfg_read piix3-ide 00:01.0 @0x2 -> 0x10
pci_cfg_read piix3-ide 00:01.0 @0x3 -> 0x70
pci_cfg_read piix3-ide 00:01.0 @0x4 -> 0x7
pci_cfg_read piix3-ide 00:01.0 @0x5 -> 0x0
pci_cfg_read piix3-ide 00:01.0 @0x6 -> 0x80
pci_cfg_read piix3-ide 00:01.0 @0x7 -> 0x2
pci_cfg_read piix3-ide 00:01.0 @0x8 -> 0x0
pci_cfg_read piix3-ide 00:01.0 @0x9 -> 0x80
pci_cfg_read piix3-ide 00:01.0 @0xa -> 0x1
pci_cfg_read piix3-ide 00:01.0 @0xb -> 0x1
pci_cfg_read piix3-ide 00:01.0 @0xc -> 0x0
pci_cfg_read piix3-ide 00:01.0 @0xd -> 0x0
pci_cfg_read piix3-ide 00:01.0 @0xe -> 0x0
pci_cfg_read piix3-ide 00:01.0 @0xf -> 0x0
pci_cfg_read piix3-ide 00:01.0 @0x10 -> 0x0
pci_cfg_read piix3-ide 00:01.0 @0x11 -> 0x0
pci_cfg_read piix3-ide 00:01.0 @0x12 -> 0x0
pci_cfg_read piix3-ide 00:01.0 @0x13 -> 0x0
pci_cfg_read piix3-ide 00:01.0 @0x14 -> 0x0
pci_cfg_read piix3-ide 00:01.0 @0x15 -> 0x0
pci_cfg_read piix3-ide 00:01.0 @0x16 -> 0x0
pci_cfg_read piix3-ide 00:01.0 @0x17 -> 0x0
pci_cfg_read piix3-ide 00:01.0 @0x18 -> 0x0
pci_cfg_read piix3-ide 00:01.0 @0x19 -> 0x0
pci_cfg_read piix3-ide 00:01.0 @0x1a -> 0x0
pci_cfg_read piix3-ide 00:01.0 @0x1b -> 0x0
pci_cfg_read piix3-ide 00:01.0 @0x1c -> 0x0
pci_cfg_read piix3-ide 00:01.0 @0x1d -> 0x0
pci_cfg_read piix3-ide 00:01.0 @0x1e -> 0x0
pci_cfg_read piix3-ide 00:01.0 @0x1f -> 0x0
pci_cfg_read piix3-ide 00:01.0 @0x20 -> 0x61
pci_cfg_read piix3-ide 00:01.0 @0x21 -> 0x60
pci_cfg_read piix3-ide 00:01.0 @0x22 -> 0x0
pci_cfg_read piix3-ide 00:01.0 @0x23 -> 0x0
pci_cfg_read piix3-ide 00:01.0 @0x24 -> 0x0
pci_cfg_read piix3-ide 00:01.0 @0x25 -> 0x0
pci_cfg_read piix3-ide 00:01.0 @0x26 -> 0x0
pci_cfg_read piix3-ide 00:01.0 @0x27 -> 0x0
pci_cfg_read piix3-ide 00:01.0 @0x28 -> 0x0
pci_cfg_read piix3-ide 00:01.0 @0x29 -> 0x0
pci_cfg_read piix3-ide 00:01.0 @0x2a -> 0x0
pci_cfg_read piix3-ide 00:01.0 @0x2b -> 0x0
pci_cfg_read piix3-ide 00:01.0 @0x2c -> 0xf4
pci_cfg_read piix3-ide 00:01.0 @0x2d -> 0x1a
pci_cfg_read piix3-ide 00:01.0 @0x2e -> 0x0
pci_cfg_read piix3-ide 00:01.0 @0x2f -> 0x11
pci_cfg_read piix3-ide 00:01.0 @0x30 -> 0x0
pci_cfg_read piix3-ide 00:01.0 @0x31 -> 0x0
pci_cfg_read piix3-ide 00:01.0 @0x32 -> 0x0
pci_cfg_read piix3-ide 00:01.0 @0x33 -> 0x0
pci_cfg_read piix3-ide 00:01.0 @0x34 -> 0x0
pci_cfg_read piix3-ide 00:01.0 @0x35 -> 0x0
pci_cfg_read piix3-ide 00:01.0 @0x36 -> 0x0
pci_cfg_read piix3-ide 00:01.0 @0x37 -> 0x0
pci_cfg_read piix3-ide 00:01.0 @0x38 -> 0x0
pci_cfg_read piix3-ide 00:01.0 @0x39 -> 0x0
pci_cfg_read piix3-ide 00:01.0 @0x3a -> 0x0
pci_cfg_read piix3-ide 00:01.0 @0x3b -> 0x0
pci_cfg_read piix3-ide 00:01.0 @0x3c -> 0xff
pci_cfg_read piix3-ide 00:01.0 @0x3d -> 0x0
pci_cfg_read piix3-ide 00:01.0 @0x3e -> 0x0
pci_cfg_read piix3-ide 00:01.0 @0x3f -> 0x0
pci_cfg_read piix3-ide 00:01.0 @0x0 -> 0x86
pci_cfg_read piix3-ide 00:01.0 @0x1 -> 0x80
pci_cfg_read piix3-ide 00:01.0 @0x2 -> 0x10
pci_cfg_read piix3-ide 00:01.0 @0x3 -> 0x70
pci_cfg_read piix3-ide 00:01.0 @0x4 -> 0x7
pci_cfg_read piix3-ide 00:01.0 @0x5 -> 0x0
pci_cfg_read piix3-ide 00:01.0 @0x6 -> 0x80
pci_cfg_read piix3-ide 00:01.0 @0x7 -> 0x2
pci_cfg_read piix3-ide 00:01.0 @0x8 -> 0x0
pci_cfg_read piix3-ide 00:01.0 @0x9 -> 0x80
pci_cfg_read piix3-ide 00:01.0 @0xa -> 0x1
pci_cfg_read piix3-ide 00:01.0 @0xb -> 0x1
pci_cfg_read piix3-ide 00:01.0 @0xc -> 0x0
pci_cfg_read piix3-ide 00:01.0 @0xd -> 0x0
pci_cfg_read piix3-ide 00:01.0 @0xe -> 0x0
pci_cfg_read piix3-ide 00:01.0 @0xf -> 0x0
pci_cfg_read piix3-ide 00:01.0 @0x10 -> 0x0
pci_cfg_read piix3-ide 00:01.0 @0x11 -> 0x0
pci_cfg_read piix3-ide 00:01.0 @0x12 -> 0x0
pci_cfg_read piix3-ide 00:01.0 @0x13 -> 0x0
pci_cfg_read piix3-ide 00:01.0 @0x14 -> 0x0
pci_cfg_read piix3-ide 00:01.0 @0x15 -> 0x0
pci_cfg_read piix3-ide 00:01.0 @0x16 -> 0x0
pci_cfg_read piix3-ide 00:01.0 @0x17 -> 0x0
pci_cfg_read piix3-ide 00:01.0 @0x18 -> 0x0
pci_cfg_read piix3-ide 00:01.0 @0x19 -> 0x0
pci_cfg_read piix3-ide 00:01.0 @0x1a -> 0x0
pci_cfg_read piix3-ide 00:01.0 @0x1b -> 0x0
pci_cfg_read piix3-ide 00:01.0 @0x1c -> 0x0
pci_cfg_read piix3-ide 00:01.0 @0x1d -> 0x0
pci_cfg_read piix3-ide 00:01.0 @0x1e -> 0x0
pci_cfg_read piix3-ide 00:01.0 @0x1f -> 0x0
pci_cfg_read piix3-ide 00:01.0 @0x20 -> 0x61
pci_cfg_read piix3-ide 00:01.0 @0x21 -> 0x60
pci_cfg_read piix3-ide 00:01.0 @0x22 -> 0x0
pci_cfg_read piix3-ide 00:01.0 @0x23 -> 0x0
pci_cfg_read piix3-ide 00:01.0 @0x24 -> 0x0
pci_cfg_read piix3-ide 00:01.0 @0x25 -> 0x0
pci_cfg_read piix3-ide 00:01.0 @0x26 -> 0x0
pci_cfg_read piix3-ide 00:01.0 @0x27 -> 0x0
pci_cfg_read piix3-ide 00:01.0 @0x28 -> 0x0
pci_cfg_read piix3-ide 00:01.0 @0x29 -> 0x0
pci_cfg_read piix3-ide 00:01.0 @0x2a -> 0x0
pci_cfg_read piix3-ide 00:01.0 @0x2b -> 0x0
pci_cfg_read piix3-ide 00:01.0 @0x2c -> 0xf4
pci_cfg_read piix3-ide 00:01.0 @0x2d -> 0x1a
pci_cfg_read piix3-ide 00:01.0 @0x2e -> 0x0
pci_cfg_read piix3-ide 00:01.0 @0x2f -> 0x11
pci_cfg_read piix3-ide 00:01.0 @0x30 -> 0x0
pci_cfg_read piix3-ide 00:01.0 @0x31 -> 0x0
pci_cfg_read piix3-ide 00:01.0 @0x32 -> 0x0
pci_cfg_read piix3-ide 00:01.0 @0x33 -> 0x0
pci_cfg_read piix3-ide 00:01.0 @0x34 -> 0x0
pci_cfg_read piix3-ide 00:01.0 @0x35 -> 0x0
pci_cfg_read piix3-ide 00:01.0 @0x36 -> 0x0
pci_cfg_read piix3-ide 00:01.0 @0x37 -> 0x0
pci_cfg_read piix3-ide 00:01.0 @0x38 -> 0x0
pci_cfg_read piix3-ide 00:01.0 @0x39 -> 0x0
pci_cfg_read piix3-ide 00:01.0 @0x3a -> 0x0
pci_cfg_read piix3-ide 00:01.0 @0x3b -> 0x0
pci_cfg_read piix3-ide 00:01.0 @0x3c -> 0xff
pci_cfg_read piix3-ide 00:01.0 @0x3d -> 0x0
pci_cfg_read piix3-ide 00:01.0 @0x3e -> 0x0
pci_cfg_read piix3-ide 00:01.0 @0x3f -> 0x0
pci_cfg_read piix3-ide 00:01.0 @0x9 -> 0x80
pci_cfg_read piix3-ide 00:01.0 @0xa -> 0x1
pci_cfg_read piix3-ide 00:01.0 @0xb -> 0x1
pci_cfg_read piix3-ide 00:01.0 @0x4 -> 0x7
pci_cfg_write piix3-ide 00:01.0 @0x4 <- 0x7
pci_cfg_read piix3-ide 00:01.0 @0x9 -> 0x80
pci_cfg_read piix3-ide 00:01.0 @0xa -> 0x1
pci_cfg_read piix3-ide 00:01.0 @0xb -> 0x1
pci_cfg_read piix3-ide 00:01.0 @0x9 -> 0x80
pci_cfg_read piix3-ide 00:01.0 @0xa -> 0x1
pci_cfg_read piix3-ide 00:01.0 @0xb -> 0x1
pci_cfg_read piix3-ide 00:01.0 @0x4 -> 0x7
pci_cfg_write piix3-ide 00:01.0 @0x4 <- 0x7
pci_cfg_read piix3-ide 00:01.0 @0x9 -> 0x80
pci_cfg_read piix3-ide 00:01.0 @0xa -> 0x1
pci_cfg_read piix3-ide 00:01.0 @0xb -> 0x1
pci_cfg_read piix3-ide 00:01.0 @0x0 -> 0x86
pci_cfg_read piix3-ide 00:01.0 @0x1 -> 0x80
pci_cfg_read piix3-ide 00:01.0 @0x2 -> 0x10
pci_cfg_read piix3-ide 00:01.0 @0x3 -> 0x70
pci_cfg_read piix3-ide 00:01.0 @0x4 -> 0x7
pci_cfg_read piix3-ide 00:01.0 @0x5 -> 0x0
pci_cfg_read piix3-ide 00:01.0 @0x6 -> 0x80
pci_cfg_read piix3-ide 00:01.0 @0x7 -> 0x2
pci_cfg_read piix3-ide 00:01.0 @0x8 -> 0x0
pci_cfg_read piix3-ide 00:01.0 @0x9 -> 0x80
pci_cfg_read piix3-ide 00:01.0 @0xa -> 0x1
pci_cfg_read piix3-ide 00:01.0 @0xb -> 0x1
pci_cfg_read piix3-ide 00:01.0 @0xc -> 0x0
pci_cfg_read piix3-ide 00:01.0 @0xd -> 0x0
pci_cfg_read piix3-ide 00:01.0 @0xe -> 0x0
pci_cfg_read piix3-ide 00:01.0 @0xf -> 0x0
pci_cfg_read piix3-ide 00:01.0 @0x10 -> 0x0
pci_cfg_read piix3-ide 00:01.0 @0x11 -> 0x0
pci_cfg_read piix3-ide 00:01.0 @0x12 -> 0x0
pci_cfg_read piix3-ide 00:01.0 @0x13 -> 0x0
pci_cfg_read piix3-ide 00:01.0 @0x14 -> 0x0
pci_cfg_read piix3-ide 00:01.0 @0x15 -> 0x0
pci_cfg_read piix3-ide 00:01.0 @0x16 -> 0x0
pci_cfg_read piix3-ide 00:01.0 @0x17 -> 0x0
pci_cfg_read piix3-ide 00:01.0 @0x18 -> 0x0
pci_cfg_read piix3-ide 00:01.0 @0x19 -> 0x0
pci_cfg_read piix3-ide 00:01.0 @0x1a -> 0x0
pci_cfg_read piix3-ide 00:01.0 @0x1b -> 0x0
pci_cfg_read piix3-ide 00:01.0 @0x1c -> 0x0
pci_cfg_read piix3-ide 00:01.0 @0x1d -> 0x0
pci_cfg_read piix3-ide 00:01.0 @0x1e -> 0x0
pci_cfg_read piix3-ide 00:01.0 @0x1f -> 0x0
pci_cfg_read piix3-ide 00:01.0 @0x20 -> 0x61
pci_cfg_read piix3-ide 00:01.0 @0x21 -> 0x60
pci_cfg_read piix3-ide 00:01.0 @0x22 -> 0x0
pci_cfg_read piix3-ide 00:01.0 @0x23 -> 0x0
pci_cfg_read piix3-ide 00:01.0 @0x24 -> 0x0
pci_cfg_read piix3-ide 00:01.0 @0x25 -> 0x0
pci_cfg_read piix3-ide 00:01.0 @0x26 -> 0x0
pci_cfg_read piix3-ide 00:01.0 @0x27 -> 0x0
pci_cfg_read piix3-ide 00:01.0 @0x28 -> 0x0
pci_cfg_read piix3-ide 00:01.0 @0x29 -> 0x0
pci_cfg_read piix3-ide 00:01.0 @0x2a -> 0x0
pci_cfg_read piix3-ide 00:01.0 @0x2b -> 0x0
pci_cfg_read piix3-ide 00:01.0 @0x2c -> 0xf4
pci_cfg_read piix3-ide 00:01.0 @0x2d -> 0x1a
pci_cfg_read piix3-ide 00:01.0 @0x2e -> 0x0
pci_cfg_read piix3-ide 00:01.0 @0x2f -> 0x11
pci_cfg_read piix3-ide 00:01.0 @0x30 -> 0x0
pci_cfg_read piix3-ide 00:01.0 @0x31 -> 0x0
pci_cfg_read piix3-ide 00:01.0 @0x32 -> 0x0
pci_cfg_read piix3-ide 00:01.0 @0x33 -> 0x0
pci_cfg_read piix3-ide 00:01.0 @0x34 -> 0x0
pci_cfg_read piix3-ide 00:01.0 @0x35 -> 0x0
pci_cfg_read piix3-ide 00:01.0 @0x36 -> 0x0
pci_cfg_read piix3-ide 00:01.0 @0x37 -> 0x0
pci_cfg_read piix3-ide 00:01.0 @0x38 -> 0x0
pci_cfg_read piix3-ide 00:01.0 @0x39 -> 0x0
pci_cfg_read piix3-ide 00:01.0 @0x3a -> 0x0
pci_cfg_read piix3-ide 00:01.0 @0x3b -> 0x0
pci_cfg_read piix3-ide 00:01.0 @0x3c -> 0xff
pci_cfg_read piix3-ide 00:01.0 @0x3d -> 0x0
pci_cfg_read piix3-ide 00:01.0 @0x3e -> 0x0
pci_cfg_read piix3-ide 00:01.0 @0x3f -> 0x0
pci_cfg_read piix3-ide 00:01.0 @0x0 -> 0x86
pci_cfg_read piix3-ide 00:01.0 @0x1 -> 0x80
pci_cfg_read piix3-ide 00:01.0 @0x2 -> 0x10
pci_cfg_read piix3-ide 00:01.0 @0x3 -> 0x70
pci_cfg_read piix3-ide 00:01.0 @0x4 -> 0x7
pci_cfg_read piix3-ide 00:01.0 @0x5 -> 0x0
pci_cfg_read piix3-ide 00:01.0 @0x6 -> 0x80
pci_cfg_read piix3-ide 00:01.0 @0x7 -> 0x2
pci_cfg_read piix3-ide 00:01.0 @0x8 -> 0x0
pci_cfg_read piix3-ide 00:01.0 @0x9 -> 0x80
pci_cfg_read piix3-ide 00:01.0 @0xa -> 0x1
pci_cfg_read piix3-ide 00:01.0 @0xb -> 0x1
pci_cfg_read piix3-ide 00:01.0 @0xc -> 0x0
pci_cfg_read piix3-ide 00:01.0 @0xd -> 0x0
pci_cfg_read piix3-ide 00:01.0 @0xe -> 0x0
pci_cfg_read piix3-ide 00:01.0 @0xf -> 0x0
pci_cfg_read piix3-ide 00:01.0 @0x10 -> 0x0
pci_cfg_read piix3-ide 00:01.0 @0x11 -> 0x0
pci_cfg_read piix3-ide 00:01.0 @0x12 -> 0x0
pci_cfg_read piix3-ide 00:01.0 @0x13 -> 0x0
pci_cfg_read piix3-ide 00:01.0 @0x14 -> 0x0
pci_cfg_read piix3-ide 00:01.0 @0x15 -> 0x0
pci_cfg_read piix3-ide 00:01.0 @0x16 -> 0x0
pci_cfg_read piix3-ide 00:01.0 @0x17 -> 0x0
pci_cfg_read piix3-ide 00:01.0 @0x18 -> 0x0
pci_cfg_read piix3-ide 00:01.0 @0x19 -> 0x0
pci_cfg_read piix3-ide 00:01.0 @0x1a -> 0x0
pci_cfg_read piix3-ide 00:01.0 @0x1b -> 0x0
pci_cfg_read piix3-ide 00:01.0 @0x1c -> 0x0
pci_cfg_read piix3-ide 00:01.0 @0x1d -> 0x0
pci_cfg_read piix3-ide 00:01.0 @0x1e -> 0x0
pci_cfg_read piix3-ide 00:01.0 @0x1f -> 0x0
pci_cfg_read piix3-ide 00:01.0 @0x20 -> 0x61
pci_cfg_read piix3-ide 00:01.0 @0x21 -> 0x60
pci_cfg_read piix3-ide 00:01.0 @0x22 -> 0x0
pci_cfg_read piix3-ide 00:01.0 @0x23 -> 0x0
pci_cfg_read piix3-ide 00:01.0 @0x24 -> 0x0
pci_cfg_read piix3-ide 00:01.0 @0x25 -> 0x0
pci_cfg_read piix3-ide 00:01.0 @0x26 -> 0x0
pci_cfg_read piix3-ide 00:01.0 @0x27 -> 0x0
pci_cfg_read piix3-ide 00:01.0 @0x28 -> 0x0
pci_cfg_read piix3-ide 00:01.0 @0x29 -> 0x0
pci_cfg_read piix3-ide 00:01.0 @0x2a -> 0x0
pci_cfg_read piix3-ide 00:01.0 @0x2b -> 0x0
pci_cfg_read piix3-ide 00:01.0 @0x2c -> 0xf4
pci_cfg_read piix3-ide 00:01.0 @0x2d -> 0x1a
pci_cfg_read piix3-ide 00:01.0 @0x2e -> 0x0
pci_cfg_read piix3-ide 00:01.0 @0x2f -> 0x11
pci_cfg_read piix3-ide 00:01.0 @0x30 -> 0x0
pci_cfg_read piix3-ide 00:01.0 @0x31 -> 0x0
pci_cfg_read piix3-ide 00:01.0 @0x32 -> 0x0
pci_cfg_read piix3-ide 00:01.0 @0x33 -> 0x0
pci_cfg_read piix3-ide 00:01.0 @0x34 -> 0x0
pci_cfg_read piix3-ide 00:01.0 @0x35 -> 0x0
pci_cfg_read piix3-ide 00:01.0 @0x36 -> 0x0
pci_cfg_read piix3-ide 00:01.0 @0x37 -> 0x0
pci_cfg_read piix3-ide 00:01.0 @0x38 -> 0x0
pci_cfg_read piix3-ide 00:01.0 @0x39 -> 0x0
pci_cfg_read piix3-ide 00:01.0 @0x3a -> 0x0
pci_cfg_read piix3-ide 00:01.0 @0x3b -> 0x0
pci_cfg_read piix3-ide 00:01.0 @0x3c -> 0xff
pci_cfg_read piix3-ide 00:01.0 @0x3d -> 0x0
pci_cfg_read piix3-ide 00:01.0 @0x3e -> 0x0
pci_cfg_read piix3-ide 00:01.0 @0x3f -> 0x0
pci_cfg_read piix3-ide 00:01.0 @0x0 -> 0x86
pci_cfg_read piix3-ide 00:01.0 @0x1 -> 0x80
pci_cfg_read piix3-ide 00:01.0 @0x2 -> 0x10
pci_cfg_read piix3-ide 00:01.0 @0x3 -> 0x70
pci_cfg_read piix3-ide 00:01.0 @0x4 -> 0x7
pci_cfg_read piix3-ide 00:01.0 @0x5 -> 0x0
pci_cfg_read piix3-ide 00:01.0 @0x6 -> 0x80
pci_cfg_read piix3-ide 00:01.0 @0x7 -> 0x2
pci_cfg_read piix3-ide 00:01.0 @0x8 -> 0x0
pci_cfg_read piix3-ide 00:01.0 @0x9 -> 0x80
pci_cfg_read piix3-ide 00:01.0 @0xa -> 0x1
pci_cfg_read piix3-ide 00:01.0 @0xb -> 0x1
pci_cfg_read piix3-ide 00:01.0 @0xc -> 0x0
pci_cfg_read piix3-ide 00:01.0 @0xd -> 0x0
pci_cfg_read piix3-ide 00:01.0 @0xe -> 0x0
pci_cfg_read piix3-ide 00:01.0 @0xf -> 0x0
pci_cfg_read piix3-ide 00:01.0 @0x10 -> 0x0
pci_cfg_read piix3-ide 00:01.0 @0x11 -> 0x0
pci_cfg_read piix3-ide 00:01.0 @0x12 -> 0x0
pci_cfg_read piix3-ide 00:01.0 @0x13 -> 0x0
pci_cfg_read piix3-ide 00:01.0 @0x14 -> 0x0
pci_cfg_read piix3-ide 00:01.0 @0x15 -> 0x0
pci_cfg_read piix3-ide 00:01.0 @0x16 -> 0x0
pci_cfg_read piix3-ide 00:01.0 @0x17 -> 0x0
pci_cfg_read piix3-ide 00:01.0 @0x18 -> 0x0
pci_cfg_read piix3-ide 00:01.0 @0x19 -> 0x0
pci_cfg_read piix3-ide 00:01.0 @0x1a -> 0x0
pci_cfg_read piix3-ide 00:01.0 @0x1b -> 0x0
pci_cfg_read piix3-ide 00:01.0 @0x1c -> 0x0
pci_cfg_read piix3-ide 00:01.0 @0x1d -> 0x0
pci_cfg_read piix3-ide 00:01.0 @0x1e -> 0x0
pci_cfg_read piix3-ide 00:01.0 @0x1f -> 0x0
pci_cfg_read piix3-ide 00:01.0 @0x20 -> 0x61
pci_cfg_read piix3-ide 00:01.0 @0x21 -> 0x60
pci_cfg_read piix3-ide 00:01.0 @0x22 -> 0x0
pci_cfg_read piix3-ide 00:01.0 @0x23 -> 0x0
pci_cfg_read piix3-ide 00:01.0 @0x24 -> 0x0
pci_cfg_read piix3-ide 00:01.0 @0x25 -> 0x0
pci_cfg_read piix3-ide 00:01.0 @0x26 -> 0x0
pci_cfg_read piix3-ide 00:01.0 @0x27 -> 0x0
pci_cfg_read piix3-ide 00:01.0 @0x28 -> 0x0
pci_cfg_read piix3-ide 00:01.0 @0x29 -> 0x0
pci_cfg_read piix3-ide 00:01.0 @0x2a -> 0x0
pci_cfg_read piix3-ide 00:01.0 @0x2b -> 0x0
pci_cfg_read piix3-ide 00:01.0 @0x2c -> 0xf4
pci_cfg_read piix3-ide 00:01.0 @0x2d -> 0x1a
pci_cfg_read piix3-ide 00:01.0 @0x2e -> 0x0
pci_cfg_read piix3-ide 00:01.0 @0x2f -> 0x11
pci_cfg_read piix3-ide 00:01.0 @0x30 -> 0x0
pci_cfg_read piix3-ide 00:01.0 @0x31 -> 0x0
pci_cfg_read piix3-ide 00:01.0 @0x32 -> 0x0
pci_cfg_read piix3-ide 00:01.0 @0x33 -> 0x0
pci_cfg_read piix3-ide 00:01.0 @0x34 -> 0x0
pci_cfg_read piix3-ide 00:01.0 @0x35 -> 0x0
pci_cfg_read piix3-ide 00:01.0 @0x36 -> 0x0
pci_cfg_read piix3-ide 00:01.0 @0x37 -> 0x0
pci_cfg_read piix3-ide 00:01.0 @0x38 -> 0x0
pci_cfg_read piix3-ide 00:01.0 @0x39 -> 0x0
pci_cfg_read piix3-ide 00:01.0 @0x3a -> 0x0
pci_cfg_read piix3-ide 00:01.0 @0x3b -> 0x0
pci_cfg_read piix3-ide 00:01.0 @0x3c -> 0xff
pci_cfg_read piix3-ide 00:01.0 @0x3d -> 0x0
pci_cfg_read piix3-ide 00:01.0 @0x3e -> 0x0
pci_cfg_read piix3-ide 00:01.0 @0x3f -> 0x0
pci_cfg_read piix3-ide 00:01.0 @0x0 -> 0x86
pci_cfg_read piix3-ide 00:01.0 @0x1 -> 0x80
pci_cfg_read piix3-ide 00:01.0 @0x2 -> 0x10
pci_cfg_read piix3-ide 00:01.0 @0x3 -> 0x70
pci_cfg_read piix3-ide 00:01.0 @0x4 -> 0x7
pci_cfg_read piix3-ide 00:01.0 @0x5 -> 0x0
pci_cfg_read piix3-ide 00:01.0 @0x6 -> 0x80
pci_cfg_read piix3-ide 00:01.0 @0x7 -> 0x2
pci_cfg_read piix3-ide 00:01.0 @0x8 -> 0x0
pci_cfg_read piix3-ide 00:01.0 @0x9 -> 0x80
pci_cfg_read piix3-ide 00:01.0 @0xa -> 0x1
pci_cfg_read piix3-ide 00:01.0 @0xb -> 0x1
pci_cfg_read piix3-ide 00:01.0 @0xc -> 0x0
pci_cfg_read piix3-ide 00:01.0 @0xd -> 0x0
pci_cfg_read piix3-ide 00:01.0 @0xe -> 0x0
pci_cfg_read piix3-ide 00:01.0 @0xf -> 0x0
pci_cfg_read piix3-ide 00:01.0 @0x10 -> 0x0
pci_cfg_read piix3-ide 00:01.0 @0x11 -> 0x0
pci_cfg_read piix3-ide 00:01.0 @0x12 -> 0x0
pci_cfg_read piix3-ide 00:01.0 @0x13 -> 0x0
pci_cfg_read piix3-ide 00:01.0 @0x14 -> 0x0
pci_cfg_read piix3-ide 00:01.0 @0x15 -> 0x0
pci_cfg_read piix3-ide 00:01.0 @0x16 -> 0x0
pci_cfg_read piix3-ide 00:01.0 @0x17 -> 0x0
pci_cfg_read piix3-ide 00:01.0 @0x18 -> 0x0
pci_cfg_read piix3-ide 00:01.0 @0x19 -> 0x0
pci_cfg_read piix3-ide 00:01.0 @0x1a -> 0x0
pci_cfg_read piix3-ide 00:01.0 @0x1b -> 0x0
pci_cfg_read piix3-ide 00:01.0 @0x1c -> 0x0
pci_cfg_read piix3-ide 00:01.0 @0x1d -> 0x0
pci_cfg_read piix3-ide 00:01.0 @0x1e -> 0x0
pci_cfg_read piix3-ide 00:01.0 @0x1f -> 0x0
pci_cfg_read piix3-ide 00:01.0 @0x20 -> 0x61
pci_cfg_read piix3-ide 00:01.0 @0x21 -> 0x60
pci_cfg_read piix3-ide 00:01.0 @0x22 -> 0x0
pci_cfg_read piix3-ide 00:01.0 @0x23 -> 0x0
pci_cfg_read piix3-ide 00:01.0 @0x24 -> 0x0
pci_cfg_read piix3-ide 00:01.0 @0x25 -> 0x0
pci_cfg_read piix3-ide 00:01.0 @0x26 -> 0x0
pci_cfg_read piix3-ide 00:01.0 @0x27 -> 0x0
pci_cfg_read piix3-ide 00:01.0 @0x28 -> 0x0
pci_cfg_read piix3-ide 00:01.0 @0x29 -> 0x0
pci_cfg_read piix3-ide 00:01.0 @0x2a -> 0x0
pci_cfg_read piix3-ide 00:01.0 @0x2b -> 0x0
pci_cfg_read piix3-ide 00:01.0 @0x2c -> 0xf4
pci_cfg_read piix3-ide 00:01.0 @0x2d -> 0x1a
pci_cfg_read piix3-ide 00:01.0 @0x2e -> 0x0
pci_cfg_read piix3-ide 00:01.0 @0x2f -> 0x11
pci_cfg_read piix3-ide 00:01.0 @0x30 -> 0x0
pci_cfg_read piix3-ide 00:01.0 @0x31 -> 0x0
pci_cfg_read piix3-ide 00:01.0 @0x32 -> 0x0
pci_cfg_read piix3-ide 00:01.0 @0x33 -> 0x0
pci_cfg_read piix3-ide 00:01.0 @0x34 -> 0x0
pci_cfg_read piix3-ide 00:01.0 @0x35 -> 0x0
pci_cfg_read piix3-ide 00:01.0 @0x36 -> 0x0
pci_cfg_read piix3-ide 00:01.0 @0x37 -> 0x0
pci_cfg_read piix3-ide 00:01.0 @0x38 -> 0x0
pci_cfg_read piix3-ide 00:01.0 @0x39 -> 0x0
pci_cfg_read piix3-ide 00:01.0 @0x3a -> 0x0
pci_cfg_read piix3-ide 00:01.0 @0x3b -> 0x0
pci_cfg_read piix3-ide 00:01.0 @0x3c -> 0xff
pci_cfg_read piix3-ide 00:01.0 @0x3d -> 0x0
pci_cfg_read piix3-ide 00:01.0 @0x3e -> 0x0
pci_cfg_read piix3-ide 00:01.0 @0x3f -> 0x0
pci_cfg_read piix3-ide 00:01.0 @0x0 -> 0x86
pci_cfg_read piix3-ide 00:01.0 @0x1 -> 0x80
pci_cfg_read piix3-ide 00:01.0 @0x2 -> 0x10
pci_cfg_read piix3-ide 00:01.0 @0x3 -> 0x70
pci_cfg_read piix3-ide 00:01.0 @0x4 -> 0x7
pci_cfg_read piix3-ide 00:01.0 @0x5 -> 0x0
pci_cfg_read piix3-ide 00:01.0 @0x6 -> 0x80
pci_cfg_read piix3-ide 00:01.0 @0x7 -> 0x2
pci_cfg_read piix3-ide 00:01.0 @0x8 -> 0x0
pci_cfg_read piix3-ide 00:01.0 @0x9 -> 0x80
pci_cfg_read piix3-ide 00:01.0 @0xa -> 0x1
pci_cfg_read piix3-ide 00:01.0 @0xb -> 0x1
pci_cfg_read piix3-ide 00:01.0 @0xc -> 0x0
pci_cfg_read piix3-ide 00:01.0 @0xd -> 0x0
pci_cfg_read piix3-ide 00:01.0 @0xe -> 0x0
pci_cfg_read piix3-ide 00:01.0 @0xf -> 0x0
pci_cfg_read piix3-ide 00:01.0 @0x10 -> 0x0
pci_cfg_read piix3-ide 00:01.0 @0x11 -> 0x0
pci_cfg_read piix3-ide 00:01.0 @0x12 -> 0x0
pci_cfg_read piix3-ide 00:01.0 @0x13 -> 0x0
pci_cfg_read piix3-ide 00:01.0 @0x14 -> 0x0
pci_cfg_read piix3-ide 00:01.0 @0x15 -> 0x0
pci_cfg_read piix3-ide 00:01.0 @0x16 -> 0x0
pci_cfg_read piix3-ide 00:01.0 @0x17 -> 0x0
pci_cfg_read piix3-ide 00:01.0 @0x18 -> 0x0
pci_cfg_read piix3-ide 00:01.0 @0x19 -> 0x0
pci_cfg_read piix3-ide 00:01.0 @0x1a -> 0x0
pci_cfg_read piix3-ide 00:01.0 @0x1b -> 0x0
pci_cfg_read piix3-ide 00:01.0 @0x1c -> 0x0
pci_cfg_read piix3-ide 00:01.0 @0x1d -> 0x0
pci_cfg_read piix3-ide 00:01.0 @0x1e -> 0x0
pci_cfg_read piix3-ide 00:01.0 @0x1f -> 0x0
pci_cfg_read piix3-ide 00:01.0 @0x20 -> 0x61
pci_cfg_read piix3-ide 00:01.0 @0x21 -> 0x60
pci_cfg_read piix3-ide 00:01.0 @0x22 -> 0x0
pci_cfg_read piix3-ide 00:01.0 @0x23 -> 0x0
pci_cfg_read piix3-ide 00:01.0 @0x24 -> 0x0
pci_cfg_read piix3-ide 00:01.0 @0x25 -> 0x0
pci_cfg_read piix3-ide 00:01.0 @0x26 -> 0x0
pci_cfg_read piix3-ide 00:01.0 @0x27 -> 0x0
pci_cfg_read piix3-ide 00:01.0 @0x28 -> 0x0
pci_cfg_read piix3-ide 00:01.0 @0x29 -> 0x0
pci_cfg_read piix3-ide 00:01.0 @0x2a -> 0x0
pci_cfg_read piix3-ide 00:01.0 @0x2b -> 0x0
pci_cfg_read piix3-ide 00:01.0 @0x2c -> 0xf4
pci_cfg_read piix3-ide 00:01.0 @0x2d -> 0x1a
pci_cfg_read piix3-ide 00:01.0 @0x2e -> 0x0
pci_cfg_read piix3-ide 00:01.0 @0x2f -> 0x11
pci_cfg_read piix3-ide 00:01.0 @0x30 -> 0x0
pci_cfg_read piix3-ide 00:01.0 @0x31 -> 0x0
pci_cfg_read piix3-ide 00:01.0 @0x32 -> 0x0
pci_cfg_read piix3-ide 00:01.0 @0x33 -> 0x0
pci_cfg_read piix3-ide 00:01.0 @0x34 -> 0x0
pci_cfg_read piix3-ide 00:01.0 @0x35 -> 0x0
pci_cfg_read piix3-ide 00:01.0 @0x36 -> 0x0
pci_cfg_read piix3-ide 00:01.0 @0x37 -> 0x0
pci_cfg_read piix3-ide 00:01.0 @0x38 -> 0x0
pci_cfg_read piix3-ide 00:01.0 @0x39 -> 0x0
pci_cfg_read piix3-ide 00:01.0 @0x3a -> 0x0
pci_cfg_read piix3-ide 00:01.0 @0x3b -> 0x0
pci_cfg_read piix3-ide 00:01.0 @0x3c -> 0xff
pci_cfg_read piix3-ide 00:01.0 @0x3d -> 0x0
pci_cfg_read piix3-ide 00:01.0 @0x3e -> 0x0
pci_cfg_read piix3-ide 00:01.0 @0x3f -> 0x0
pci_cfg_read piix3-ide 00:01.0 @0x0 -> 0x86
pci_cfg_read piix3-ide 00:01.0 @0x1 -> 0x80
pci_cfg_read piix3-ide 00:01.0 @0x2 -> 0x10
pci_cfg_read piix3-ide 00:01.0 @0x3 -> 0x70
pci_cfg_read piix3-ide 00:01.0 @0x4 -> 0x7
pci_cfg_read piix3-ide 00:01.0 @0x5 -> 0x0
pci_cfg_read piix3-ide 00:01.0 @0x6 -> 0x80
pci_cfg_read piix3-ide 00:01.0 @0x7 -> 0x2
pci_cfg_read piix3-ide 00:01.0 @0x8 -> 0x0
pci_cfg_read piix3-ide 00:01.0 @0x9 -> 0x80
pci_cfg_read piix3-ide 00:01.0 @0xa -> 0x1
pci_cfg_read piix3-ide 00:01.0 @0xb -> 0x1
pci_cfg_read piix3-ide 00:01.0 @0xc -> 0x0
pci_cfg_read piix3-ide 00:01.0 @0xd -> 0x0
pci_cfg_read piix3-ide 00:01.0 @0xe -> 0x0
pci_cfg_read piix3-ide 00:01.0 @0xf -> 0x0
pci_cfg_read piix3-ide 00:01.0 @0x10 -> 0x0
pci_cfg_read piix3-ide 00:01.0 @0x11 -> 0x0
pci_cfg_read piix3-ide 00:01.0 @0x12 -> 0x0
pci_cfg_read piix3-ide 00:01.0 @0x13 -> 0x0
pci_cfg_read piix3-ide 00:01.0 @0x14 -> 0x0
pci_cfg_read piix3-ide 00:01.0 @0x15 -> 0x0
pci_cfg_read piix3-ide 00:01.0 @0x16 -> 0x0
pci_cfg_read piix3-ide 00:01.0 @0x17 -> 0x0
pci_cfg_read piix3-ide 00:01.0 @0x18 -> 0x0
pci_cfg_read piix3-ide 00:01.0 @0x19 -> 0x0
pci_cfg_read piix3-ide 00:01.0 @0x1a -> 0x0
pci_cfg_read piix3-ide 00:01.0 @0x1b -> 0x0
pci_cfg_read piix3-ide 00:01.0 @0x1c -> 0x0
pci_cfg_read piix3-ide 00:01.0 @0x1d -> 0x0
pci_cfg_read piix3-ide 00:01.0 @0x1e -> 0x0
pci_cfg_read piix3-ide 00:01.0 @0x1f -> 0x0
pci_cfg_read piix3-ide 00:01.0 @0x20 -> 0x61
pci_cfg_read piix3-ide 00:01.0 @0x21 -> 0x60
pci_cfg_read piix3-ide 00:01.0 @0x22 -> 0x0
pci_cfg_read piix3-ide 00:01.0 @0x23 -> 0x0
pci_cfg_read piix3-ide 00:01.0 @0x24 -> 0x0
pci_cfg_read piix3-ide 00:01.0 @0x25 -> 0x0
pci_cfg_read piix3-ide 00:01.0 @0x26 -> 0x0
pci_cfg_read piix3-ide 00:01.0 @0x27 -> 0x0
pci_cfg_read piix3-ide 00:01.0 @0x28 -> 0x0
pci_cfg_read piix3-ide 00:01.0 @0x29 -> 0x0
pci_cfg_read piix3-ide 00:01.0 @0x2a -> 0x0
pci_cfg_read piix3-ide 00:01.0 @0x2b -> 0x0
pci_cfg_read piix3-ide 00:01.0 @0x2c -> 0xf4
pci_cfg_read piix3-ide 00:01.0 @0x2d -> 0x1a
pci_cfg_read piix3-ide 00:01.0 @0x2e -> 0x0
pci_cfg_read piix3-ide 00:01.0 @0x2f -> 0x11
pci_cfg_read piix3-ide 00:01.0 @0x30 -> 0x0
pci_cfg_read piix3-ide 00:01.0 @0x31 -> 0x0
pci_cfg_read piix3-ide 00:01.0 @0x32 -> 0x0
pci_cfg_read piix3-ide 00:01.0 @0x33 -> 0x0
pci_cfg_read piix3-ide 00:01.0 @0x34 -> 0x0
pci_cfg_read piix3-ide 00:01.0 @0x35 -> 0x0
pci_cfg_read piix3-ide 00:01.0 @0x36 -> 0x0
pci_cfg_read piix3-ide 00:01.0 @0x37 -> 0x0
pci_cfg_read piix3-ide 00:01.0 @0x38 -> 0x0
pci_cfg_read piix3-ide 00:01.0 @0x39 -> 0x0
pci_cfg_read piix3-ide 00:01.0 @0x3a -> 0x0
pci_cfg_read piix3-ide 00:01.0 @0x3b -> 0x0
pci_cfg_read piix3-ide 00:01.0 @0x3c -> 0xff
pci_cfg_read piix3-ide 00:01.0 @0x3d -> 0x0
pci_cfg_read piix3-ide 00:01.0 @0x3e -> 0x0
pci_cfg_read piix3-ide 00:01.0 @0x3f -> 0x0
pci_cfg_read piix3-ide 00:01.0 @0x0 -> 0x86
pci_cfg_read piix3-ide 00:01.0 @0x1 -> 0x80
pci_cfg_read piix3-ide 00:01.0 @0x2 -> 0x10
pci_cfg_read piix3-ide 00:01.0 @0x3 -> 0x70
pci_cfg_read piix3-ide 00:01.0 @0x4 -> 0x7
pci_cfg_read piix3-ide 00:01.0 @0x5 -> 0x0
pci_cfg_read piix3-ide 00:01.0 @0x6 -> 0x80
pci_cfg_read piix3-ide 00:01.0 @0x7 -> 0x2
pci_cfg_read piix3-ide 00:01.0 @0x8 -> 0x0
pci_cfg_read piix3-ide 00:01.0 @0x9 -> 0x80
pci_cfg_read piix3-ide 00:01.0 @0xa -> 0x1
pci_cfg_read piix3-ide 00:01.0 @0xb -> 0x1
pci_cfg_read piix3-ide 00:01.0 @0xc -> 0x0
pci_cfg_read piix3-ide 00:01.0 @0xd -> 0x0
pci_cfg_read piix3-ide 00:01.0 @0xe -> 0x0
pci_cfg_read piix3-ide 00:01.0 @0xf -> 0x0
pci_cfg_read piix3-ide 00:01.0 @0x10 -> 0x0
pci_cfg_read piix3-ide 00:01.0 @0x11 -> 0x0
pci_cfg_read piix3-ide 00:01.0 @0x12 -> 0x0
pci_cfg_read piix3-ide 00:01.0 @0x13 -> 0x0
pci_cfg_read piix3-ide 00:01.0 @0x14 -> 0x0
pci_cfg_read piix3-ide 00:01.0 @0x15 -> 0x0
pci_cfg_read piix3-ide 00:01.0 @0x16 -> 0x0
pci_cfg_read piix3-ide 00:01.0 @0x17 -> 0x0
pci_cfg_read piix3-ide 00:01.0 @0x18 -> 0x0
pci_cfg_read piix3-ide 00:01.0 @0x19 -> 0x0
pci_cfg_read piix3-ide 00:01.0 @0x1a -> 0x0
pci_cfg_read piix3-ide 00:01.0 @0x1b -> 0x0
pci_cfg_read piix3-ide 00:01.0 @0x1c -> 0x0
pci_cfg_read piix3-ide 00:01.0 @0x1d -> 0x0
pci_cfg_read piix3-ide 00:01.0 @0x1e -> 0x0
pci_cfg_read piix3-ide 00:01.0 @0x1f -> 0x0
pci_cfg_read piix3-ide 00:01.0 @0x20 -> 0x61
pci_cfg_read piix3-ide 00:01.0 @0x21 -> 0x60
pci_cfg_read piix3-ide 00:01.0 @0x22 -> 0x0
pci_cfg_read piix3-ide 00:01.0 @0x23 -> 0x0
pci_cfg_read piix3-ide 00:01.0 @0x24 -> 0x0
pci_cfg_read piix3-ide 00:01.0 @0x25 -> 0x0
pci_cfg_read piix3-ide 00:01.0 @0x26 -> 0x0
pci_cfg_read piix3-ide 00:01.0 @0x27 -> 0x0
pci_cfg_read piix3-ide 00:01.0 @0x28 -> 0x0
pci_cfg_read piix3-ide 00:01.0 @0x29 -> 0x0
pci_cfg_read piix3-ide 00:01.0 @0x2a -> 0x0
pci_cfg_read piix3-ide 00:01.0 @0x2b -> 0x0
pci_cfg_read piix3-ide 00:01.0 @0x2c -> 0xf4
pci_cfg_read piix3-ide 00:01.0 @0x2d -> 0x1a
pci_cfg_read piix3-ide 00:01.0 @0x2e -> 0x0
pci_cfg_read piix3-ide 00:01.0 @0x2f -> 0x11
pci_cfg_read piix3-ide 00:01.0 @0x30 -> 0x0
pci_cfg_read piix3-ide 00:01.0 @0x31 -> 0x0
pci_cfg_read piix3-ide 00:01.0 @0x32 -> 0x0
pci_cfg_read piix3-ide 00:01.0 @0x33 -> 0x0
pci_cfg_read piix3-ide 00:01.0 @0x34 -> 0x0
pci_cfg_read piix3-ide 00:01.0 @0x35 -> 0x0
pci_cfg_read piix3-ide 00:01.0 @0x36 -> 0x0
pci_cfg_read piix3-ide 00:01.0 @0x37 -> 0x0
pci_cfg_read piix3-ide 00:01.0 @0x38 -> 0x0
pci_cfg_read piix3-ide 00:01.0 @0x39 -> 0x0
pci_cfg_read piix3-ide 00:01.0 @0x3a -> 0x0
pci_cfg_read piix3-ide 00:01.0 @0x3b -> 0x0
pci_cfg_read piix3-ide 00:01.0 @0x3c -> 0xff
pci_cfg_read piix3-ide 00:01.0 @0x3d -> 0x0
pci_cfg_read piix3-ide 00:01.0 @0x3e -> 0x0
pci_cfg_read piix3-ide 00:01.0 @0x3f -> 0x0
pci_cfg_read piix3-ide 00:01.0 @0x0 -> 0x86
pci_cfg_read piix3-ide 00:01.0 @0x1 -> 0x80
pci_cfg_read piix3-ide 00:01.0 @0x2 -> 0x10
pci_cfg_read piix3-ide 00:01.0 @0x3 -> 0x70
pci_cfg_read piix3-ide 00:01.0 @0x4 -> 0x7
pci_cfg_read piix3-ide 00:01.0 @0x5 -> 0x0
pci_cfg_read piix3-ide 00:01.0 @0x6 -> 0x80
pci_cfg_read piix3-ide 00:01.0 @0x7 -> 0x2
pci_cfg_read piix3-ide 00:01.0 @0x8 -> 0x0
pci_cfg_read piix3-ide 00:01.0 @0x9 -> 0x80
pci_cfg_read piix3-ide 00:01.0 @0xa -> 0x1
pci_cfg_read piix3-ide 00:01.0 @0xb -> 0x1
pci_cfg_read piix3-ide 00:01.0 @0xc -> 0x0
pci_cfg_read piix3-ide 00:01.0 @0xd -> 0x0
pci_cfg_read piix3-ide 00:01.0 @0xe -> 0x0
pci_cfg_read piix3-ide 00:01.0 @0xf -> 0x0
pci_cfg_read piix3-ide 00:01.0 @0x10 -> 0x0
pci_cfg_read piix3-ide 00:01.0 @0x11 -> 0x0
pci_cfg_read piix3-ide 00:01.0 @0x12 -> 0x0
pci_cfg_read piix3-ide 00:01.0 @0x13 -> 0x0
pci_cfg_read piix3-ide 00:01.0 @0x14 -> 0x0
pci_cfg_read piix3-ide 00:01.0 @0x15 -> 0x0
pci_cfg_read piix3-ide 00:01.0 @0x16 -> 0x0
pci_cfg_read piix3-ide 00:01.0 @0x17 -> 0x0
pci_cfg_read piix3-ide 00:01.0 @0x18 -> 0x0
pci_cfg_read piix3-ide 00:01.0 @0x19 -> 0x0
pci_cfg_read piix3-ide 00:01.0 @0x1a -> 0x0
pci_cfg_read piix3-ide 00:01.0 @0x1b -> 0x0
pci_cfg_read piix3-ide 00:01.0 @0x1c -> 0x0
pci_cfg_read piix3-ide 00:01.0 @0x1d -> 0x0
pci_cfg_read piix3-ide 00:01.0 @0x1e -> 0x0
pci_cfg_read piix3-ide 00:01.0 @0x1f -> 0x0
pci_cfg_read piix3-ide 00:01.0 @0x20 -> 0x61
pci_cfg_read piix3-ide 00:01.0 @0x21 -> 0x60
pci_cfg_read piix3-ide 00:01.0 @0x22 -> 0x0
pci_cfg_read piix3-ide 00:01.0 @0x23 -> 0x0
pci_cfg_read piix3-ide 00:01.0 @0x24 -> 0x0
pci_cfg_read piix3-ide 00:01.0 @0x25 -> 0x0
pci_cfg_read piix3-ide 00:01.0 @0x26 -> 0x0
pci_cfg_read piix3-ide 00:01.0 @0x27 -> 0x0
pci_cfg_read piix3-ide 00:01.0 @0x28 -> 0x0
pci_cfg_read piix3-ide 00:01.0 @0x29 -> 0x0
pci_cfg_read piix3-ide 00:01.0 @0x2a -> 0x0
pci_cfg_read piix3-ide 00:01.0 @0x2b -> 0x0
pci_cfg_read piix3-ide 00:01.0 @0x2c -> 0xf4
pci_cfg_read piix3-ide 00:01.0 @0x2d -> 0x1a
pci_cfg_read piix3-ide 00:01.0 @0x2e -> 0x0
pci_cfg_read piix3-ide 00:01.0 @0x2f -> 0x11
pci_cfg_read piix3-ide 00:01.0 @0x30 -> 0x0
pci_cfg_read piix3-ide 00:01.0 @0x31 -> 0x0
pci_cfg_read piix3-ide 00:01.0 @0x32 -> 0x0
pci_cfg_read piix3-ide 00:01.0 @0x33 -> 0x0
pci_cfg_read piix3-ide 00:01.0 @0x34 -> 0x0
pci_cfg_read piix3-ide 00:01.0 @0x35 -> 0x0
pci_cfg_read piix3-ide 00:01.0 @0x36 -> 0x0
pci_cfg_read piix3-ide 00:01.0 @0x37 -> 0x0
pci_cfg_read piix3-ide 00:01.0 @0x38 -> 0x0
pci_cfg_read piix3-ide 00:01.0 @0x39 -> 0x0
pci_cfg_read piix3-ide 00:01.0 @0x3a -> 0x0
pci_cfg_read piix3-ide 00:01.0 @0x3b -> 0x0
pci_cfg_read piix3-ide 00:01.0 @0x3c -> 0xff
pci_cfg_read piix3-ide 00:01.0 @0x3d -> 0x0
pci_cfg_read piix3-ide 00:01.0 @0x3e -> 0x0
pci_cfg_read piix3-ide 00:01.0 @0x3f -> 0x0
pci_cfg_read piix3-ide 00:01.0 @0x0 -> 0x86
pci_cfg_read piix3-ide 00:01.0 @0x1 -> 0x80
pci_cfg_read piix3-ide 00:01.0 @0x2 -> 0x10
pci_cfg_read piix3-ide 00:01.0 @0x3 -> 0x70
pci_cfg_read piix3-ide 00:01.0 @0x4 -> 0x7
pci_cfg_read piix3-ide 00:01.0 @0x5 -> 0x0
pci_cfg_read piix3-ide 00:01.0 @0x6 -> 0x80
pci_cfg_read piix3-ide 00:01.0 @0x7 -> 0x2
pci_cfg_read piix3-ide 00:01.0 @0x8 -> 0x0
pci_cfg_read piix3-ide 00:01.0 @0x9 -> 0x80
pci_cfg_read piix3-ide 00:01.0 @0xa -> 0x1
pci_cfg_read piix3-ide 00:01.0 @0xb -> 0x1
pci_cfg_read piix3-ide 00:01.0 @0xc -> 0x0
pci_cfg_read piix3-ide 00:01.0 @0xd -> 0x0
pci_cfg_read piix3-ide 00:01.0 @0xe -> 0x0
pci_cfg_read piix3-ide 00:01.0 @0xf -> 0x0
pci_cfg_read piix3-ide 00:01.0 @0x10 -> 0x0
pci_cfg_read piix3-ide 00:01.0 @0x11 -> 0x0
pci_cfg_read piix3-ide 00:01.0 @0x12 -> 0x0
pci_cfg_read piix3-ide 00:01.0 @0x13 -> 0x0
pci_cfg_read piix3-ide 00:01.0 @0x14 -> 0x0
pci_cfg_read piix3-ide 00:01.0 @0x15 -> 0x0
pci_cfg_read piix3-ide 00:01.0 @0x16 -> 0x0
pci_cfg_read piix3-ide 00:01.0 @0x17 -> 0x0
pci_cfg_read piix3-ide 00:01.0 @0x18 -> 0x0
pci_cfg_read piix3-ide 00:01.0 @0x19 -> 0x0
pci_cfg_read piix3-ide 00:01.0 @0x1a -> 0x0
pci_cfg_read piix3-ide 00:01.0 @0x1b -> 0x0
pci_cfg_read piix3-ide 00:01.0 @0x1c -> 0x0
pci_cfg_read piix3-ide 00:01.0 @0x1d -> 0x0
pci_cfg_read piix3-ide 00:01.0 @0x1e -> 0x0
pci_cfg_read piix3-ide 00:01.0 @0x1f -> 0x0
pci_cfg_read piix3-ide 00:01.0 @0x20 -> 0x61
pci_cfg_read piix3-ide 00:01.0 @0x21 -> 0x60
pci_cfg_read piix3-ide 00:01.0 @0x22 -> 0x0
pci_cfg_read piix3-ide 00:01.0 @0x23 -> 0x0
pci_cfg_read piix3-ide 00:01.0 @0x24 -> 0x0
pci_cfg_read piix3-ide 00:01.0 @0x25 -> 0x0
pci_cfg_read piix3-ide 00:01.0 @0x26 -> 0x0
pci_cfg_read piix3-ide 00:01.0 @0x27 -> 0x0
pci_cfg_read piix3-ide 00:01.0 @0x28 -> 0x0
pci_cfg_read piix3-ide 00:01.0 @0x29 -> 0x0
pci_cfg_read piix3-ide 00:01.0 @0x2a -> 0x0
pci_cfg_read piix3-ide 00:01.0 @0x2b -> 0x0
pci_cfg_read piix3-ide 00:01.0 @0x2c -> 0xf4
pci_cfg_read piix3-ide 00:01.0 @0x2d -> 0x1a
pci_cfg_read piix3-ide 00:01.0 @0x2e -> 0x0
pci_cfg_read piix3-ide 00:01.0 @0x2f -> 0x11
pci_cfg_read piix3-ide 00:01.0 @0x30 -> 0x0
pci_cfg_read piix3-ide 00:01.0 @0x31 -> 0x0
pci_cfg_read piix3-ide 00:01.0 @0x32 -> 0x0
pci_cfg_read piix3-ide 00:01.0 @0x33 -> 0x0
pci_cfg_read piix3-ide 00:01.0 @0x34 -> 0x0
pci_cfg_read piix3-ide 00:01.0 @0x35 -> 0x0
pci_cfg_read piix3-ide 00:01.0 @0x36 -> 0x0
pci_cfg_read piix3-ide 00:01.0 @0x37 -> 0x0
pci_cfg_read piix3-ide 00:01.0 @0x38 -> 0x0
pci_cfg_read piix3-ide 00:01.0 @0x39 -> 0x0
pci_cfg_read piix3-ide 00:01.0 @0x3a -> 0x0
pci_cfg_read piix3-ide 00:01.0 @0x3b -> 0x0
pci_cfg_read piix3-ide 00:01.0 @0x3c -> 0xff
pci_cfg_read piix3-ide 00:01.0 @0x3d -> 0x0
pci_cfg_read piix3-ide 00:01.0 @0x3e -> 0x0
pci_cfg_read piix3-ide 00:01.0 @0x3f -> 0x0
pci_cfg_read piix3-ide 00:01.0 @0x0 -> 0x86
pci_cfg_read piix3-ide 00:01.0 @0x1 -> 0x80
pci_cfg_read piix3-ide 00:01.0 @0x2 -> 0x10
pci_cfg_read piix3-ide 00:01.0 @0x3 -> 0x70
pci_cfg_read piix3-ide 00:01.0 @0x4 -> 0x7
pci_cfg_read piix3-ide 00:01.0 @0x5 -> 0x0
pci_cfg_read piix3-ide 00:01.0 @0x6 -> 0x80
pci_cfg_read piix3-ide 00:01.0 @0x7 -> 0x2
pci_cfg_read piix3-ide 00:01.0 @0x8 -> 0x0
pci_cfg_read piix3-ide 00:01.0 @0x9 -> 0x80
pci_cfg_read piix3-ide 00:01.0 @0xa -> 0x1
pci_cfg_read piix3-ide 00:01.0 @0xb -> 0x1
pci_cfg_read piix3-ide 00:01.0 @0xc -> 0x0
pci_cfg_read piix3-ide 00:01.0 @0xd -> 0x0
pci_cfg_read piix3-ide 00:01.0 @0xe -> 0x0
pci_cfg_read piix3-ide 00:01.0 @0xf -> 0x0
pci_cfg_read piix3-ide 00:01.0 @0x10 -> 0x0
pci_cfg_read piix3-ide 00:01.0 @0x11 -> 0x0
pci_cfg_read piix3-ide 00:01.0 @0x12 -> 0x0
pci_cfg_read piix3-ide 00:01.0 @0x13 -> 0x0
pci_cfg_read piix3-ide 00:01.0 @0x14 -> 0x0
pci_cfg_read piix3-ide 00:01.0 @0x15 -> 0x0
pci_cfg_read piix3-ide 00:01.0 @0x16 -> 0x0
pci_cfg_read piix3-ide 00:01.0 @0x17 -> 0x0
pci_cfg_read piix3-ide 00:01.0 @0x18 -> 0x0
pci_cfg_read piix3-ide 00:01.0 @0x19 -> 0x0
pci_cfg_read piix3-ide 00:01.0 @0x1a -> 0x0
pci_cfg_read piix3-ide 00:01.0 @0x1b -> 0x0
pci_cfg_read piix3-ide 00:01.0 @0x1c -> 0x0
pci_cfg_read piix3-ide 00:01.0 @0x1d -> 0x0
pci_cfg_read piix3-ide 00:01.0 @0x1e -> 0x0
pci_cfg_read piix3-ide 00:01.0 @0x1f -> 0x0
pci_cfg_read piix3-ide 00:01.0 @0x20 -> 0x61
pci_cfg_read piix3-ide 00:01.0 @0x21 -> 0x60
pci_cfg_read piix3-ide 00:01.0 @0x22 -> 0x0
pci_cfg_read piix3-ide 00:01.0 @0x23 -> 0x0
pci_cfg_read piix3-ide 00:01.0 @0x24 -> 0x0
pci_cfg_read piix3-ide 00:01.0 @0x25 -> 0x0
pci_cfg_read piix3-ide 00:01.0 @0x26 -> 0x0
pci_cfg_read piix3-ide 00:01.0 @0x27 -> 0x0
pci_cfg_read piix3-ide 00:01.0 @0x28 -> 0x0
pci_cfg_read piix3-ide 00:01.0 @0x29 -> 0x0
pci_cfg_read piix3-ide 00:01.0 @0x2a -> 0x0
pci_cfg_read piix3-ide 00:01.0 @0x2b -> 0x0
pci_cfg_read piix3-ide 00:01.0 @0x2c -> 0xf4
pci_cfg_read piix3-ide 00:01.0 @0x2d -> 0x1a
pci_cfg_read piix3-ide 00:01.0 @0x2e -> 0x0
pci_cfg_read piix3-ide 00:01.0 @0x2f -> 0x11
pci_cfg_read piix3-ide 00:01.0 @0x30 -> 0x0
pci_cfg_read piix3-ide 00:01.0 @0x31 -> 0x0
pci_cfg_read piix3-ide 00:01.0 @0x32 -> 0x0
pci_cfg_read piix3-ide 00:01.0 @0x33 -> 0x0
pci_cfg_read piix3-ide 00:01.0 @0x34 -> 0x0
pci_cfg_read piix3-ide 00:01.0 @0x35 -> 0x0
pci_cfg_read piix3-ide 00:01.0 @0x36 -> 0x0
pci_cfg_read piix3-ide 00:01.0 @0x37 -> 0x0
pci_cfg_read piix3-ide 00:01.0 @0x38 -> 0x0
pci_cfg_read piix3-ide 00:01.0 @0x39 -> 0x0
pci_cfg_read piix3-ide 00:01.0 @0x3a -> 0x0
pci_cfg_read piix3-ide 00:01.0 @0x3b -> 0x0
pci_cfg_read piix3-ide 00:01.0 @0x3c -> 0xff
pci_cfg_read piix3-ide 00:01.0 @0x3d -> 0x0
pci_cfg_read piix3-ide 00:01.0 @0x3e -> 0x0
pci_cfg_read piix3-ide 00:01.0 @0x3f -> 0x0
pci_cfg_read piix3-ide 00:01.0 @0x0 -> 0x86
pci_cfg_read piix3-ide 00:01.0 @0x1 -> 0x80
pci_cfg_read piix3-ide 00:01.0 @0x2 -> 0x10
pci_cfg_read piix3-ide 00:01.0 @0x3 -> 0x70
pci_cfg_read piix3-ide 00:01.0 @0x4 -> 0x7
pci_cfg_read piix3-ide 00:01.0 @0x5 -> 0x0
pci_cfg_read piix3-ide 00:01.0 @0x6 -> 0x80
pci_cfg_read piix3-ide 00:01.0 @0x7 -> 0x2
pci_cfg_read piix3-ide 00:01.0 @0x8 -> 0x0
pci_cfg_read piix3-ide 00:01.0 @0x9 -> 0x80
pci_cfg_read piix3-ide 00:01.0 @0xa -> 0x1
pci_cfg_read piix3-ide 00:01.0 @0xb -> 0x1
pci_cfg_read piix3-ide 00:01.0 @0xc -> 0x0
pci_cfg_read piix3-ide 00:01.0 @0xd -> 0x0
pci_cfg_read piix3-ide 00:01.0 @0xe -> 0x0
pci_cfg_read piix3-ide 00:01.0 @0xf -> 0x0
pci_cfg_read piix3-ide 00:01.0 @0x10 -> 0x0
pci_cfg_read piix3-ide 00:01.0 @0x11 -> 0x0
pci_cfg_read piix3-ide 00:01.0 @0x12 -> 0x0
pci_cfg_read piix3-ide 00:01.0 @0x13 -> 0x0
pci_cfg_read piix3-ide 00:01.0 @0x14 -> 0x0
pci_cfg_read piix3-ide 00:01.0 @0x15 -> 0x0
pci_cfg_read piix3-ide 00:01.0 @0x16 -> 0x0
pci_cfg_read piix3-ide 00:01.0 @0x17 -> 0x0
pci_cfg_read piix3-ide 00:01.0 @0x18 -> 0x0
pci_cfg_read piix3-ide 00:01.0 @0x19 -> 0x0
pci_cfg_read piix3-ide 00:01.0 @0x1a -> 0x0
pci_cfg_read piix3-ide 00:01.0 @0x1b -> 0x0
pci_cfg_read piix3-ide 00:01.0 @0x1c -> 0x0
pci_cfg_read piix3-ide 00:01.0 @0x1d -> 0x0
pci_cfg_read piix3-ide 00:01.0 @0x1e -> 0x0
pci_cfg_read piix3-ide 00:01.0 @0x1f -> 0x0
pci_cfg_read piix3-ide 00:01.0 @0x20 -> 0x61
pci_cfg_read piix3-ide 00:01.0 @0x21 -> 0x60
pci_cfg_read piix3-ide 00:01.0 @0x22 -> 0x0
pci_cfg_read piix3-ide 00:01.0 @0x23 -> 0x0
pci_cfg_read piix3-ide 00:01.0 @0x24 -> 0x0
pci_cfg_read piix3-ide 00:01.0 @0x25 -> 0x0
pci_cfg_read piix3-ide 00:01.0 @0x26 -> 0x0
pci_cfg_read piix3-ide 00:01.0 @0x27 -> 0x0
pci_cfg_read piix3-ide 00:01.0 @0x28 -> 0x0
pci_cfg_read piix3-ide 00:01.0 @0x29 -> 0x0
pci_cfg_read piix3-ide 00:01.0 @0x2a -> 0x0
pci_cfg_read piix3-ide 00:01.0 @0x2b -> 0x0
pci_cfg_read piix3-ide 00:01.0 @0x2c -> 0xf4
pci_cfg_read piix3-ide 00:01.0 @0x2d -> 0x1a
pci_cfg_read piix3-ide 00:01.0 @0x2e -> 0x0
pci_cfg_read piix3-ide 00:01.0 @0x2f -> 0x11
pci_cfg_read piix3-ide 00:01.0 @0x30 -> 0x0
pci_cfg_read piix3-ide 00:01.0 @0x31 -> 0x0
pci_cfg_read piix3-ide 00:01.0 @0x32 -> 0x0
pci_cfg_read piix3-ide 00:01.0 @0x33 -> 0x0
pci_cfg_read piix3-ide 00:01.0 @0x34 -> 0x0
pci_cfg_read piix3-ide 00:01.0 @0x35 -> 0x0
pci_cfg_read piix3-ide 00:01.0 @0x36 -> 0x0
pci_cfg_read piix3-ide 00:01.0 @0x37 -> 0x0
pci_cfg_read piix3-ide 00:01.0 @0x38 -> 0x0
pci_cfg_read piix3-ide 00:01.0 @0x39 -> 0x0
pci_cfg_read piix3-ide 00:01.0 @0x3a -> 0x0
pci_cfg_read piix3-ide 00:01.0 @0x3b -> 0x0
pci_cfg_read piix3-ide 00:01.0 @0x3c -> 0xff
pci_cfg_read piix3-ide 00:01.0 @0x3d -> 0x0
pci_cfg_read piix3-ide 00:01.0 @0x3e -> 0x0
pci_cfg_read piix3-ide 00:01.0 @0x3f -> 0x0
pci_cfg_read piix3-ide 00:01.0 @0x0 -> 0x86
pci_cfg_read piix3-ide 00:01.0 @0x1 -> 0x80
pci_cfg_read piix3-ide 00:01.0 @0x2 -> 0x10
pci_cfg_read piix3-ide 00:01.0 @0x3 -> 0x70
pci_cfg_read piix3-ide 00:01.0 @0x4 -> 0x7
pci_cfg_read piix3-ide 00:01.0 @0x5 -> 0x0
pci_cfg_read piix3-ide 00:01.0 @0x6 -> 0x80
pci_cfg_read piix3-ide 00:01.0 @0x7 -> 0x2
pci_cfg_read piix3-ide 00:01.0 @0x8 -> 0x0
pci_cfg_read piix3-ide 00:01.0 @0x9 -> 0x80
pci_cfg_read piix3-ide 00:01.0 @0xa -> 0x1
pci_cfg_read piix3-ide 00:01.0 @0xb -> 0x1
pci_cfg_read piix3-ide 00:01.0 @0xc -> 0x0
pci_cfg_read piix3-ide 00:01.0 @0xd -> 0x0
pci_cfg_read piix3-ide 00:01.0 @0xe -> 0x0
pci_cfg_read piix3-ide 00:01.0 @0xf -> 0x0
pci_cfg_read piix3-ide 00:01.0 @0x10 -> 0x0
pci_cfg_read piix3-ide 00:01.0 @0x11 -> 0x0
pci_cfg_read piix3-ide 00:01.0 @0x12 -> 0x0
pci_cfg_read piix3-ide 00:01.0 @0x13 -> 0x0
pci_cfg_read piix3-ide 00:01.0 @0x14 -> 0x0
pci_cfg_read piix3-ide 00:01.0 @0x15 -> 0x0
pci_cfg_read piix3-ide 00:01.0 @0x16 -> 0x0
pci_cfg_read piix3-ide 00:01.0 @0x17 -> 0x0
pci_cfg_read piix3-ide 00:01.0 @0x18 -> 0x0
pci_cfg_read piix3-ide 00:01.0 @0x19 -> 0x0
pci_cfg_read piix3-ide 00:01.0 @0x1a -> 0x0
pci_cfg_read piix3-ide 00:01.0 @0x1b -> 0x0
pci_cfg_read piix3-ide 00:01.0 @0x1c -> 0x0
pci_cfg_read piix3-ide 00:01.0 @0x1d -> 0x0
pci_cfg_read piix3-ide 00:01.0 @0x1e -> 0x0
pci_cfg_read piix3-ide 00:01.0 @0x1f -> 0x0
pci_cfg_read piix3-ide 00:01.0 @0x20 -> 0x61
pci_cfg_read piix3-ide 00:01.0 @0x21 -> 0x60
pci_cfg_read piix3-ide 00:01.0 @0x22 -> 0x0
pci_cfg_read piix3-ide 00:01.0 @0x23 -> 0x0
pci_cfg_read piix3-ide 00:01.0 @0x24 -> 0x0
pci_cfg_read piix3-ide 00:01.0 @0x25 -> 0x0
pci_cfg_read piix3-ide 00:01.0 @0x26 -> 0x0
pci_cfg_read piix3-ide 00:01.0 @0x27 -> 0x0
pci_cfg_read piix3-ide 00:01.0 @0x28 -> 0x0
pci_cfg_read piix3-ide 00:01.0 @0x29 -> 0x0
pci_cfg_read piix3-ide 00:01.0 @0x2a -> 0x0
pci_cfg_read piix3-ide 00:01.0 @0x2b -> 0x0
pci_cfg_read piix3-ide 00:01.0 @0x2c -> 0xf4
pci_cfg_read piix3-ide 00:01.0 @0x2d -> 0x1a
pci_cfg_read piix3-ide 00:01.0 @0x2e -> 0x0
pci_cfg_read piix3-ide 00:01.0 @0x2f -> 0x11
pci_cfg_read piix3-ide 00:01.0 @0x30 -> 0x0
pci_cfg_read piix3-ide 00:01.0 @0x31 -> 0x0
pci_cfg_read piix3-ide 00:01.0 @0x32 -> 0x0
pci_cfg_read piix3-ide 00:01.0 @0x33 -> 0x0
pci_cfg_read piix3-ide 00:01.0 @0x34 -> 0x0
pci_cfg_read piix3-ide 00:01.0 @0x35 -> 0x0
pci_cfg_read piix3-ide 00:01.0 @0x36 -> 0x0
pci_cfg_read piix3-ide 00:01.0 @0x37 -> 0x0
pci_cfg_read piix3-ide 00:01.0 @0x38 -> 0x0
pci_cfg_read piix3-ide 00:01.0 @0x39 -> 0x0
pci_cfg_read piix3-ide 00:01.0 @0x3a -> 0x0
pci_cfg_read piix3-ide 00:01.0 @0x3b -> 0x0
pci_cfg_read piix3-ide 00:01.0 @0x3c -> 0xff
pci_cfg_read piix3-ide 00:01.0 @0x3d -> 0x0
pci_cfg_read piix3-ide 00:01.0 @0x3e -> 0x0
pci_cfg_read piix3-ide 00:01.0 @0x3f -> 0x0
pci_cfg_read piix3-ide 00:01.0 @0x0 -> 0x86
pci_cfg_read piix3-ide 00:01.0 @0x1 -> 0x80
pci_cfg_read piix3-ide 00:01.0 @0x2 -> 0x10
pci_cfg_read piix3-ide 00:01.0 @0x3 -> 0x70
pci_cfg_read piix3-ide 00:01.0 @0x4 -> 0x7
pci_cfg_read piix3-ide 00:01.0 @0x5 -> 0x0
pci_cfg_read piix3-ide 00:01.0 @0x6 -> 0x80
pci_cfg_read piix3-ide 00:01.0 @0x7 -> 0x2
pci_cfg_read piix3-ide 00:01.0 @0x8 -> 0x0
pci_cfg_read piix3-ide 00:01.0 @0x9 -> 0x80
pci_cfg_read piix3-ide 00:01.0 @0xa -> 0x1
pci_cfg_read piix3-ide 00:01.0 @0xb -> 0x1
pci_cfg_read piix3-ide 00:01.0 @0xc -> 0x0
pci_cfg_read piix3-ide 00:01.0 @0xd -> 0x0
pci_cfg_read piix3-ide 00:01.0 @0xe -> 0x0
pci_cfg_read piix3-ide 00:01.0 @0xf -> 0x0
pci_cfg_read piix3-ide 00:01.0 @0x10 -> 0x0
pci_cfg_read piix3-ide 00:01.0 @0x11 -> 0x0
pci_cfg_read piix3-ide 00:01.0 @0x12 -> 0x0
pci_cfg_read piix3-ide 00:01.0 @0x13 -> 0x0
pci_cfg_read piix3-ide 00:01.0 @0x14 -> 0x0
pci_cfg_read piix3-ide 00:01.0 @0x15 -> 0x0
pci_cfg_read piix3-ide 00:01.0 @0x16 -> 0x0
pci_cfg_read piix3-ide 00:01.0 @0x17 -> 0x0
pci_cfg_read piix3-ide 00:01.0 @0x18 -> 0x0
pci_cfg_read piix3-ide 00:01.0 @0x19 -> 0x0
pci_cfg_read piix3-ide 00:01.0 @0x1a -> 0x0
pci_cfg_read piix3-ide 00:01.0 @0x1b -> 0x0
pci_cfg_read piix3-ide 00:01.0 @0x1c -> 0x0
pci_cfg_read piix3-ide 00:01.0 @0x1d -> 0x0
pci_cfg_read piix3-ide 00:01.0 @0x1e -> 0x0
pci_cfg_read piix3-ide 00:01.0 @0x1f -> 0x0
pci_cfg_read piix3-ide 00:01.0 @0x20 -> 0x61
pci_cfg_read piix3-ide 00:01.0 @0x21 -> 0x60
pci_cfg_read piix3-ide 00:01.0 @0x22 -> 0x0
pci_cfg_read piix3-ide 00:01.0 @0x23 -> 0x0
pci_cfg_read piix3-ide 00:01.0 @0x24 -> 0x0
pci_cfg_read piix3-ide 00:01.0 @0x25 -> 0x0
pci_cfg_read piix3-ide 00:01.0 @0x26 -> 0x0
pci_cfg_read piix3-ide 00:01.0 @0x27 -> 0x0
pci_cfg_read piix3-ide 00:01.0 @0x28 -> 0x0
pci_cfg_read piix3-ide 00:01.0 @0x29 -> 0x0
pci_cfg_read piix3-ide 00:01.0 @0x2a -> 0x0
pci_cfg_read piix3-ide 00:01.0 @0x2b -> 0x0
pci_cfg_read piix3-ide 00:01.0 @0x2c -> 0xf4
pci_cfg_read piix3-ide 00:01.0 @0x2d -> 0x1a
pci_cfg_read piix3-ide 00:01.0 @0x2e -> 0x0
pci_cfg_read piix3-ide 00:01.0 @0x2f -> 0x11
pci_cfg_read piix3-ide 00:01.0 @0x30 -> 0x0
pci_cfg_read piix3-ide 00:01.0 @0x31 -> 0x0
pci_cfg_read piix3-ide 00:01.0 @0x32 -> 0x0
pci_cfg_read piix3-ide 00:01.0 @0x33 -> 0x0
pci_cfg_read piix3-ide 00:01.0 @0x34 -> 0x0
pci_cfg_read piix3-ide 00:01.0 @0x35 -> 0x0
pci_cfg_read piix3-ide 00:01.0 @0x36 -> 0x0
pci_cfg_read piix3-ide 00:01.0 @0x37 -> 0x0
pci_cfg_read piix3-ide 00:01.0 @0x38 -> 0x0
pci_cfg_read piix3-ide 00:01.0 @0x39 -> 0x0
pci_cfg_read piix3-ide 00:01.0 @0x3a -> 0x0
pci_cfg_read piix3-ide 00:01.0 @0x3b -> 0x0
pci_cfg_read piix3-ide 00:01.0 @0x3c -> 0xff
pci_cfg_read piix3-ide 00:01.0 @0x3d -> 0x0
pci_cfg_read piix3-ide 00:01.0 @0x3e -> 0x0
pci_cfg_read piix3-ide 00:01.0 @0x3f -> 0x0
pci_cfg_read virtio-blk-pci 00:05.0 @0x0 -> 0x10421af4
pci_cfg_read virtio-blk-pci 00:05.0 @0x4 -> 0x100007
pci_cfg_read virtio-blk-pci 00:05.0 @0x8 -> 0x1000001
pci_cfg_read virtio-blk-pci 00:05.0 @0xc -> 0x0
pci_cfg_read virtio-blk-pci 00:05.0 @0x10 -> 0x0
pci_cfg_read virtio-blk-pci 00:05.0 @0x14 -> 0x0
pci_cfg_read virtio-blk-pci 00:05.0 @0x18 -> 0x0
pci_cfg_read virtio-blk-pci 00:05.0 @0x1c -> 0x0
pci_cfg_read virtio-blk-pci 00:05.0 @0x20 -> 0xc
pci_cfg_read virtio-blk-pci 00:05.0 @0x24 -> 0x8
pci_cfg_read virtio-blk-pci 00:05.0 @0x28 -> 0x0
pci_cfg_read virtio-blk-pci 00:05.0 @0x2c -> 0x11001af4
pci_cfg_read virtio-blk-pci 00:05.0 @0x30 -> 0x0
pci_cfg_read virtio-blk-pci 00:05.0 @0x34 -> 0x84
pci_cfg_read virtio-blk-pci 00:05.0 @0x38 -> 0x0
pci_cfg_read virtio-blk-pci 00:05.0 @0x3c -> 0x1ff
pci_cfg_read virtio-blk-pci 00:05.0 @0x9 -> 0x0
pci_cfg_read virtio-blk-pci 00:05.0 @0xa -> 0x0
pci_cfg_read virtio-blk-pci 00:05.0 @0xb -> 0x1
pci_cfg_read virtio-blk-pci 00:05.0 @0x9 -> 0x0
pci_cfg_read virtio-blk-pci 00:05.0 @0xa -> 0x0
pci_cfg_read virtio-blk-pci 00:05.0 @0xb -> 0x1
pci_cfg_read virtio-blk-pci 00:05.0 @0x9 -> 0x0
pci_cfg_read virtio-blk-pci 00:05.0 @0xa -> 0x0
pci_cfg_read virtio-blk-pci 00:05.0 @0xb -> 0x1
pci_cfg_read virtio-blk-pci 00:05.0 @0x9 -> 0x0
pci_cfg_read virtio-blk-pci 00:05.0 @0xa -> 0x0
pci_cfg_read virtio-blk-pci 00:05.0 @0xb -> 0x1
pci_cfg_read virtio-blk-pci 00:05.0 @0x0 -> 0x10421af4
pci_cfg_read virtio-blk-pci 00:05.0 @0x4 -> 0x100007
pci_cfg_read virtio-blk-pci 00:05.0 @0x8 -> 0x1000001
pci_cfg_read virtio-blk-pci 00:05.0 @0xc -> 0x0
pci_cfg_read virtio-blk-pci 00:05.0 @0x10 -> 0x0
pci_cfg_read virtio-blk-pci 00:05.0 @0x14 -> 0x0
pci_cfg_read virtio-blk-pci 00:05.0 @0x18 -> 0x0
pci_cfg_read virtio-blk-pci 00:05.0 @0x1c -> 0x0
pci_cfg_read virtio-blk-pci 00:05.0 @0x20 -> 0xc
pci_cfg_read virtio-blk-pci 00:05.0 @0x24 -> 0x8
pci_cfg_read virtio-blk-pci 00:05.0 @0x28 -> 0x0
pci_cfg_read virtio-blk-pci 00:05.0 @0x2c -> 0x11001af4
pci_cfg_read virtio-blk-pci 00:05.0 @0x30 -> 0x0
pci_cfg_read virtio-blk-pci 00:05.0 @0x34 -> 0x84
pci_cfg_read virtio-blk-pci 00:05.0 @0x38 -> 0x0
pci_cfg_read virtio-blk-pci 00:05.0 @0x3c -> 0x1ff
pci_cfg_read virtio-blk-pci 00:05.0 @0x0 -> 0x10421af4
pci_cfg_read virtio-blk-pci 00:05.0 @0x4 -> 0x100007
pci_cfg_read virtio-blk-pci 00:05.0 @0x8 -> 0x1000001
pci_cfg_read virtio-blk-pci 00:05.0 @0xc -> 0x0
pci_cfg_read virtio-blk-pci 00:05.0 @0x10 -> 0x0
pci_cfg_read virtio-blk-pci 00:05.0 @0x14 -> 0x0
pci_cfg_read virtio-blk-pci 00:05.0 @0x18 -> 0x0
pci_cfg_read virtio-blk-pci 00:05.0 @0x1c -> 0x0
pci_cfg_read virtio-blk-pci 00:05.0 @0x20 -> 0xc
pci_cfg_read virtio-blk-pci 00:05.0 @0x24 -> 0x8
pci_cfg_read virtio-blk-pci 00:05.0 @0x28 -> 0x0
pci_cfg_read virtio-blk-pci 00:05.0 @0x2c -> 0x11001af4
pci_cfg_read virtio-blk-pci 00:05.0 @0x30 -> 0x0
pci_cfg_read virtio-blk-pci 00:05.0 @0x34 -> 0x84
pci_cfg_read virtio-blk-pci 00:05.0 @0x38 -> 0x0
pci_cfg_read virtio-blk-pci 00:05.0 @0x3c -> 0x1ff
pci_cfg_read virtio-blk-pci 00:05.0 @0x0 -> 0x10421af4
pci_cfg_read virtio-blk-pci 00:05.0 @0x4 -> 0x100007
pci_cfg_read virtio-blk-pci 00:05.0 @0x8 -> 0x1000001
pci_cfg_read virtio-blk-pci 00:05.0 @0xc -> 0x0
pci_cfg_read virtio-blk-pci 00:05.0 @0x10 -> 0x0
pci_cfg_read virtio-blk-pci 00:05.0 @0x14 -> 0x0
pci_cfg_read virtio-blk-pci 00:05.0 @0x18 -> 0x0
pci_cfg_read virtio-blk-pci 00:05.0 @0x1c -> 0x0
pci_cfg_read virtio-blk-pci 00:05.0 @0x20 -> 0xc
pci_cfg_read virtio-blk-pci 00:05.0 @0x24 -> 0x8
pci_cfg_read virtio-blk-pci 00:05.0 @0x28 -> 0x0
pci_cfg_read virtio-blk-pci 00:05.0 @0x2c -> 0x11001af4
pci_cfg_read virtio-blk-pci 00:05.0 @0x30 -> 0x0
pci_cfg_read virtio-blk-pci 00:05.0 @0x34 -> 0x84
pci_cfg_read virtio-blk-pci 00:05.0 @0x38 -> 0x0
pci_cfg_read virtio-blk-pci 00:05.0 @0x3c -> 0x1ff
pci_cfg_read virtio-blk-pci 00:05.0 @0x6 -> 0x10
pci_cfg_read virtio-blk-pci 00:05.0 @0x34 -> 0x84
pci_cfg_read virtio-blk-pci 00:05.0 @0x84 -> 0x7009
pci_cfg_read virtio-blk-pci 00:05.0 @0x70 -> 0x6009
pci_cfg_read virtio-blk-pci 00:05.0 @0x60 -> 0x5009
pci_cfg_read virtio-blk-pci 00:05.0 @0x50 -> 0x4009
pci_cfg_read virtio-blk-pci 00:05.0 @0x40 -> 0x9
pci_cfg_read virtio-blk-pci 00:05.0 @0x86 -> 0x14
pci_cfg_read virtio-blk-pci 00:05.0 @0x84 -> 0x5147009
pci_cfg_read virtio-blk-pci 00:05.0 @0x88 -> 0x0
pci_cfg_read virtio-blk-pci 00:05.0 @0x8c -> 0x0
pci_cfg_read virtio-blk-pci 00:05.0 @0x90 -> 0x0
pci_cfg_read virtio-blk-pci 00:05.0 @0x72 -> 0x14
pci_cfg_read virtio-blk-pci 00:05.0 @0x70 -> 0x2146009
pci_cfg_read virtio-blk-pci 00:05.0 @0x74 -> 0x4
pci_cfg_read virtio-blk-pci 00:05.0 @0x78 -> 0x3000
pci_cfg_read virtio-blk-pci 00:05.0 @0x7c -> 0x1000
pci_cfg_read virtio-blk-pci 00:05.0 @0x80 -> 0x4
pci_cfg_read virtio-blk-pci 00:05.0 @0x62 -> 0x10
pci_cfg_read virtio-blk-pci 00:05.0 @0x60 -> 0x4105009
pci_cfg_read virtio-blk-pci 00:05.0 @0x64 -> 0x4
pci_cfg_read virtio-blk-pci 00:05.0 @0x68 -> 0x2000
pci_cfg_read virtio-blk-pci 00:05.0 @0x6c -> 0x1000
pci_cfg_read virtio-blk-pci 00:05.0 @0x52 -> 0x10
pci_cfg_read virtio-blk-pci 00:05.0 @0x50 -> 0x3104009
pci_cfg_read virtio-blk-pci 00:05.0 @0x54 -> 0x4
pci_cfg_read virtio-blk-pci 00:05.0 @0x58 -> 0x1000
pci_cfg_read virtio-blk-pci 00:05.0 @0x5c -> 0x1000
pci_cfg_read virtio-blk-pci 00:05.0 @0x42 -> 0x10
pci_cfg_read virtio-blk-pci 00:05.0 @0x40 -> 0x1100009
pci_cfg_read virtio-blk-pci 00:05.0 @0x44 -> 0x4
pci_cfg_read virtio-blk-pci 00:05.0 @0x48 -> 0x0
pci_cfg_read virtio-blk-pci 00:05.0 @0x4c -> 0x1000
pci_cfg_read virtio-blk-pci 00:05.0 @0x4 -> 0x7
pci_cfg_write virtio-blk-pci 00:05.0 @0x4 <- 0x7
virtio_set_status vdev 0x56246085deb0 val 0
virtio_set_status vdev 0x56246085deb0 val 0
virtio_set_status vdev 0x56246085deb0 val 1
virtio_set_status vdev 0x56246085deb0 val 3
virtio_set_status vdev 0x56246085deb0 val 11
virtio_set_status vdev 0x56246085deb0 val 15
virtio_pci_notify_write 0x0 = 0x0 (2)
virtio_queue_notify vdev 0x56246085deb0 n 0 vq 0x5624608689c0
virtio_blk_handle_read vdev 0x56246085deb0 req 0x7f1bacc81280 sector 0 nsectors 1
virtio_blk_rw_complete vdev 0x56246085deb0 req 0x7f1bacc81280 ret 0
virtio_blk_req_complete vdev 0x56246085deb0 req 0x7f1bacc81280 status 0
virtio_pci_notify_write 0x0 = 0x0 (2)
virtio_queue_notify vdev 0x56246085deb0 n 0 vq 0x5624608689c0
virtio_blk_handle_read vdev 0x56246085deb0 req 0x7f1bac0881a0 sector 0 nsectors 1
virtio_blk_rw_complete vdev 0x56246085deb0 req 0x7f1bac0881a0 ret 0
virtio_blk_req_complete vdev 0x56246085deb0 req 0x7f1bac0881a0 status 0
virtio_pci_notify_write 0x0 = 0x0 (2)
virtio_queue_notify vdev 0x56246085deb0 n 0 vq 0x5624608689c0
virtio_blk_handle_read vdev 0x56246085deb0 req 0x7f1bac1e7890 sector 0 nsectors 1
virtio_blk_rw_complete vdev 0x56246085deb0 req 0x7f1bac1e7890 ret 0
virtio_blk_req_complete vdev 0x56246085deb0 req 0x7f1bac1e7890 status 0
pci_cfg_read virtio-blk-pci 00:05.0 @0x9 -> 0x0
pci_cfg_read virtio-blk-pci 00:05.0 @0xa -> 0x0
pci_cfg_read virtio-blk-pci 00:05.0 @0xb -> 0x1
pci_cfg_read ICH9-LPC 00:1f.0 @0x0 -> 0x29188086
pci_cfg_read ICH9-LPC 00:1f.0 @0x4 -> 0x7
pci_cfg_read ICH9-LPC 00:1f.0 @0x8 -> 0x6010002
pci_cfg_read ICH9-LPC 00:1f.0 @0xc -> 0x800000
pci_cfg_read ICH9-LPC 00:1f.0 @0x10 -> 0x0
pci_cfg_read ICH9-LPC 00:1f.0 @0x14 -> 0x0
pci_cfg_read ICH9-LPC 00:1f.0 @0x18 -> 0x0
pci_cfg_read ICH9-LPC 00:1f.0 @0x1c -> 0x0
pci_cfg_read ICH9-LPC 00:1f.0 @0x20 -> 0x0
pci_cfg_read ICH9-LPC 00:1f.0 @0x24 -> 0x0
pci_cfg_read ICH9-LPC 00:1f.0 @0x28 -> 0x0
pci_cfg_read ICH9-LPC 00:1f.0 @0x2c -> 0x11001af4
pci_cfg_read ICH9-LPC 00:1f.0 @0x30 -> 0x0
pci_cfg_read ICH9-LPC 00:1f.0 @0x34 -> 0x0
pci_cfg_read ICH9-LPC 00:1f.0 @0x38 -> 0x0
pci_cfg_read ICH9-LPC 00:1f.0 @0x3c -> 0xff
pci_cfg_read ich9-ahci 00:1f.2 @0x0 -> 0x29228086
pci_cfg_read ich9-ahci 00:1f.2 @0x4 -> 0x100007
pci_cfg_read ich9-ahci 00:1f.2 @0x8 -> 0x1060102
pci_cfg_read ich9-ahci 00:1f.2 @0xc -> 0x800000
pci_cfg_read ich9-ahci 00:1f.2 @0x10 -> 0x0
pci_cfg_read ich9-ahci 00:1f.2 @0x14 -> 0x0
pci_cfg_read ich9-ahci 00:1f.2 @0x18 -> 0x0
pci_cfg_read ich9-ahci 00:1f.2 @0x1c -> 0x0
pci_cfg_read ich9-ahci 00:1f.2 @0x20 -> 0x6041
pci_cfg_read ich9-ahci 00:1f.2 @0x24 -> 0x80000000
pci_cfg_read ich9-ahci 00:1f.2 @0x28 -> 0x0
pci_cfg_read ich9-ahci 00:1f.2 @0x2c -> 0x11001af4
pci_cfg_read ich9-ahci 00:1f.2 @0x30 -> 0x0
pci_cfg_read ich9-ahci 00:1f.2 @0x34 -> 0x80
pci_cfg_read ich9-ahci 00:1f.2 @0x38 -> 0x0
pci_cfg_read ich9-ahci 00:1f.2 @0x3c -> 0x1ff
pci_cfg_read ich9-ahci 00:1f.2 @0x9 -> 0x1
pci_cfg_read ich9-ahci 00:1f.2 @0xa -> 0x6
pci_cfg_read ich9-ahci 00:1f.2 @0xb -> 0x1
pci_cfg_read ich9-ahci 00:1f.2 @0x9 -> 0x1
pci_cfg_read ich9-ahci 00:1f.2 @0xa -> 0x6
pci_cfg_read ich9-ahci 00:1f.2 @0xb -> 0x1
pci_cfg_read ich9-ahci 00:1f.2 @0x9 -> 0x1
pci_cfg_read ich9-ahci 00:1f.2 @0xa -> 0x6
pci_cfg_read ich9-ahci 00:1f.2 @0xb -> 0x1
pci_cfg_read ich9-ahci 00:1f.2 @0x9 -> 0x1
pci_cfg_read ich9-ahci 00:1f.2 @0xa -> 0x6
pci_cfg_read ich9-ahci 00:1f.2 @0xb -> 0x1
pci_cfg_read ich9-ahci 00:1f.2 @0x0 -> 0x29228086
pci_cfg_read ich9-ahci 00:1f.2 @0x4 -> 0x100007
pci_cfg_read ich9-ahci 00:1f.2 @0x8 -> 0x1060102
pci_cfg_read ich9-ahci 00:1f.2 @0xc -> 0x800000
pci_cfg_read ich9-ahci 00:1f.2 @0x10 -> 0x0
pci_cfg_read ich9-ahci 00:1f.2 @0x14 -> 0x0
pci_cfg_read ich9-ahci 00:1f.2 @0x18 -> 0x0
pci_cfg_read ich9-ahci 00:1f.2 @0x1c -> 0x0
pci_cfg_read ich9-ahci 00:1f.2 @0x20 -> 0x6041
pci_cfg_read ich9-ahci 00:1f.2 @0x24 -> 0x80000000
pci_cfg_read ich9-ahci 00:1f.2 @0x28 -> 0x0
pci_cfg_read ich9-ahci 00:1f.2 @0x2c -> 0x11001af4
pci_cfg_read ich9-ahci 00:1f.2 @0x30 -> 0x0
pci_cfg_read ich9-ahci 00:1f.2 @0x34 -> 0x80
pci_cfg_read ich9-ahci 00:1f.2 @0x38 -> 0x0
pci_cfg_read ich9-ahci 00:1f.2 @0x3c -> 0x1ff
pci_cfg_read ich9-ahci 00:1f.2 @0x0 -> 0x29228086
pci_cfg_read ich9-ahci 00:1f.2 @0x4 -> 0x100007
pci_cfg_read ich9-ahci 00:1f.2 @0x8 -> 0x1060102
pci_cfg_read ich9-ahci 00:1f.2 @0xc -> 0x800000
pci_cfg_read ich9-ahci 00:1f.2 @0x10 -> 0x0
pci_cfg_read ich9-ahci 00:1f.2 @0x14 -> 0x0
pci_cfg_read ich9-ahci 00:1f.2 @0x18 -> 0x0
pci_cfg_read ich9-ahci 00:1f.2 @0x1c -> 0x0
pci_cfg_read ich9-ahci 00:1f.2 @0x20 -> 0x6041
pci_cfg_read ich9-ahci 00:1f.2 @0x24 -> 0x80000000
pci_cfg_read ich9-ahci 00:1f.2 @0x28 -> 0x0
pci_cfg_read ich9-ahci 00:1f.2 @0x2c -> 0x11001af4
pci_cfg_read ich9-ahci 00:1f.2 @0x30 -> 0x0
pci_cfg_read ich9-ahci 00:1f.2 @0x34 -> 0x80
pci_cfg_read ich9-ahci 00:1f.2 @0x38 -> 0x0
pci_cfg_read ich9-ahci 00:1f.2 @0x3c -> 0x1ff
pci_cfg_read ich9-ahci 00:1f.2 @0x0 -> 0x29228086
pci_cfg_read ich9-ahci 00:1f.2 @0x4 -> 0x100007
pci_cfg_read ich9-ahci 00:1f.2 @0x8 -> 0x1060102
pci_cfg_read ich9-ahci 00:1f.2 @0xc -> 0x800000
pci_cfg_read ich9-ahci 00:1f.2 @0x10 -> 0x0
pci_cfg_read ich9-ahci 00:1f.2 @0x14 -> 0x0
pci_cfg_read ich9-ahci 00:1f.2 @0x18 -> 0x0
pci_cfg_read ich9-ahci 00:1f.2 @0x1c -> 0x0
pci_cfg_read ich9-ahci 00:1f.2 @0x20 -> 0x6041
pci_cfg_read ich9-ahci 00:1f.2 @0x24 -> 0x80000000
pci_cfg_read ich9-ahci 00:1f.2 @0x28 -> 0x0
pci_cfg_read ich9-ahci 00:1f.2 @0x2c -> 0x11001af4
pci_cfg_read ich9-ahci 00:1f.2 @0x30 -> 0x0
pci_cfg_read ich9-ahci 00:1f.2 @0x34 -> 0x80
pci_cfg_read ich9-ahci 00:1f.2 @0x38 -> 0x0
pci_cfg_read ich9-ahci 00:1f.2 @0x3c -> 0x1ff
pci_cfg_read ich9-ahci 00:1f.2 @0x0 -> 0x29228086
pci_cfg_read ich9-ahci 00:1f.2 @0x4 -> 0x100007
pci_cfg_read ich9-ahci 00:1f.2 @0x8 -> 0x1060102
pci_cfg_read ich9-ahci 00:1f.2 @0xc -> 0x800000
pci_cfg_read ich9-ahci 00:1f.2 @0x10 -> 0x0
pci_cfg_read ich9-ahci 00:1f.2 @0x14 -> 0x0
pci_cfg_read ich9-ahci 00:1f.2 @0x18 -> 0x0
pci_cfg_read ich9-ahci 00:1f.2 @0x1c -> 0x0
pci_cfg_read ich9-ahci 00:1f.2 @0x20 -> 0x6041
pci_cfg_read ich9-ahci 00:1f.2 @0x24 -> 0x80000000
pci_cfg_read ich9-ahci 00:1f.2 @0x28 -> 0x0
pci_cfg_read ich9-ahci 00:1f.2 @0x2c -> 0x11001af4
pci_cfg_read ich9-ahci 00:1f.2 @0x30 -> 0x0
pci_cfg_read ich9-ahci 00:1f.2 @0x34 -> 0x80
pci_cfg_read ich9-ahci 00:1f.2 @0x38 -> 0x0
pci_cfg_read ich9-ahci 00:1f.2 @0x3c -> 0x1ff
pci_cfg_read ich9-ahci 00:1f.2 @0x0 -> 0x86
pci_cfg_read ich9-ahci 00:1f.2 @0x1 -> 0x80
pci_cfg_read ich9-ahci 00:1f.2 @0x2 -> 0x22
pci_cfg_read ich9-ahci 00:1f.2 @0x3 -> 0x29
pci_cfg_read ich9-ahci 00:1f.2 @0x4 -> 0x7
pci_cfg_read ich9-ahci 00:1f.2 @0x5 -> 0x0
pci_cfg_read ich9-ahci 00:1f.2 @0x6 -> 0x10
pci_cfg_read ich9-ahci 00:1f.2 @0x7 -> 0x0
pci_cfg_read ich9-ahci 00:1f.2 @0x8 -> 0x2
pci_cfg_read ich9-ahci 00:1f.2 @0x9 -> 0x1
pci_cfg_read ich9-ahci 00:1f.2 @0xa -> 0x6
pci_cfg_read ich9-ahci 00:1f.2 @0xb -> 0x1
pci_cfg_read ich9-ahci 00:1f.2 @0xc -> 0x0
pci_cfg_read ich9-ahci 00:1f.2 @0xd -> 0x0
pci_cfg_read ich9-ahci 00:1f.2 @0xe -> 0x80
pci_cfg_read ich9-ahci 00:1f.2 @0xf -> 0x0
pci_cfg_read ich9-ahci 00:1f.2 @0x10 -> 0x0
pci_cfg_read ich9-ahci 00:1f.2 @0x11 -> 0x0
pci_cfg_read ich9-ahci 00:1f.2 @0x12 -> 0x0
pci_cfg_read ich9-ahci 00:1f.2 @0x13 -> 0x0
pci_cfg_read ich9-ahci 00:1f.2 @0x14 -> 0x0
pci_cfg_read ich9-ahci 00:1f.2 @0x15 -> 0x0
pci_cfg_read ich9-ahci 00:1f.2 @0x16 -> 0x0
pci_cfg_read ich9-ahci 00:1f.2 @0x17 -> 0x0
pci_cfg_read ich9-ahci 00:1f.2 @0x18 -> 0x0
pci_cfg_read ich9-ahci 00:1f.2 @0x19 -> 0x0
pci_cfg_read ich9-ahci 00:1f.2 @0x1a -> 0x0
pci_cfg_read ich9-ahci 00:1f.2 @0x1b -> 0x0
pci_cfg_read ich9-ahci 00:1f.2 @0x1c -> 0x0
pci_cfg_read ich9-ahci 00:1f.2 @0x1d -> 0x0
pci_cfg_read ich9-ahci 00:1f.2 @0x1e -> 0x0
pci_cfg_read ich9-ahci 00:1f.2 @0x1f -> 0x0
pci_cfg_read ich9-ahci 00:1f.2 @0x20 -> 0x41
pci_cfg_read ich9-ahci 00:1f.2 @0x21 -> 0x60
pci_cfg_read ich9-ahci 00:1f.2 @0x22 -> 0x0
pci_cfg_read ich9-ahci 00:1f.2 @0x23 -> 0x0
pci_cfg_read ich9-ahci 00:1f.2 @0x24 -> 0x0
pci_cfg_read ich9-ahci 00:1f.2 @0x25 -> 0x0
pci_cfg_read ich9-ahci 00:1f.2 @0x26 -> 0x0
pci_cfg_read ich9-ahci 00:1f.2 @0x27 -> 0x80
pci_cfg_read ich9-ahci 00:1f.2 @0x28 -> 0x0
pci_cfg_read ich9-ahci 00:1f.2 @0x29 -> 0x0
pci_cfg_read ich9-ahci 00:1f.2 @0x2a -> 0x0
pci_cfg_read ich9-ahci 00:1f.2 @0x2b -> 0x0
pci_cfg_read ich9-ahci 00:1f.2 @0x2c -> 0xf4
pci_cfg_read ich9-ahci 00:1f.2 @0x2d -> 0x1a
pci_cfg_read ich9-ahci 00:1f.2 @0x2e -> 0x0
pci_cfg_read ich9-ahci 00:1f.2 @0x2f -> 0x11
pci_cfg_read ich9-ahci 00:1f.2 @0x30 -> 0x0
pci_cfg_read ich9-ahci 00:1f.2 @0x31 -> 0x0
pci_cfg_read ich9-ahci 00:1f.2 @0x32 -> 0x0
pci_cfg_read ich9-ahci 00:1f.2 @0x33 -> 0x0
pci_cfg_read ich9-ahci 00:1f.2 @0x34 -> 0x80
pci_cfg_read ich9-ahci 00:1f.2 @0x35 -> 0x0
pci_cfg_read ich9-ahci 00:1f.2 @0x36 -> 0x0
pci_cfg_read ich9-ahci 00:1f.2 @0x37 -> 0x0
pci_cfg_read ich9-ahci 00:1f.2 @0x38 -> 0x0
pci_cfg_read ich9-ahci 00:1f.2 @0x39 -> 0x0
pci_cfg_read ich9-ahci 00:1f.2 @0x3a -> 0x0
pci_cfg_read ich9-ahci 00:1f.2 @0x3b -> 0x0
pci_cfg_read ich9-ahci 00:1f.2 @0x3c -> 0xff
pci_cfg_read ich9-ahci 00:1f.2 @0x3d -> 0x1
pci_cfg_read ich9-ahci 00:1f.2 @0x3e -> 0x0
pci_cfg_read ich9-ahci 00:1f.2 @0x3f -> 0x0
pci_cfg_read ich9-ahci 00:1f.2 @0x0 -> 0x86
pci_cfg_read ich9-ahci 00:1f.2 @0x1 -> 0x80
pci_cfg_read ich9-ahci 00:1f.2 @0x2 -> 0x22
pci_cfg_read ich9-ahci 00:1f.2 @0x3 -> 0x29
pci_cfg_read ich9-ahci 00:1f.2 @0x4 -> 0x7
pci_cfg_read ich9-ahci 00:1f.2 @0x5 -> 0x0
pci_cfg_read ich9-ahci 00:1f.2 @0x6 -> 0x10
pci_cfg_read ich9-ahci 00:1f.2 @0x7 -> 0x0
pci_cfg_read ich9-ahci 00:1f.2 @0x8 -> 0x2
pci_cfg_read ich9-ahci 00:1f.2 @0x9 -> 0x1
pci_cfg_read ich9-ahci 00:1f.2 @0xa -> 0x6
pci_cfg_read ich9-ahci 00:1f.2 @0xb -> 0x1
pci_cfg_read ich9-ahci 00:1f.2 @0xc -> 0x0
pci_cfg_read ich9-ahci 00:1f.2 @0xd -> 0x0
pci_cfg_read ich9-ahci 00:1f.2 @0xe -> 0x80
pci_cfg_read ich9-ahci 00:1f.2 @0xf -> 0x0
pci_cfg_read ich9-ahci 00:1f.2 @0x10 -> 0x0
pci_cfg_read ich9-ahci 00:1f.2 @0x11 -> 0x0
pci_cfg_read ich9-ahci 00:1f.2 @0x12 -> 0x0
pci_cfg_read ich9-ahci 00:1f.2 @0x13 -> 0x0
pci_cfg_read ich9-ahci 00:1f.2 @0x14 -> 0x0
pci_cfg_read ich9-ahci 00:1f.2 @0x15 -> 0x0
pci_cfg_read ich9-ahci 00:1f.2 @0x16 -> 0x0
pci_cfg_read ich9-ahci 00:1f.2 @0x17 -> 0x0
pci_cfg_read ich9-ahci 00:1f.2 @0x18 -> 0x0
pci_cfg_read ich9-ahci 00:1f.2 @0x19 -> 0x0
pci_cfg_read ich9-ahci 00:1f.2 @0x1a -> 0x0
pci_cfg_read ich9-ahci 00:1f.2 @0x1b -> 0x0
pci_cfg_read ich9-ahci 00:1f.2 @0x1c -> 0x0
pci_cfg_read ich9-ahci 00:1f.2 @0x1d -> 0x0
pci_cfg_read ich9-ahci 00:1f.2 @0x1e -> 0x0
pci_cfg_read ich9-ahci 00:1f.2 @0x1f -> 0x0
pci_cfg_read ich9-ahci 00:1f.2 @0x20 -> 0x41
pci_cfg_read ich9-ahci 00:1f.2 @0x21 -> 0x60
pci_cfg_read ich9-ahci 00:1f.2 @0x22 -> 0x0
pci_cfg_read ich9-ahci 00:1f.2 @0x23 -> 0x0
pci_cfg_read ich9-ahci 00:1f.2 @0x24 -> 0x0
pci_cfg_read ich9-ahci 00:1f.2 @0x25 -> 0x0
pci_cfg_read ich9-ahci 00:1f.2 @0x26 -> 0x0
pci_cfg_read ich9-ahci 00:1f.2 @0x27 -> 0x80
pci_cfg_read ich9-ahci 00:1f.2 @0x28 -> 0x0
pci_cfg_read ich9-ahci 00:1f.2 @0x29 -> 0x0
pci_cfg_read ich9-ahci 00:1f.2 @0x2a -> 0x0
pci_cfg_read ich9-ahci 00:1f.2 @0x2b -> 0x0
pci_cfg_read ich9-ahci 00:1f.2 @0x2c -> 0xf4
pci_cfg_read ich9-ahci 00:1f.2 @0x2d -> 0x1a
pci_cfg_read ich9-ahci 00:1f.2 @0x2e -> 0x0
pci_cfg_read ich9-ahci 00:1f.2 @0x2f -> 0x11
pci_cfg_read ich9-ahci 00:1f.2 @0x30 -> 0x0
pci_cfg_read ich9-ahci 00:1f.2 @0x31 -> 0x0
pci_cfg_read ich9-ahci 00:1f.2 @0x32 -> 0x0
pci_cfg_read ich9-ahci 00:1f.2 @0x33 -> 0x0
pci_cfg_read ich9-ahci 00:1f.2 @0x34 -> 0x80
pci_cfg_read ich9-ahci 00:1f.2 @0x35 -> 0x0
pci_cfg_read ich9-ahci 00:1f.2 @0x36 -> 0x0
pci_cfg_read ich9-ahci 00:1f.2 @0x37 -> 0x0
pci_cfg_read ich9-ahci 00:1f.2 @0x38 -> 0x0
pci_cfg_read ich9-ahci 00:1f.2 @0x39 -> 0x0
pci_cfg_read ich9-ahci 00:1f.2 @0x3a -> 0x0
pci_cfg_read ich9-ahci 00:1f.2 @0x3b -> 0x0
pci_cfg_read ich9-ahci 00:1f.2 @0x3c -> 0xff
pci_cfg_read ich9-ahci 00:1f.2 @0x3d -> 0x1
pci_cfg_read ich9-ahci 00:1f.2 @0x3e -> 0x0
pci_cfg_read ich9-ahci 00:1f.2 @0x3f -> 0x0
pci_cfg_read ich9-ahci 00:1f.2 @0x9 -> 0x1
pci_cfg_read ich9-ahci 00:1f.2 @0xa -> 0x6
pci_cfg_read ich9-ahci 00:1f.2 @0xb -> 0x1
pci_cfg_read ich9-ahci 00:1f.2 @0x4 -> 0x7
pci_cfg_write ich9-ahci 00:1f.2 @0x4 <- 0x7
pci_cfg_read ich9-ahci 00:1f.2 @0x9 -> 0x1
pci_cfg_read ich9-ahci 00:1f.2 @0xa -> 0x6
pci_cfg_read ich9-ahci 00:1f.2 @0xb -> 0x1
pci_cfg_read ich9-ahci 00:1f.2 @0x9 -> 0x1
pci_cfg_read ich9-ahci 00:1f.2 @0xa -> 0x6
pci_cfg_read ich9-ahci 00:1f.2 @0xb -> 0x1
pci_cfg_read ich9-ahci 00:1f.2 @0x4 -> 0x7
pci_cfg_write ich9-ahci 00:1f.2 @0x4 <- 0x7
pci_cfg_read ich9-ahci 00:1f.2 @0x9 -> 0x1
pci_cfg_read ich9-ahci 00:1f.2 @0xa -> 0x6
pci_cfg_read ich9-ahci 00:1f.2 @0xb -> 0x1
pci_cfg_read ich9-ahci 00:1f.2 @0x4 -> 0x7
pci_cfg_write ich9-ahci 00:1f.2 @0x4 <- 0x7
pci_cfg_read ICH9-SMB 00:1f.3 @0x0 -> 0x29308086
pci_cfg_read ICH9-SMB 00:1f.3 @0x4 -> 0x7
pci_cfg_read ICH9-SMB 00:1f.3 @0x8 -> 0xc050002
pci_cfg_read ICH9-SMB 00:1f.3 @0xc -> 0x800000
pci_cfg_read ICH9-SMB 00:1f.3 @0x10 -> 0x0
pci_cfg_read ICH9-SMB 00:1f.3 @0x14 -> 0x0
pci_cfg_read ICH9-SMB 00:1f.3 @0x18 -> 0x0
pci_cfg_read ICH9-SMB 00:1f.3 @0x1c -> 0x0
pci_cfg_read ICH9-SMB 00:1f.3 @0x20 -> 0x6001
pci_cfg_read ICH9-SMB 00:1f.3 @0x24 -> 0x0
pci_cfg_read ICH9-SMB 00:1f.3 @0x28 -> 0x0
pci_cfg_read ICH9-SMB 00:1f.3 @0x2c -> 0x11001af4
pci_cfg_read ICH9-SMB 00:1f.3 @0x30 -> 0x0
pci_cfg_read ICH9-SMB 00:1f.3 @0x34 -> 0x0
pci_cfg_read ICH9-SMB 00:1f.3 @0x38 -> 0x0
pci_cfg_read ICH9-SMB 00:1f.3 @0x3c -> 0x1ff
pci_cfg_write ICH9-LPC 00:1f.0 @0x60 <- 0xa
pci_cfg_write ICH9-LPC 00:1f.0 @0x61 <- 0xa
pci_cfg_write ICH9-LPC 00:1f.0 @0x62 <- 0xb
pci_cfg_write ICH9-LPC 00:1f.0 @0x63 <- 0xb
pci_cfg_write ICH9-LPC 00:1f.0 @0x68 <- 0xa
pci_cfg_write ICH9-LPC 00:1f.0 @0x69 <- 0xa
pci_cfg_write ICH9-LPC 00:1f.0 @0x6a <- 0xb
pci_cfg_write ICH9-LPC 00:1f.0 @0x6b <- 0xb
pci_cfg_read mch 00:00.0 @0x0 -> 0x29c08086
pci_cfg_read mch 00:00.0 @0x4 -> 0x7
pci_cfg_read mch 00:00.0 @0x8 -> 0x6000000
pci_cfg_read mch 00:00.0 @0xc -> 0x0
pci_cfg_read mch 00:00.0 @0x10 -> 0x0
pci_cfg_read mch 00:00.0 @0x14 -> 0x0
pci_cfg_read mch 00:00.0 @0x18 -> 0x0
pci_cfg_read mch 00:00.0 @0x1c -> 0x0
pci_cfg_read mch 00:00.0 @0x20 -> 0x0
pci_cfg_read mch 00:00.0 @0x24 -> 0x0
pci_cfg_read mch 00:00.0 @0x28 -> 0x0
pci_cfg_read mch 00:00.0 @0x2c -> 0x11001af4
pci_cfg_read mch 00:00.0 @0x30 -> 0x0
pci_cfg_read mch 00:00.0 @0x34 -> 0x0
pci_cfg_read mch 00:00.0 @0x38 -> 0x0
pci_cfg_read mch 00:00.0 @0x3c -> 0xff
pci_cfg_read piix3-ide 00:01.0 @0x0 -> 0x70108086
pci_cfg_read piix3-ide 00:01.0 @0x4 -> 0x2800007
pci_cfg_read piix3-ide 00:01.0 @0x8 -> 0x1018000
pci_cfg_read piix3-ide 00:01.0 @0xc -> 0x0
pci_cfg_read piix3-ide 00:01.0 @0x10 -> 0x0
pci_cfg_read piix3-ide 00:01.0 @0x14 -> 0x0
pci_cfg_read piix3-ide 00:01.0 @0x18 -> 0x0
pci_cfg_read piix3-ide 00:01.0 @0x1c -> 0x0
pci_cfg_read piix3-ide 00:01.0 @0x20 -> 0x6061
pci_cfg_read piix3-ide 00:01.0 @0x24 -> 0x0
pci_cfg_read piix3-ide 00:01.0 @0x28 -> 0x0
pci_cfg_read piix3-ide 00:01.0 @0x2c -> 0x11001af4
pci_cfg_read piix3-ide 00:01.0 @0x30 -> 0x0
pci_cfg_read piix3-ide 00:01.0 @0x34 -> 0x0
pci_cfg_read piix3-ide 00:01.0 @0x38 -> 0x0
pci_cfg_read piix3-ide 00:01.0 @0x3c -> 0xff
pci_cfg_read virtio-blk-pci 00:05.0 @0x0 -> 0x10421af4
pci_cfg_read virtio-blk-pci 00:05.0 @0x4 -> 0x100007
pci_cfg_read virtio-blk-pci 00:05.0 @0x8 -> 0x1000001
pci_cfg_read virtio-blk-pci 00:05.0 @0xc -> 0x0
pci_cfg_read virtio-blk-pci 00:05.0 @0x10 -> 0x0
pci_cfg_read virtio-blk-pci 00:05.0 @0x14 -> 0x0
pci_cfg_read virtio-blk-pci 00:05.0 @0x18 -> 0x0
pci_cfg_read virtio-blk-pci 00:05.0 @0x1c -> 0x0
pci_cfg_read virtio-blk-pci 00:05.0 @0x20 -> 0xc
pci_cfg_read virtio-blk-pci 00:05.0 @0x24 -> 0x8
pci_cfg_read virtio-blk-pci 00:05.0 @0x28 -> 0x0
pci_cfg_read virtio-blk-pci 00:05.0 @0x2c -> 0x11001af4
pci_cfg_read virtio-blk-pci 00:05.0 @0x30 -> 0x0
pci_cfg_read virtio-blk-pci 00:05.0 @0x34 -> 0x84
pci_cfg_read virtio-blk-pci 00:05.0 @0x38 -> 0x0
pci_cfg_read virtio-blk-pci 00:05.0 @0x3c -> 0x1ff
pci_cfg_write virtio-blk-pci 00:05.0 @0x3c <- 0xa
pci_cfg_read ICH9-LPC 00:1f.0 @0x0 -> 0x29188086
pci_cfg_read ICH9-LPC 00:1f.0 @0x4 -> 0x7
pci_cfg_read ICH9-LPC 00:1f.0 @0x8 -> 0x6010002
pci_cfg_read ICH9-LPC 00:1f.0 @0xc -> 0x800000
pci_cfg_read ICH9-LPC 00:1f.0 @0x10 -> 0x0
pci_cfg_read ICH9-LPC 00:1f.0 @0x14 -> 0x0
pci_cfg_read ICH9-LPC 00:1f.0 @0x18 -> 0x0
pci_cfg_read ICH9-LPC 00:1f.0 @0x1c -> 0x0
pci_cfg_read ICH9-LPC 00:1f.0 @0x20 -> 0x0
pci_cfg_read ICH9-LPC 00:1f.0 @0x24 -> 0x0
pci_cfg_read ICH9-LPC 00:1f.0 @0x28 -> 0x0
pci_cfg_read ICH9-LPC 00:1f.0 @0x2c -> 0x11001af4
pci_cfg_read ICH9-LPC 00:1f.0 @0x30 -> 0x0
pci_cfg_read ICH9-LPC 00:1f.0 @0x34 -> 0x0
pci_cfg_read ICH9-LPC 00:1f.0 @0x38 -> 0x0
pci_cfg_read ICH9-LPC 00:1f.0 @0x3c -> 0xff
pci_cfg_read ich9-ahci 00:1f.2 @0x0 -> 0x29228086
pci_cfg_read ich9-ahci 00:1f.2 @0x4 -> 0x100007
pci_cfg_read ich9-ahci 00:1f.2 @0x8 -> 0x1060102
pci_cfg_read ich9-ahci 00:1f.2 @0xc -> 0x800000
pci_cfg_read ich9-ahci 00:1f.2 @0x10 -> 0x0
pci_cfg_read ich9-ahci 00:1f.2 @0x14 -> 0x0
pci_cfg_read ich9-ahci 00:1f.2 @0x18 -> 0x0
pci_cfg_read ich9-ahci 00:1f.2 @0x1c -> 0x0
pci_cfg_read ich9-ahci 00:1f.2 @0x20 -> 0x6041
pci_cfg_read ich9-ahci 00:1f.2 @0x24 -> 0x80000000
pci_cfg_read ich9-ahci 00:1f.2 @0x28 -> 0x0
pci_cfg_read ich9-ahci 00:1f.2 @0x2c -> 0x11001af4
pci_cfg_read ich9-ahci 00:1f.2 @0x30 -> 0x0
pci_cfg_read ich9-ahci 00:1f.2 @0x34 -> 0x80
pci_cfg_read ich9-ahci 00:1f.2 @0x38 -> 0x0
pci_cfg_read ich9-ahci 00:1f.2 @0x3c -> 0x1ff
pci_cfg_write ich9-ahci 00:1f.2 @0x3c <- 0xa
pci_cfg_read ICH9-SMB 00:1f.3 @0x0 -> 0x29308086
pci_cfg_read ICH9-SMB 00:1f.3 @0x4 -> 0x7
pci_cfg_read ICH9-SMB 00:1f.3 @0x8 -> 0xc050002
pci_cfg_read ICH9-SMB 00:1f.3 @0xc -> 0x800000
pci_cfg_read ICH9-SMB 00:1f.3 @0x10 -> 0x0
pci_cfg_read ICH9-SMB 00:1f.3 @0x14 -> 0x0
pci_cfg_read ICH9-SMB 00:1f.3 @0x18 -> 0x0
pci_cfg_read ICH9-SMB 00:1f.3 @0x1c -> 0x0
pci_cfg_read ICH9-SMB 00:1f.3 @0x20 -> 0x6001
pci_cfg_read ICH9-SMB 00:1f.3 @0x24 -> 0x0
pci_cfg_read ICH9-SMB 00:1f.3 @0x28 -> 0x0
pci_cfg_read ICH9-SMB 00:1f.3 @0x2c -> 0x11001af4
pci_cfg_read ICH9-SMB 00:1f.3 @0x30 -> 0x0
pci_cfg_read ICH9-SMB 00:1f.3 @0x34 -> 0x0
pci_cfg_read ICH9-SMB 00:1f.3 @0x38 -> 0x0
pci_cfg_read ICH9-SMB 00:1f.3 @0x3c -> 0x1ff
pci_cfg_write ICH9-SMB 00:1f.3 @0x3c <- 0xa
pci_cfg_read ICH9-LPC 00:1f.0 @0x40 -> 0x601
pci_cfg_read mch 00:00.0 @0x9 -> 0x0
pci_cfg_read mch 00:00.0 @0xa -> 0x0
pci_cfg_read mch 00:00.0 @0xb -> 0x6
pci_cfg_read piix3-ide 00:01.0 @0x9 -> 0x80
pci_cfg_read piix3-ide 00:01.0 @0xa -> 0x1
pci_cfg_read piix3-ide 00:01.0 @0xb -> 0x1
pci_cfg_read virtio-blk-pci 00:05.0 @0x9 -> 0x0
pci_cfg_read virtio-blk-pci 00:05.0 @0xa -> 0x0
pci_cfg_read virtio-blk-pci 00:05.0 @0xb -> 0x1
pci_cfg_read ICH9-LPC 00:1f.0 @0x9 -> 0x0
pci_cfg_read ICH9-LPC 00:1f.0 @0xa -> 0x1
pci_cfg_read ICH9-LPC 00:1f.0 @0xb -> 0x6
pci_cfg_read ich9-ahci 00:1f.2 @0x9 -> 0x1
pci_cfg_read ich9-ahci 00:1f.2 @0xa -> 0x6
pci_cfg_read ich9-ahci 00:1f.2 @0xb -> 0x1
pci_cfg_read ICH9-SMB 00:1f.3 @0x9 -> 0x0
pci_cfg_read ICH9-SMB 00:1f.3 @0xa -> 0x5
pci_cfg_read ICH9-SMB 00:1f.3 @0xb -> 0xc
pci_cfg_read mch 00:00.0 @0x9 -> 0x0
pci_cfg_read mch 00:00.0 @0xa -> 0x0
pci_cfg_read mch 00:00.0 @0xb -> 0x6
pci_cfg_read mch 00:00.0 @0x9 -> 0x0
pci_cfg_read mch 00:00.0 @0xa -> 0x0
pci_cfg_read mch 00:00.0 @0xb -> 0x6
pci_cfg_read mch 00:00.0 @0x9 -> 0x0
pci_cfg_read mch 00:00.0 @0xa -> 0x0
pci_cfg_read mch 00:00.0 @0xb -> 0x6
pci_cfg_read mch 00:00.0 @0x9 -> 0x0
pci_cfg_read mch 00:00.0 @0xa -> 0x0
pci_cfg_read mch 00:00.0 @0xb -> 0x6
pci_cfg_read mch 00:00.0 @0x0 -> 0x29c08086
pci_cfg_read mch 00:00.0 @0x4 -> 0x7
pci_cfg_read mch 00:00.0 @0x8 -> 0x6000000
pci_cfg_read mch 00:00.0 @0xc -> 0x0
pci_cfg_read mch 00:00.0 @0x10 -> 0x0
pci_cfg_read mch 00:00.0 @0x14 -> 0x0
pci_cfg_read mch 00:00.0 @0x18 -> 0x0
pci_cfg_read mch 00:00.0 @0x1c -> 0x0
pci_cfg_read mch 00:00.0 @0x20 -> 0x0
pci_cfg_read mch 00:00.0 @0x24 -> 0x0
pci_cfg_read mch 00:00.0 @0x28 -> 0x0
pci_cfg_read mch 00:00.0 @0x2c -> 0x11001af4
pci_cfg_read mch 00:00.0 @0x30 -> 0x0
pci_cfg_read mch 00:00.0 @0x34 -> 0x0
pci_cfg_read mch 00:00.0 @0x38 -> 0x0
pci_cfg_read mch 00:00.0 @0x3c -> 0xff
pci_cfg_read mch 00:00.0 @0x0 -> 0x29c08086
pci_cfg_read mch 00:00.0 @0x4 -> 0x7
pci_cfg_read mch 00:00.0 @0x8 -> 0x6000000
pci_cfg_read mch 00:00.0 @0xc -> 0x0
pci_cfg_read mch 00:00.0 @0x10 -> 0x0
pci_cfg_read mch 00:00.0 @0x14 -> 0x0
pci_cfg_read mch 00:00.0 @0x18 -> 0x0
pci_cfg_read mch 00:00.0 @0x1c -> 0x0
pci_cfg_read mch 00:00.0 @0x20 -> 0x0
pci_cfg_read mch 00:00.0 @0x24 -> 0x0
pci_cfg_read mch 00:00.0 @0x28 -> 0x0
pci_cfg_read mch 00:00.0 @0x2c -> 0x11001af4
pci_cfg_read mch 00:00.0 @0x30 -> 0x0
pci_cfg_read mch 00:00.0 @0x34 -> 0x0
pci_cfg_read mch 00:00.0 @0x38 -> 0x0
pci_cfg_read mch 00:00.0 @0x3c -> 0xff
pci_cfg_read mch 00:00.0 @0x0 -> 0x29c08086
pci_cfg_read mch 00:00.0 @0x4 -> 0x7
pci_cfg_read mch 00:00.0 @0x8 -> 0x6000000
pci_cfg_read mch 00:00.0 @0xc -> 0x0
pci_cfg_read mch 00:00.0 @0x10 -> 0x0
pci_cfg_read mch 00:00.0 @0x14 -> 0x0
pci_cfg_read mch 00:00.0 @0x18 -> 0x0
pci_cfg_read mch 00:00.0 @0x1c -> 0x0
pci_cfg_read mch 00:00.0 @0x20 -> 0x0
pci_cfg_read mch 00:00.0 @0x24 -> 0x0
pci_cfg_read mch 00:00.0 @0x28 -> 0x0
pci_cfg_read mch 00:00.0 @0x2c -> 0x11001af4
pci_cfg_read mch 00:00.0 @0x30 -> 0x0
pci_cfg_read mch 00:00.0 @0x34 -> 0x0
pci_cfg_read mch 00:00.0 @0x38 -> 0x0
pci_cfg_read mch 00:00.0 @0x3c -> 0xff
pci_cfg_read mch 00:00.0 @0x0 -> 0x29c08086
pci_cfg_read mch 00:00.0 @0x4 -> 0x7
pci_cfg_read mch 00:00.0 @0x8 -> 0x6000000
pci_cfg_read mch 00:00.0 @0xc -> 0x0
pci_cfg_read mch 00:00.0 @0x10 -> 0x0
pci_cfg_read mch 00:00.0 @0x14 -> 0x0
pci_cfg_read mch 00:00.0 @0x18 -> 0x0
pci_cfg_read mch 00:00.0 @0x1c -> 0x0
pci_cfg_read mch 00:00.0 @0x20 -> 0x0
pci_cfg_read mch 00:00.0 @0x24 -> 0x0
pci_cfg_read mch 00:00.0 @0x28 -> 0x0
pci_cfg_read mch 00:00.0 @0x2c -> 0x11001af4
pci_cfg_read mch 00:00.0 @0x30 -> 0x0
pci_cfg_read mch 00:00.0 @0x34 -> 0x0
pci_cfg_read mch 00:00.0 @0x38 -> 0x0
pci_cfg_read mch 00:00.0 @0x3c -> 0xff
pci_cfg_read mch 00:00.0 @0x0 -> 0x86
pci_cfg_read mch 00:00.0 @0x1 -> 0x80
pci_cfg_read mch 00:00.0 @0x2 -> 0xc0
pci_cfg_read mch 00:00.0 @0x3 -> 0x29
pci_cfg_read mch 00:00.0 @0x4 -> 0x7
pci_cfg_read mch 00:00.0 @0x5 -> 0x0
pci_cfg_read mch 00:00.0 @0x6 -> 0x0
pci_cfg_read mch 00:00.0 @0x7 -> 0x0
pci_cfg_read mch 00:00.0 @0x8 -> 0x0
pci_cfg_read mch 00:00.0 @0x9 -> 0x0
pci_cfg_read mch 00:00.0 @0xa -> 0x0
pci_cfg_read mch 00:00.0 @0xb -> 0x6
pci_cfg_read mch 00:00.0 @0xc -> 0x0
pci_cfg_read mch 00:00.0 @0xd -> 0x0
pci_cfg_read mch 00:00.0 @0xe -> 0x0
pci_cfg_read mch 00:00.0 @0xf -> 0x0
pci_cfg_read mch 00:00.0 @0x10 -> 0x0
pci_cfg_read mch 00:00.0 @0x11 -> 0x0
pci_cfg_read mch 00:00.0 @0x12 -> 0x0
pci_cfg_read mch 00:00.0 @0x13 -> 0x0
pci_cfg_read mch 00:00.0 @0x14 -> 0x0
pci_cfg_read mch 00:00.0 @0x15 -> 0x0
pci_cfg_read mch 00:00.0 @0x16 -> 0x0
pci_cfg_read mch 00:00.0 @0x17 -> 0x0
pci_cfg_read mch 00:00.0 @0x18 -> 0x0
pci_cfg_read mch 00:00.0 @0x19 -> 0x0
pci_cfg_read mch 00:00.0 @0x1a -> 0x0
pci_cfg_read mch 00:00.0 @0x1b -> 0x0
pci_cfg_read mch 00:00.0 @0x1c -> 0x0
pci_cfg_read mch 00:00.0 @0x1d -> 0x0
pci_cfg_read mch 00:00.0 @0x1e -> 0x0
pci_cfg_read mch 00:00.0 @0x1f -> 0x0
pci_cfg_read mch 00:00.0 @0x20 -> 0x0
pci_cfg_read mch 00:00.0 @0x21 -> 0x0
pci_cfg_read mch 00:00.0 @0x22 -> 0x0
pci_cfg_read mch 00:00.0 @0x23 -> 0x0
pci_cfg_read mch 00:00.0 @0x24 -> 0x0
pci_cfg_read mch 00:00.0 @0x25 -> 0x0
pci_cfg_read mch 00:00.0 @0x26 -> 0x0
pci_cfg_read mch 00:00.0 @0x27 -> 0x0
pci_cfg_read mch 00:00.0 @0x28 -> 0x0
pci_cfg_read mch 00:00.0 @0x29 -> 0x0
pci_cfg_read mch 00:00.0 @0x2a -> 0x0
pci_cfg_read mch 00:00.0 @0x2b -> 0x0
pci_cfg_read mch 00:00.0 @0x2c -> 0xf4
pci_cfg_read mch 00:00.0 @0x2d -> 0x1a
pci_cfg_read mch 00:00.0 @0x2e -> 0x0
pci_cfg_read mch 00:00.0 @0x2f -> 0x11
pci_cfg_read mch 00:00.0 @0x30 -> 0x0
pci_cfg_read mch 00:00.0 @0x31 -> 0x0
pci_cfg_read mch 00:00.0 @0x32 -> 0x0
pci_cfg_read mch 00:00.0 @0x33 -> 0x0
pci_cfg_read mch 00:00.0 @0x34 -> 0x0
pci_cfg_read mch 00:00.0 @0x35 -> 0x0
pci_cfg_read mch 00:00.0 @0x36 -> 0x0
pci_cfg_read mch 00:00.0 @0x37 -> 0x0
pci_cfg_read mch 00:00.0 @0x38 -> 0x0
pci_cfg_read mch 00:00.0 @0x39 -> 0x0
pci_cfg_read mch 00:00.0 @0x3a -> 0x0
pci_cfg_read mch 00:00.0 @0x3b -> 0x0
pci_cfg_read mch 00:00.0 @0x3c -> 0xff
pci_cfg_read mch 00:00.0 @0x3d -> 0x0
pci_cfg_read mch 00:00.0 @0x3e -> 0x0
pci_cfg_read mch 00:00.0 @0x3f -> 0x0
pci_cfg_read mch 00:00.0 @0x0 -> 0x86
pci_cfg_read mch 00:00.0 @0x1 -> 0x80
pci_cfg_read mch 00:00.0 @0x2 -> 0xc0
pci_cfg_read mch 00:00.0 @0x3 -> 0x29
pci_cfg_read mch 00:00.0 @0x4 -> 0x7
pci_cfg_read mch 00:00.0 @0x5 -> 0x0
pci_cfg_read mch 00:00.0 @0x6 -> 0x0
pci_cfg_read mch 00:00.0 @0x7 -> 0x0
pci_cfg_read mch 00:00.0 @0x8 -> 0x0
pci_cfg_read mch 00:00.0 @0x9 -> 0x0
pci_cfg_read mch 00:00.0 @0xa -> 0x0
pci_cfg_read mch 00:00.0 @0xb -> 0x6
pci_cfg_read mch 00:00.0 @0xc -> 0x0
pci_cfg_read mch 00:00.0 @0xd -> 0x0
pci_cfg_read mch 00:00.0 @0xe -> 0x0
pci_cfg_read mch 00:00.0 @0xf -> 0x0
pci_cfg_read mch 00:00.0 @0x10 -> 0x0
pci_cfg_read mch 00:00.0 @0x11 -> 0x0
pci_cfg_read mch 00:00.0 @0x12 -> 0x0
pci_cfg_read mch 00:00.0 @0x13 -> 0x0
pci_cfg_read mch 00:00.0 @0x14 -> 0x0
pci_cfg_read mch 00:00.0 @0x15 -> 0x0
pci_cfg_read mch 00:00.0 @0x16 -> 0x0
pci_cfg_read mch 00:00.0 @0x17 -> 0x0
pci_cfg_read mch 00:00.0 @0x18 -> 0x0
pci_cfg_read mch 00:00.0 @0x19 -> 0x0
pci_cfg_read mch 00:00.0 @0x1a -> 0x0
pci_cfg_read mch 00:00.0 @0x1b -> 0x0
pci_cfg_read mch 00:00.0 @0x1c -> 0x0
pci_cfg_read mch 00:00.0 @0x1d -> 0x0
pci_cfg_read mch 00:00.0 @0x1e -> 0x0
pci_cfg_read mch 00:00.0 @0x1f -> 0x0
pci_cfg_read mch 00:00.0 @0x20 -> 0x0
pci_cfg_read mch 00:00.0 @0x21 -> 0x0
pci_cfg_read mch 00:00.0 @0x22 -> 0x0
pci_cfg_read mch 00:00.0 @0x23 -> 0x0
pci_cfg_read mch 00:00.0 @0x24 -> 0x0
pci_cfg_read mch 00:00.0 @0x25 -> 0x0
pci_cfg_read mch 00:00.0 @0x26 -> 0x0
pci_cfg_read mch 00:00.0 @0x27 -> 0x0
pci_cfg_read mch 00:00.0 @0x28 -> 0x0
pci_cfg_read mch 00:00.0 @0x29 -> 0x0
pci_cfg_read mch 00:00.0 @0x2a -> 0x0
pci_cfg_read mch 00:00.0 @0x2b -> 0x0
pci_cfg_read mch 00:00.0 @0x2c -> 0xf4
pci_cfg_read mch 00:00.0 @0x2d -> 0x1a
pci_cfg_read mch 00:00.0 @0x2e -> 0x0
pci_cfg_read mch 00:00.0 @0x2f -> 0x11
pci_cfg_read mch 00:00.0 @0x30 -> 0x0
pci_cfg_read mch 00:00.0 @0x31 -> 0x0
pci_cfg_read mch 00:00.0 @0x32 -> 0x0
pci_cfg_read mch 00:00.0 @0x33 -> 0x0
pci_cfg_read mch 00:00.0 @0x34 -> 0x0
pci_cfg_read mch 00:00.0 @0x35 -> 0x0
pci_cfg_read mch 00:00.0 @0x36 -> 0x0
pci_cfg_read mch 00:00.0 @0x37 -> 0x0
pci_cfg_read mch 00:00.0 @0x38 -> 0x0
pci_cfg_read mch 00:00.0 @0x39 -> 0x0
pci_cfg_read mch 00:00.0 @0x3a -> 0x0
pci_cfg_read mch 00:00.0 @0x3b -> 0x0
pci_cfg_read mch 00:00.0 @0x3c -> 0xff
pci_cfg_read mch 00:00.0 @0x3d -> 0x0
pci_cfg_read mch 00:00.0 @0x3e -> 0x0
pci_cfg_read mch 00:00.0 @0x3f -> 0x0
pci_cfg_read mch 00:00.0 @0x9 -> 0x0
pci_cfg_read mch 00:00.0 @0xa -> 0x0
pci_cfg_read mch 00:00.0 @0xb -> 0x6
pci_cfg_read piix3-ide 00:01.0 @0x0 -> 0x86
pci_cfg_read piix3-ide 00:01.0 @0x1 -> 0x80
pci_cfg_read piix3-ide 00:01.0 @0x2 -> 0x10
pci_cfg_read piix3-ide 00:01.0 @0x3 -> 0x70
pci_cfg_read piix3-ide 00:01.0 @0x4 -> 0x7
pci_cfg_read piix3-ide 00:01.0 @0x5 -> 0x0
pci_cfg_read piix3-ide 00:01.0 @0x6 -> 0x80
pci_cfg_read piix3-ide 00:01.0 @0x7 -> 0x2
pci_cfg_read piix3-ide 00:01.0 @0x8 -> 0x0
pci_cfg_read piix3-ide 00:01.0 @0x9 -> 0x80
pci_cfg_read piix3-ide 00:01.0 @0xa -> 0x1
pci_cfg_read piix3-ide 00:01.0 @0xb -> 0x1
pci_cfg_read piix3-ide 00:01.0 @0xc -> 0x0
pci_cfg_read piix3-ide 00:01.0 @0xd -> 0x0
pci_cfg_read piix3-ide 00:01.0 @0xe -> 0x0
pci_cfg_read piix3-ide 00:01.0 @0xf -> 0x0
pci_cfg_read piix3-ide 00:01.0 @0x10 -> 0x0
pci_cfg_read piix3-ide 00:01.0 @0x11 -> 0x0
pci_cfg_read piix3-ide 00:01.0 @0x12 -> 0x0
pci_cfg_read piix3-ide 00:01.0 @0x13 -> 0x0
pci_cfg_read piix3-ide 00:01.0 @0x14 -> 0x0
pci_cfg_read piix3-ide 00:01.0 @0x15 -> 0x0
pci_cfg_read piix3-ide 00:01.0 @0x16 -> 0x0
pci_cfg_read piix3-ide 00:01.0 @0x17 -> 0x0
pci_cfg_read piix3-ide 00:01.0 @0x18 -> 0x0
pci_cfg_read piix3-ide 00:01.0 @0x19 -> 0x0
pci_cfg_read piix3-ide 00:01.0 @0x1a -> 0x0
pci_cfg_read piix3-ide 00:01.0 @0x1b -> 0x0
pci_cfg_read piix3-ide 00:01.0 @0x1c -> 0x0
pci_cfg_read piix3-ide 00:01.0 @0x1d -> 0x0
pci_cfg_read piix3-ide 00:01.0 @0x1e -> 0x0
pci_cfg_read piix3-ide 00:01.0 @0x1f -> 0x0
pci_cfg_read piix3-ide 00:01.0 @0x20 -> 0x61
pci_cfg_read piix3-ide 00:01.0 @0x21 -> 0x60
pci_cfg_read piix3-ide 00:01.0 @0x22 -> 0x0
pci_cfg_read piix3-ide 00:01.0 @0x23 -> 0x0
pci_cfg_read piix3-ide 00:01.0 @0x24 -> 0x0
pci_cfg_read piix3-ide 00:01.0 @0x25 -> 0x0
pci_cfg_read piix3-ide 00:01.0 @0x26 -> 0x0
pci_cfg_read piix3-ide 00:01.0 @0x27 -> 0x0
pci_cfg_read piix3-ide 00:01.0 @0x28 -> 0x0
pci_cfg_read piix3-ide 00:01.0 @0x29 -> 0x0
pci_cfg_read piix3-ide 00:01.0 @0x2a -> 0x0
pci_cfg_read piix3-ide 00:01.0 @0x2b -> 0x0
pci_cfg_read piix3-ide 00:01.0 @0x2c -> 0xf4
pci_cfg_read piix3-ide 00:01.0 @0x2d -> 0x1a
pci_cfg_read piix3-ide 00:01.0 @0x2e -> 0x0
pci_cfg_read piix3-ide 00:01.0 @0x2f -> 0x11
pci_cfg_read piix3-ide 00:01.0 @0x30 -> 0x0
pci_cfg_read piix3-ide 00:01.0 @0x31 -> 0x0
pci_cfg_read piix3-ide 00:01.0 @0x32 -> 0x0
pci_cfg_read piix3-ide 00:01.0 @0x33 -> 0x0
pci_cfg_read piix3-ide 00:01.0 @0x34 -> 0x0
pci_cfg_read piix3-ide 00:01.0 @0x35 -> 0x0
pci_cfg_read piix3-ide 00:01.0 @0x36 -> 0x0
pci_cfg_read piix3-ide 00:01.0 @0x37 -> 0x0
pci_cfg_read piix3-ide 00:01.0 @0x38 -> 0x0
pci_cfg_read piix3-ide 00:01.0 @0x39 -> 0x0
pci_cfg_read piix3-ide 00:01.0 @0x3a -> 0x0
pci_cfg_read piix3-ide 00:01.0 @0x3b -> 0x0
pci_cfg_read piix3-ide 00:01.0 @0x3c -> 0xff
pci_cfg_read piix3-ide 00:01.0 @0x3d -> 0x0
pci_cfg_read piix3-ide 00:01.0 @0x3e -> 0x0
pci_cfg_read piix3-ide 00:01.0 @0x3f -> 0x0
pci_cfg_read piix3-ide 00:01.0 @0x0 -> 0x86
pci_cfg_read piix3-ide 00:01.0 @0x1 -> 0x80
pci_cfg_read piix3-ide 00:01.0 @0x2 -> 0x10
pci_cfg_read piix3-ide 00:01.0 @0x3 -> 0x70
pci_cfg_read piix3-ide 00:01.0 @0x4 -> 0x7
pci_cfg_read piix3-ide 00:01.0 @0x5 -> 0x0
pci_cfg_read piix3-ide 00:01.0 @0x6 -> 0x80
pci_cfg_read piix3-ide 00:01.0 @0x7 -> 0x2
pci_cfg_read piix3-ide 00:01.0 @0x8 -> 0x0
pci_cfg_read piix3-ide 00:01.0 @0x9 -> 0x80
pci_cfg_read piix3-ide 00:01.0 @0xa -> 0x1
pci_cfg_read piix3-ide 00:01.0 @0xb -> 0x1
pci_cfg_read piix3-ide 00:01.0 @0xc -> 0x0
pci_cfg_read piix3-ide 00:01.0 @0xd -> 0x0
pci_cfg_read piix3-ide 00:01.0 @0xe -> 0x0
pci_cfg_read piix3-ide 00:01.0 @0xf -> 0x0
pci_cfg_read piix3-ide 00:01.0 @0x10 -> 0x0
pci_cfg_read piix3-ide 00:01.0 @0x11 -> 0x0
pci_cfg_read piix3-ide 00:01.0 @0x12 -> 0x0
pci_cfg_read piix3-ide 00:01.0 @0x13 -> 0x0
pci_cfg_read piix3-ide 00:01.0 @0x14 -> 0x0
pci_cfg_read piix3-ide 00:01.0 @0x15 -> 0x0
pci_cfg_read piix3-ide 00:01.0 @0x16 -> 0x0
pci_cfg_read piix3-ide 00:01.0 @0x17 -> 0x0
pci_cfg_read piix3-ide 00:01.0 @0x18 -> 0x0
pci_cfg_read piix3-ide 00:01.0 @0x19 -> 0x0
pci_cfg_read piix3-ide 00:01.0 @0x1a -> 0x0
pci_cfg_read piix3-ide 00:01.0 @0x1b -> 0x0
pci_cfg_read piix3-ide 00:01.0 @0x1c -> 0x0
pci_cfg_read piix3-ide 00:01.0 @0x1d -> 0x0
pci_cfg_read piix3-ide 00:01.0 @0x1e -> 0x0
pci_cfg_read piix3-ide 00:01.0 @0x1f -> 0x0
pci_cfg_read piix3-ide 00:01.0 @0x20 -> 0x61
pci_cfg_read piix3-ide 00:01.0 @0x21 -> 0x60
pci_cfg_read piix3-ide 00:01.0 @0x22 -> 0x0
pci_cfg_read piix3-ide 00:01.0 @0x23 -> 0x0
pci_cfg_read piix3-ide 00:01.0 @0x24 -> 0x0
pci_cfg_read piix3-ide 00:01.0 @0x25 -> 0x0
pci_cfg_read piix3-ide 00:01.0 @0x26 -> 0x0
pci_cfg_read piix3-ide 00:01.0 @0x27 -> 0x0
pci_cfg_read piix3-ide 00:01.0 @0x28 -> 0x0
pci_cfg_read piix3-ide 00:01.0 @0x29 -> 0x0
pci_cfg_read piix3-ide 00:01.0 @0x2a -> 0x0
pci_cfg_read piix3-ide 00:01.0 @0x2b -> 0x0
pci_cfg_read piix3-ide 00:01.0 @0x2c -> 0xf4
pci_cfg_read piix3-ide 00:01.0 @0x2d -> 0x1a
pci_cfg_read piix3-ide 00:01.0 @0x2e -> 0x0
pci_cfg_read piix3-ide 00:01.0 @0x2f -> 0x11
pci_cfg_read piix3-ide 00:01.0 @0x30 -> 0x0
pci_cfg_read piix3-ide 00:01.0 @0x31 -> 0x0
pci_cfg_read piix3-ide 00:01.0 @0x32 -> 0x0
pci_cfg_read piix3-ide 00:01.0 @0x33 -> 0x0
pci_cfg_read piix3-ide 00:01.0 @0x34 -> 0x0
pci_cfg_read piix3-ide 00:01.0 @0x35 -> 0x0
pci_cfg_read piix3-ide 00:01.0 @0x36 -> 0x0
pci_cfg_read piix3-ide 00:01.0 @0x37 -> 0x0
pci_cfg_read piix3-ide 00:01.0 @0x38 -> 0x0
pci_cfg_read piix3-ide 00:01.0 @0x39 -> 0x0
pci_cfg_read piix3-ide 00:01.0 @0x3a -> 0x0
pci_cfg_read piix3-ide 00:01.0 @0x3b -> 0x0
pci_cfg_read piix3-ide 00:01.0 @0x3c -> 0xff
pci_cfg_read piix3-ide 00:01.0 @0x3d -> 0x0
pci_cfg_read piix3-ide 00:01.0 @0x3e -> 0x0
pci_cfg_read piix3-ide 00:01.0 @0x3f -> 0x0
pci_cfg_read piix3-ide 00:01.0 @0x0 -> 0x86
pci_cfg_read piix3-ide 00:01.0 @0x1 -> 0x80
pci_cfg_read piix3-ide 00:01.0 @0x2 -> 0x10
pci_cfg_read piix3-ide 00:01.0 @0x3 -> 0x70
pci_cfg_read piix3-ide 00:01.0 @0x4 -> 0x7
pci_cfg_read piix3-ide 00:01.0 @0x5 -> 0x0
pci_cfg_read piix3-ide 00:01.0 @0x6 -> 0x80
pci_cfg_read piix3-ide 00:01.0 @0x7 -> 0x2
pci_cfg_read piix3-ide 00:01.0 @0x8 -> 0x0
pci_cfg_read piix3-ide 00:01.0 @0x9 -> 0x80
pci_cfg_read piix3-ide 00:01.0 @0xa -> 0x1
pci_cfg_read piix3-ide 00:01.0 @0xb -> 0x1
pci_cfg_read piix3-ide 00:01.0 @0xc -> 0x0
pci_cfg_read piix3-ide 00:01.0 @0xd -> 0x0
pci_cfg_read piix3-ide 00:01.0 @0xe -> 0x0
pci_cfg_read piix3-ide 00:01.0 @0xf -> 0x0
pci_cfg_read piix3-ide 00:01.0 @0x10 -> 0x0
pci_cfg_read piix3-ide 00:01.0 @0x11 -> 0x0
pci_cfg_read piix3-ide 00:01.0 @0x12 -> 0x0
pci_cfg_read piix3-ide 00:01.0 @0x13 -> 0x0
pci_cfg_read piix3-ide 00:01.0 @0x14 -> 0x0
pci_cfg_read piix3-ide 00:01.0 @0x15 -> 0x0
pci_cfg_read piix3-ide 00:01.0 @0x16 -> 0x0
pci_cfg_read piix3-ide 00:01.0 @0x17 -> 0x0
pci_cfg_read piix3-ide 00:01.0 @0x18 -> 0x0
pci_cfg_read piix3-ide 00:01.0 @0x19 -> 0x0
pci_cfg_read piix3-ide 00:01.0 @0x1a -> 0x0
pci_cfg_read piix3-ide 00:01.0 @0x1b -> 0x0
pci_cfg_read piix3-ide 00:01.0 @0x1c -> 0x0
pci_cfg_read piix3-ide 00:01.0 @0x1d -> 0x0
pci_cfg_read piix3-ide 00:01.0 @0x1e -> 0x0
pci_cfg_read piix3-ide 00:01.0 @0x1f -> 0x0
pci_cfg_read piix3-ide 00:01.0 @0x20 -> 0x61
pci_cfg_read piix3-ide 00:01.0 @0x21 -> 0x60
pci_cfg_read piix3-ide 00:01.0 @0x22 -> 0x0
pci_cfg_read piix3-ide 00:01.0 @0x23 -> 0x0
pci_cfg_read piix3-ide 00:01.0 @0x24 -> 0x0
pci_cfg_read piix3-ide 00:01.0 @0x25 -> 0x0
pci_cfg_read piix3-ide 00:01.0 @0x26 -> 0x0
pci_cfg_read piix3-ide 00:01.0 @0x27 -> 0x0
pci_cfg_read piix3-ide 00:01.0 @0x28 -> 0x0
pci_cfg_read piix3-ide 00:01.0 @0x29 -> 0x0
pci_cfg_read piix3-ide 00:01.0 @0x2a -> 0x0
pci_cfg_read piix3-ide 00:01.0 @0x2b -> 0x0
pci_cfg_read piix3-ide 00:01.0 @0x2c -> 0xf4
pci_cfg_read piix3-ide 00:01.0 @0x2d -> 0x1a
pci_cfg_read piix3-ide 00:01.0 @0x2e -> 0x0
pci_cfg_read piix3-ide 00:01.0 @0x2f -> 0x11
pci_cfg_read piix3-ide 00:01.0 @0x30 -> 0x0
pci_cfg_read piix3-ide 00:01.0 @0x31 -> 0x0
pci_cfg_read piix3-ide 00:01.0 @0x32 -> 0x0
pci_cfg_read piix3-ide 00:01.0 @0x33 -> 0x0
pci_cfg_read piix3-ide 00:01.0 @0x34 -> 0x0
pci_cfg_read piix3-ide 00:01.0 @0x35 -> 0x0
pci_cfg_read piix3-ide 00:01.0 @0x36 -> 0x0
pci_cfg_read piix3-ide 00:01.0 @0x37 -> 0x0
pci_cfg_read piix3-ide 00:01.0 @0x38 -> 0x0
pci_cfg_read piix3-ide 00:01.0 @0x39 -> 0x0
pci_cfg_read piix3-ide 00:01.0 @0x3a -> 0x0
pci_cfg_read piix3-ide 00:01.0 @0x3b -> 0x0
pci_cfg_read piix3-ide 00:01.0 @0x3c -> 0xff
pci_cfg_read piix3-ide 00:01.0 @0x3d -> 0x0
pci_cfg_read piix3-ide 00:01.0 @0x3e -> 0x0
pci_cfg_read piix3-ide 00:01.0 @0x3f -> 0x0
pci_cfg_read piix3-ide 00:01.0 @0x0 -> 0x86
pci_cfg_read piix3-ide 00:01.0 @0x1 -> 0x80
pci_cfg_read piix3-ide 00:01.0 @0x2 -> 0x10
pci_cfg_read piix3-ide 00:01.0 @0x3 -> 0x70
pci_cfg_read piix3-ide 00:01.0 @0x4 -> 0x7
pci_cfg_read piix3-ide 00:01.0 @0x5 -> 0x0
pci_cfg_read piix3-ide 00:01.0 @0x6 -> 0x80
pci_cfg_read piix3-ide 00:01.0 @0x7 -> 0x2
pci_cfg_read piix3-ide 00:01.0 @0x8 -> 0x0
pci_cfg_read piix3-ide 00:01.0 @0x9 -> 0x80
pci_cfg_read piix3-ide 00:01.0 @0xa -> 0x1
pci_cfg_read piix3-ide 00:01.0 @0xb -> 0x1
pci_cfg_read piix3-ide 00:01.0 @0xc -> 0x0
pci_cfg_read piix3-ide 00:01.0 @0xd -> 0x0
pci_cfg_read piix3-ide 00:01.0 @0xe -> 0x0
pci_cfg_read piix3-ide 00:01.0 @0xf -> 0x0
pci_cfg_read piix3-ide 00:01.0 @0x10 -> 0x0
pci_cfg_read piix3-ide 00:01.0 @0x11 -> 0x0
pci_cfg_read piix3-ide 00:01.0 @0x12 -> 0x0
pci_cfg_read piix3-ide 00:01.0 @0x13 -> 0x0
pci_cfg_read piix3-ide 00:01.0 @0x14 -> 0x0
pci_cfg_read piix3-ide 00:01.0 @0x15 -> 0x0
pci_cfg_read piix3-ide 00:01.0 @0x16 -> 0x0
pci_cfg_read piix3-ide 00:01.0 @0x17 -> 0x0
pci_cfg_read piix3-ide 00:01.0 @0x18 -> 0x0
pci_cfg_read piix3-ide 00:01.0 @0x19 -> 0x0
pci_cfg_read piix3-ide 00:01.0 @0x1a -> 0x0
pci_cfg_read piix3-ide 00:01.0 @0x1b -> 0x0
pci_cfg_read piix3-ide 00:01.0 @0x1c -> 0x0
pci_cfg_read piix3-ide 00:01.0 @0x1d -> 0x0
pci_cfg_read piix3-ide 00:01.0 @0x1e -> 0x0
pci_cfg_read piix3-ide 00:01.0 @0x1f -> 0x0
pci_cfg_read piix3-ide 00:01.0 @0x20 -> 0x61
pci_cfg_read piix3-ide 00:01.0 @0x21 -> 0x60
pci_cfg_read piix3-ide 00:01.0 @0x22 -> 0x0
pci_cfg_read piix3-ide 00:01.0 @0x23 -> 0x0
pci_cfg_read piix3-ide 00:01.0 @0x24 -> 0x0
pci_cfg_read piix3-ide 00:01.0 @0x25 -> 0x0
pci_cfg_read piix3-ide 00:01.0 @0x26 -> 0x0
pci_cfg_read piix3-ide 00:01.0 @0x27 -> 0x0
pci_cfg_read piix3-ide 00:01.0 @0x28 -> 0x0
pci_cfg_read piix3-ide 00:01.0 @0x29 -> 0x0
pci_cfg_read piix3-ide 00:01.0 @0x2a -> 0x0
pci_cfg_read piix3-ide 00:01.0 @0x2b -> 0x0
pci_cfg_read piix3-ide 00:01.0 @0x2c -> 0xf4
pci_cfg_read piix3-ide 00:01.0 @0x2d -> 0x1a
pci_cfg_read piix3-ide 00:01.0 @0x2e -> 0x0
pci_cfg_read piix3-ide 00:01.0 @0x2f -> 0x11
pci_cfg_read piix3-ide 00:01.0 @0x30 -> 0x0
pci_cfg_read piix3-ide 00:01.0 @0x31 -> 0x0
pci_cfg_read piix3-ide 00:01.0 @0x32 -> 0x0
pci_cfg_read piix3-ide 00:01.0 @0x33 -> 0x0
pci_cfg_read piix3-ide 00:01.0 @0x34 -> 0x0
pci_cfg_read piix3-ide 00:01.0 @0x35 -> 0x0
pci_cfg_read piix3-ide 00:01.0 @0x36 -> 0x0
pci_cfg_read piix3-ide 00:01.0 @0x37 -> 0x0
pci_cfg_read piix3-ide 00:01.0 @0x38 -> 0x0
pci_cfg_read piix3-ide 00:01.0 @0x39 -> 0x0
pci_cfg_read piix3-ide 00:01.0 @0x3a -> 0x0
pci_cfg_read piix3-ide 00:01.0 @0x3b -> 0x0
pci_cfg_read piix3-ide 00:01.0 @0x3c -> 0xff
pci_cfg_read piix3-ide 00:01.0 @0x3d -> 0x0
pci_cfg_read piix3-ide 00:01.0 @0x3e -> 0x0
pci_cfg_read piix3-ide 00:01.0 @0x3f -> 0x0
pci_cfg_read piix3-ide 00:01.0 @0x0 -> 0x86
pci_cfg_read piix3-ide 00:01.0 @0x1 -> 0x80
pci_cfg_read piix3-ide 00:01.0 @0x2 -> 0x10
pci_cfg_read piix3-ide 00:01.0 @0x3 -> 0x70
pci_cfg_read piix3-ide 00:01.0 @0x4 -> 0x7
pci_cfg_read piix3-ide 00:01.0 @0x5 -> 0x0
pci_cfg_read piix3-ide 00:01.0 @0x6 -> 0x80
pci_cfg_read piix3-ide 00:01.0 @0x7 -> 0x2
pci_cfg_read piix3-ide 00:01.0 @0x8 -> 0x0
pci_cfg_read piix3-ide 00:01.0 @0x9 -> 0x80
pci_cfg_read piix3-ide 00:01.0 @0xa -> 0x1
pci_cfg_read piix3-ide 00:01.0 @0xb -> 0x1
pci_cfg_read piix3-ide 00:01.0 @0xc -> 0x0
pci_cfg_read piix3-ide 00:01.0 @0xd -> 0x0
pci_cfg_read piix3-ide 00:01.0 @0xe -> 0x0
pci_cfg_read piix3-ide 00:01.0 @0xf -> 0x0
pci_cfg_read piix3-ide 00:01.0 @0x10 -> 0x0
pci_cfg_read piix3-ide 00:01.0 @0x11 -> 0x0
pci_cfg_read piix3-ide 00:01.0 @0x12 -> 0x0
pci_cfg_read piix3-ide 00:01.0 @0x13 -> 0x0
pci_cfg_read piix3-ide 00:01.0 @0x14 -> 0x0
pci_cfg_read piix3-ide 00:01.0 @0x15 -> 0x0
pci_cfg_read piix3-ide 00:01.0 @0x16 -> 0x0
pci_cfg_read piix3-ide 00:01.0 @0x17 -> 0x0
pci_cfg_read piix3-ide 00:01.0 @0x18 -> 0x0
pci_cfg_read piix3-ide 00:01.0 @0x19 -> 0x0
pci_cfg_read piix3-ide 00:01.0 @0x1a -> 0x0
pci_cfg_read piix3-ide 00:01.0 @0x1b -> 0x0
pci_cfg_read piix3-ide 00:01.0 @0x1c -> 0x0
pci_cfg_read piix3-ide 00:01.0 @0x1d -> 0x0
pci_cfg_read piix3-ide 00:01.0 @0x1e -> 0x0
pci_cfg_read piix3-ide 00:01.0 @0x1f -> 0x0
pci_cfg_read piix3-ide 00:01.0 @0x20 -> 0x61
pci_cfg_read piix3-ide 00:01.0 @0x21 -> 0x60
pci_cfg_read piix3-ide 00:01.0 @0x22 -> 0x0
pci_cfg_read piix3-ide 00:01.0 @0x23 -> 0x0
pci_cfg_read piix3-ide 00:01.0 @0x24 -> 0x0
pci_cfg_read piix3-ide 00:01.0 @0x25 -> 0x0
pci_cfg_read piix3-ide 00:01.0 @0x26 -> 0x0
pci_cfg_read piix3-ide 00:01.0 @0x27 -> 0x0
pci_cfg_read piix3-ide 00:01.0 @0x28 -> 0x0
pci_cfg_read piix3-ide 00:01.0 @0x29 -> 0x0
pci_cfg_read piix3-ide 00:01.0 @0x2a -> 0x0
pci_cfg_read piix3-ide 00:01.0 @0x2b -> 0x0
pci_cfg_read piix3-ide 00:01.0 @0x2c -> 0xf4
pci_cfg_read piix3-ide 00:01.0 @0x2d -> 0x1a
pci_cfg_read piix3-ide 00:01.0 @0x2e -> 0x0
pci_cfg_read piix3-ide 00:01.0 @0x2f -> 0x11
pci_cfg_read piix3-ide 00:01.0 @0x30 -> 0x0
pci_cfg_read piix3-ide 00:01.0 @0x31 -> 0x0
pci_cfg_read piix3-ide 00:01.0 @0x32 -> 0x0
pci_cfg_read piix3-ide 00:01.0 @0x33 -> 0x0
pci_cfg_read piix3-ide 00:01.0 @0x34 -> 0x0
pci_cfg_read piix3-ide 00:01.0 @0x35 -> 0x0
pci_cfg_read piix3-ide 00:01.0 @0x36 -> 0x0
pci_cfg_read piix3-ide 00:01.0 @0x37 -> 0x0
pci_cfg_read piix3-ide 00:01.0 @0x38 -> 0x0
pci_cfg_read piix3-ide 00:01.0 @0x39 -> 0x0
pci_cfg_read piix3-ide 00:01.0 @0x3a -> 0x0
pci_cfg_read piix3-ide 00:01.0 @0x3b -> 0x0
pci_cfg_read piix3-ide 00:01.0 @0x3c -> 0xff
pci_cfg_read piix3-ide 00:01.0 @0x3d -> 0x0
pci_cfg_read piix3-ide 00:01.0 @0x3e -> 0x0
pci_cfg_read piix3-ide 00:01.0 @0x3f -> 0x0
pci_cfg_read piix3-ide 00:01.0 @0x0 -> 0x86
pci_cfg_read piix3-ide 00:01.0 @0x1 -> 0x80
pci_cfg_read piix3-ide 00:01.0 @0x2 -> 0x10
pci_cfg_read piix3-ide 00:01.0 @0x3 -> 0x70
pci_cfg_read piix3-ide 00:01.0 @0x4 -> 0x7
pci_cfg_read piix3-ide 00:01.0 @0x5 -> 0x0
pci_cfg_read piix3-ide 00:01.0 @0x6 -> 0x80
pci_cfg_read piix3-ide 00:01.0 @0x7 -> 0x2
pci_cfg_read piix3-ide 00:01.0 @0x8 -> 0x0
pci_cfg_read piix3-ide 00:01.0 @0x9 -> 0x80
pci_cfg_read piix3-ide 00:01.0 @0xa -> 0x1
pci_cfg_read piix3-ide 00:01.0 @0xb -> 0x1
pci_cfg_read piix3-ide 00:01.0 @0xc -> 0x0
pci_cfg_read piix3-ide 00:01.0 @0xd -> 0x0
pci_cfg_read piix3-ide 00:01.0 @0xe -> 0x0
pci_cfg_read piix3-ide 00:01.0 @0xf -> 0x0
pci_cfg_read piix3-ide 00:01.0 @0x10 -> 0x0
pci_cfg_read piix3-ide 00:01.0 @0x11 -> 0x0
pci_cfg_read piix3-ide 00:01.0 @0x12 -> 0x0
pci_cfg_read piix3-ide 00:01.0 @0x13 -> 0x0
pci_cfg_read piix3-ide 00:01.0 @0x14 -> 0x0
pci_cfg_read piix3-ide 00:01.0 @0x15 -> 0x0
pci_cfg_read piix3-ide 00:01.0 @0x16 -> 0x0
pci_cfg_read piix3-ide 00:01.0 @0x17 -> 0x0
pci_cfg_read piix3-ide 00:01.0 @0x18 -> 0x0
pci_cfg_read piix3-ide 00:01.0 @0x19 -> 0x0
pci_cfg_read piix3-ide 00:01.0 @0x1a -> 0x0
pci_cfg_read piix3-ide 00:01.0 @0x1b -> 0x0
pci_cfg_read piix3-ide 00:01.0 @0x1c -> 0x0
pci_cfg_read piix3-ide 00:01.0 @0x1d -> 0x0
pci_cfg_read piix3-ide 00:01.0 @0x1e -> 0x0
pci_cfg_read piix3-ide 00:01.0 @0x1f -> 0x0
pci_cfg_read piix3-ide 00:01.0 @0x20 -> 0x61
pci_cfg_read piix3-ide 00:01.0 @0x21 -> 0x60
pci_cfg_read piix3-ide 00:01.0 @0x22 -> 0x0
pci_cfg_read piix3-ide 00:01.0 @0x23 -> 0x0
pci_cfg_read piix3-ide 00:01.0 @0x24 -> 0x0
pci_cfg_read piix3-ide 00:01.0 @0x25 -> 0x0
pci_cfg_read piix3-ide 00:01.0 @0x26 -> 0x0
pci_cfg_read piix3-ide 00:01.0 @0x27 -> 0x0
pci_cfg_read piix3-ide 00:01.0 @0x28 -> 0x0
pci_cfg_read piix3-ide 00:01.0 @0x29 -> 0x0
pci_cfg_read piix3-ide 00:01.0 @0x2a -> 0x0
pci_cfg_read piix3-ide 00:01.0 @0x2b -> 0x0
pci_cfg_read piix3-ide 00:01.0 @0x2c -> 0xf4
pci_cfg_read piix3-ide 00:01.0 @0x2d -> 0x1a
pci_cfg_read piix3-ide 00:01.0 @0x2e -> 0x0
pci_cfg_read piix3-ide 00:01.0 @0x2f -> 0x11
pci_cfg_read piix3-ide 00:01.0 @0x30 -> 0x0
pci_cfg_read piix3-ide 00:01.0 @0x31 -> 0x0
pci_cfg_read piix3-ide 00:01.0 @0x32 -> 0x0
pci_cfg_read piix3-ide 00:01.0 @0x33 -> 0x0
pci_cfg_read piix3-ide 00:01.0 @0x34 -> 0x0
pci_cfg_read piix3-ide 00:01.0 @0x35 -> 0x0
pci_cfg_read piix3-ide 00:01.0 @0x36 -> 0x0
pci_cfg_read piix3-ide 00:01.0 @0x37 -> 0x0
pci_cfg_read piix3-ide 00:01.0 @0x38 -> 0x0
pci_cfg_read piix3-ide 00:01.0 @0x39 -> 0x0
pci_cfg_read piix3-ide 00:01.0 @0x3a -> 0x0
pci_cfg_read piix3-ide 00:01.0 @0x3b -> 0x0
pci_cfg_read piix3-ide 00:01.0 @0x3c -> 0xff
pci_cfg_read piix3-ide 00:01.0 @0x3d -> 0x0
pci_cfg_read piix3-ide 00:01.0 @0x3e -> 0x0
pci_cfg_read piix3-ide 00:01.0 @0x3f -> 0x0
pci_cfg_read piix3-ide 00:01.0 @0x0 -> 0x86
pci_cfg_read piix3-ide 00:01.0 @0x1 -> 0x80
pci_cfg_read piix3-ide 00:01.0 @0x2 -> 0x10
pci_cfg_read piix3-ide 00:01.0 @0x3 -> 0x70
pci_cfg_read piix3-ide 00:01.0 @0x4 -> 0x7
pci_cfg_read piix3-ide 00:01.0 @0x5 -> 0x0
pci_cfg_read piix3-ide 00:01.0 @0x6 -> 0x80
pci_cfg_read piix3-ide 00:01.0 @0x7 -> 0x2
pci_cfg_read piix3-ide 00:01.0 @0x8 -> 0x0
pci_cfg_read piix3-ide 00:01.0 @0x9 -> 0x80
pci_cfg_read piix3-ide 00:01.0 @0xa -> 0x1
pci_cfg_read piix3-ide 00:01.0 @0xb -> 0x1
pci_cfg_read piix3-ide 00:01.0 @0xc -> 0x0
pci_cfg_read piix3-ide 00:01.0 @0xd -> 0x0
pci_cfg_read piix3-ide 00:01.0 @0xe -> 0x0
pci_cfg_read piix3-ide 00:01.0 @0xf -> 0x0
pci_cfg_read piix3-ide 00:01.0 @0x10 -> 0x0
pci_cfg_read piix3-ide 00:01.0 @0x11 -> 0x0
pci_cfg_read piix3-ide 00:01.0 @0x12 -> 0x0
pci_cfg_read piix3-ide 00:01.0 @0x13 -> 0x0
pci_cfg_read piix3-ide 00:01.0 @0x14 -> 0x0
pci_cfg_read piix3-ide 00:01.0 @0x15 -> 0x0
pci_cfg_read piix3-ide 00:01.0 @0x16 -> 0x0
pci_cfg_read piix3-ide 00:01.0 @0x17 -> 0x0
pci_cfg_read piix3-ide 00:01.0 @0x18 -> 0x0
pci_cfg_read piix3-ide 00:01.0 @0x19 -> 0x0
pci_cfg_read piix3-ide 00:01.0 @0x1a -> 0x0
pci_cfg_read piix3-ide 00:01.0 @0x1b -> 0x0
pci_cfg_read piix3-ide 00:01.0 @0x1c -> 0x0
pci_cfg_read piix3-ide 00:01.0 @0x1d -> 0x0
pci_cfg_read piix3-ide 00:01.0 @0x1e -> 0x0
pci_cfg_read piix3-ide 00:01.0 @0x1f -> 0x0
pci_cfg_read piix3-ide 00:01.0 @0x20 -> 0x61
pci_cfg_read piix3-ide 00:01.0 @0x21 -> 0x60
pci_cfg_read piix3-ide 00:01.0 @0x22 -> 0x0
pci_cfg_read piix3-ide 00:01.0 @0x23 -> 0x0
pci_cfg_read piix3-ide 00:01.0 @0x24 -> 0x0
pci_cfg_read piix3-ide 00:01.0 @0x25 -> 0x0
pci_cfg_read piix3-ide 00:01.0 @0x26 -> 0x0
pci_cfg_read piix3-ide 00:01.0 @0x27 -> 0x0
pci_cfg_read piix3-ide 00:01.0 @0x28 -> 0x0
pci_cfg_read piix3-ide 00:01.0 @0x29 -> 0x0
pci_cfg_read piix3-ide 00:01.0 @0x2a -> 0x0
pci_cfg_read piix3-ide 00:01.0 @0x2b -> 0x0
pci_cfg_read piix3-ide 00:01.0 @0x2c -> 0xf4
pci_cfg_read piix3-ide 00:01.0 @0x2d -> 0x1a
pci_cfg_read piix3-ide 00:01.0 @0x2e -> 0x0
pci_cfg_read piix3-ide 00:01.0 @0x2f -> 0x11
pci_cfg_read piix3-ide 00:01.0 @0x30 -> 0x0
pci_cfg_read piix3-ide 00:01.0 @0x31 -> 0x0
pci_cfg_read piix3-ide 00:01.0 @0x32 -> 0x0
pci_cfg_read piix3-ide 00:01.0 @0x33 -> 0x0
pci_cfg_read piix3-ide 00:01.0 @0x34 -> 0x0
pci_cfg_read piix3-ide 00:01.0 @0x35 -> 0x0
pci_cfg_read piix3-ide 00:01.0 @0x36 -> 0x0
pci_cfg_read piix3-ide 00:01.0 @0x37 -> 0x0
pci_cfg_read piix3-ide 00:01.0 @0x38 -> 0x0
pci_cfg_read piix3-ide 00:01.0 @0x39 -> 0x0
pci_cfg_read piix3-ide 00:01.0 @0x3a -> 0x0
pci_cfg_read piix3-ide 00:01.0 @0x3b -> 0x0
pci_cfg_read piix3-ide 00:01.0 @0x3c -> 0xff
pci_cfg_read piix3-ide 00:01.0 @0x3d -> 0x0
pci_cfg_read piix3-ide 00:01.0 @0x3e -> 0x0
pci_cfg_read piix3-ide 00:01.0 @0x3f -> 0x0
pci_cfg_read piix3-ide 00:01.0 @0x0 -> 0x86
pci_cfg_read piix3-ide 00:01.0 @0x1 -> 0x80
pci_cfg_read piix3-ide 00:01.0 @0x2 -> 0x10
pci_cfg_read piix3-ide 00:01.0 @0x3 -> 0x70
pci_cfg_read piix3-ide 00:01.0 @0x4 -> 0x7
pci_cfg_read piix3-ide 00:01.0 @0x5 -> 0x0
pci_cfg_read piix3-ide 00:01.0 @0x6 -> 0x80
pci_cfg_read piix3-ide 00:01.0 @0x7 -> 0x2
pci_cfg_read piix3-ide 00:01.0 @0x8 -> 0x0
pci_cfg_read piix3-ide 00:01.0 @0x9 -> 0x80
pci_cfg_read piix3-ide 00:01.0 @0xa -> 0x1
pci_cfg_read piix3-ide 00:01.0 @0xb -> 0x1
pci_cfg_read piix3-ide 00:01.0 @0xc -> 0x0
pci_cfg_read piix3-ide 00:01.0 @0xd -> 0x0
pci_cfg_read piix3-ide 00:01.0 @0xe -> 0x0
pci_cfg_read piix3-ide 00:01.0 @0xf -> 0x0
pci_cfg_read piix3-ide 00:01.0 @0x10 -> 0x0
pci_cfg_read piix3-ide 00:01.0 @0x11 -> 0x0
pci_cfg_read piix3-ide 00:01.0 @0x12 -> 0x0
pci_cfg_read piix3-ide 00:01.0 @0x13 -> 0x0
pci_cfg_read piix3-ide 00:01.0 @0x14 -> 0x0
pci_cfg_read piix3-ide 00:01.0 @0x15 -> 0x0
pci_cfg_read piix3-ide 00:01.0 @0x16 -> 0x0
pci_cfg_read piix3-ide 00:01.0 @0x17 -> 0x0
pci_cfg_read piix3-ide 00:01.0 @0x18 -> 0x0
pci_cfg_read piix3-ide 00:01.0 @0x19 -> 0x0
pci_cfg_read piix3-ide 00:01.0 @0x1a -> 0x0
pci_cfg_read piix3-ide 00:01.0 @0x1b -> 0x0
pci_cfg_read piix3-ide 00:01.0 @0x1c -> 0x0
pci_cfg_read piix3-ide 00:01.0 @0x1d -> 0x0
pci_cfg_read piix3-ide 00:01.0 @0x1e -> 0x0
pci_cfg_read piix3-ide 00:01.0 @0x1f -> 0x0
pci_cfg_read piix3-ide 00:01.0 @0x20 -> 0x61
pci_cfg_read piix3-ide 00:01.0 @0x21 -> 0x60
pci_cfg_read piix3-ide 00:01.0 @0x22 -> 0x0
pci_cfg_read piix3-ide 00:01.0 @0x23 -> 0x0
pci_cfg_read piix3-ide 00:01.0 @0x24 -> 0x0
pci_cfg_read piix3-ide 00:01.0 @0x25 -> 0x0
pci_cfg_read piix3-ide 00:01.0 @0x26 -> 0x0
pci_cfg_read piix3-ide 00:01.0 @0x27 -> 0x0
pci_cfg_read piix3-ide 00:01.0 @0x28 -> 0x0
pci_cfg_read piix3-ide 00:01.0 @0x29 -> 0x0
pci_cfg_read piix3-ide 00:01.0 @0x2a -> 0x0
pci_cfg_read piix3-ide 00:01.0 @0x2b -> 0x0
pci_cfg_read piix3-ide 00:01.0 @0x2c -> 0xf4
pci_cfg_read piix3-ide 00:01.0 @0x2d -> 0x1a
pci_cfg_read piix3-ide 00:01.0 @0x2e -> 0x0
pci_cfg_read piix3-ide 00:01.0 @0x2f -> 0x11
pci_cfg_read piix3-ide 00:01.0 @0x30 -> 0x0
pci_cfg_read piix3-ide 00:01.0 @0x31 -> 0x0
pci_cfg_read piix3-ide 00:01.0 @0x32 -> 0x0
pci_cfg_read piix3-ide 00:01.0 @0x33 -> 0x0
pci_cfg_read piix3-ide 00:01.0 @0x34 -> 0x0
pci_cfg_read piix3-ide 00:01.0 @0x35 -> 0x0
pci_cfg_read piix3-ide 00:01.0 @0x36 -> 0x0
pci_cfg_read piix3-ide 00:01.0 @0x37 -> 0x0
pci_cfg_read piix3-ide 00:01.0 @0x38 -> 0x0
pci_cfg_read piix3-ide 00:01.0 @0x39 -> 0x0
pci_cfg_read piix3-ide 00:01.0 @0x3a -> 0x0
pci_cfg_read piix3-ide 00:01.0 @0x3b -> 0x0
pci_cfg_read piix3-ide 00:01.0 @0x3c -> 0xff
pci_cfg_read piix3-ide 00:01.0 @0x3d -> 0x0
pci_cfg_read piix3-ide 00:01.0 @0x3e -> 0x0
pci_cfg_read piix3-ide 00:01.0 @0x3f -> 0x0
pci_cfg_read piix3-ide 00:01.0 @0x0 -> 0x86
pci_cfg_read piix3-ide 00:01.0 @0x1 -> 0x80
pci_cfg_read piix3-ide 00:01.0 @0x2 -> 0x10
pci_cfg_read piix3-ide 00:01.0 @0x3 -> 0x70
pci_cfg_read piix3-ide 00:01.0 @0x4 -> 0x7
pci_cfg_read piix3-ide 00:01.0 @0x5 -> 0x0
pci_cfg_read piix3-ide 00:01.0 @0x6 -> 0x80
pci_cfg_read piix3-ide 00:01.0 @0x7 -> 0x2
pci_cfg_read piix3-ide 00:01.0 @0x8 -> 0x0
pci_cfg_read piix3-ide 00:01.0 @0x9 -> 0x80
pci_cfg_read piix3-ide 00:01.0 @0xa -> 0x1
pci_cfg_read piix3-ide 00:01.0 @0xb -> 0x1
pci_cfg_read piix3-ide 00:01.0 @0xc -> 0x0
pci_cfg_read piix3-ide 00:01.0 @0xd -> 0x0
pci_cfg_read piix3-ide 00:01.0 @0xe -> 0x0
pci_cfg_read piix3-ide 00:01.0 @0xf -> 0x0
pci_cfg_read piix3-ide 00:01.0 @0x10 -> 0x0
pci_cfg_read piix3-ide 00:01.0 @0x11 -> 0x0
pci_cfg_read piix3-ide 00:01.0 @0x12 -> 0x0
pci_cfg_read piix3-ide 00:01.0 @0x13 -> 0x0
pci_cfg_read piix3-ide 00:01.0 @0x14 -> 0x0
pci_cfg_read piix3-ide 00:01.0 @0x15 -> 0x0
pci_cfg_read piix3-ide 00:01.0 @0x16 -> 0x0
pci_cfg_read piix3-ide 00:01.0 @0x17 -> 0x0
pci_cfg_read piix3-ide 00:01.0 @0x18 -> 0x0
pci_cfg_read piix3-ide 00:01.0 @0x19 -> 0x0
pci_cfg_read piix3-ide 00:01.0 @0x1a -> 0x0
pci_cfg_read piix3-ide 00:01.0 @0x1b -> 0x0
pci_cfg_read piix3-ide 00:01.0 @0x1c -> 0x0
pci_cfg_read piix3-ide 00:01.0 @0x1d -> 0x0
pci_cfg_read piix3-ide 00:01.0 @0x1e -> 0x0
pci_cfg_read piix3-ide 00:01.0 @0x1f -> 0x0
pci_cfg_read piix3-ide 00:01.0 @0x20 -> 0x61
pci_cfg_read piix3-ide 00:01.0 @0x21 -> 0x60
pci_cfg_read piix3-ide 00:01.0 @0x22 -> 0x0
pci_cfg_read piix3-ide 00:01.0 @0x23 -> 0x0
pci_cfg_read piix3-ide 00:01.0 @0x24 -> 0x0
pci_cfg_read piix3-ide 00:01.0 @0x25 -> 0x0
pci_cfg_read piix3-ide 00:01.0 @0x26 -> 0x0
pci_cfg_read piix3-ide 00:01.0 @0x27 -> 0x0
pci_cfg_read piix3-ide 00:01.0 @0x28 -> 0x0
pci_cfg_read piix3-ide 00:01.0 @0x29 -> 0x0
pci_cfg_read piix3-ide 00:01.0 @0x2a -> 0x0
pci_cfg_read piix3-ide 00:01.0 @0x2b -> 0x0
pci_cfg_read piix3-ide 00:01.0 @0x2c -> 0xf4
pci_cfg_read piix3-ide 00:01.0 @0x2d -> 0x1a
pci_cfg_read piix3-ide 00:01.0 @0x2e -> 0x0
pci_cfg_read piix3-ide 00:01.0 @0x2f -> 0x11
pci_cfg_read piix3-ide 00:01.0 @0x30 -> 0x0
pci_cfg_read piix3-ide 00:01.0 @0x31 -> 0x0
pci_cfg_read piix3-ide 00:01.0 @0x32 -> 0x0
pci_cfg_read piix3-ide 00:01.0 @0x33 -> 0x0
pci_cfg_read piix3-ide 00:01.0 @0x34 -> 0x0
pci_cfg_read piix3-ide 00:01.0 @0x35 -> 0x0
pci_cfg_read piix3-ide 00:01.0 @0x36 -> 0x0
pci_cfg_read piix3-ide 00:01.0 @0x37 -> 0x0
pci_cfg_read piix3-ide 00:01.0 @0x38 -> 0x0
pci_cfg_read piix3-ide 00:01.0 @0x39 -> 0x0
pci_cfg_read piix3-ide 00:01.0 @0x3a -> 0x0
pci_cfg_read piix3-ide 00:01.0 @0x3b -> 0x0
pci_cfg_read piix3-ide 00:01.0 @0x3c -> 0xff
pci_cfg_read piix3-ide 00:01.0 @0x3d -> 0x0
pci_cfg_read piix3-ide 00:01.0 @0x3e -> 0x0
pci_cfg_read piix3-ide 00:01.0 @0x3f -> 0x0
pci_cfg_read piix3-ide 00:01.0 @0x0 -> 0x86
pci_cfg_read piix3-ide 00:01.0 @0x1 -> 0x80
pci_cfg_read piix3-ide 00:01.0 @0x2 -> 0x10
pci_cfg_read piix3-ide 00:01.0 @0x3 -> 0x70
pci_cfg_read piix3-ide 00:01.0 @0x4 -> 0x7
pci_cfg_read piix3-ide 00:01.0 @0x5 -> 0x0
pci_cfg_read piix3-ide 00:01.0 @0x6 -> 0x80
pci_cfg_read piix3-ide 00:01.0 @0x7 -> 0x2
pci_cfg_read piix3-ide 00:01.0 @0x8 -> 0x0
pci_cfg_read piix3-ide 00:01.0 @0x9 -> 0x80
pci_cfg_read piix3-ide 00:01.0 @0xa -> 0x1
pci_cfg_read piix3-ide 00:01.0 @0xb -> 0x1
pci_cfg_read piix3-ide 00:01.0 @0xc -> 0x0
pci_cfg_read piix3-ide 00:01.0 @0xd -> 0x0
pci_cfg_read piix3-ide 00:01.0 @0xe -> 0x0
pci_cfg_read piix3-ide 00:01.0 @0xf -> 0x0
pci_cfg_read piix3-ide 00:01.0 @0x10 -> 0x0
pci_cfg_read piix3-ide 00:01.0 @0x11 -> 0x0
pci_cfg_read piix3-ide 00:01.0 @0x12 -> 0x0
pci_cfg_read piix3-ide 00:01.0 @0x13 -> 0x0
pci_cfg_read piix3-ide 00:01.0 @0x14 -> 0x0
pci_cfg_read piix3-ide 00:01.0 @0x15 -> 0x0
pci_cfg_read piix3-ide 00:01.0 @0x16 -> 0x0
pci_cfg_read piix3-ide 00:01.0 @0x17 -> 0x0
pci_cfg_read piix3-ide 00:01.0 @0x18 -> 0x0
pci_cfg_read piix3-ide 00:01.0 @0x19 -> 0x0
pci_cfg_read piix3-ide 00:01.0 @0x1a -> 0x0
pci_cfg_read piix3-ide 00:01.0 @0x1b -> 0x0
pci_cfg_read piix3-ide 00:01.0 @0x1c -> 0x0
pci_cfg_read piix3-ide 00:01.0 @0x1d -> 0x0
pci_cfg_read piix3-ide 00:01.0 @0x1e -> 0x0
pci_cfg_read piix3-ide 00:01.0 @0x1f -> 0x0
pci_cfg_read piix3-ide 00:01.0 @0x20 -> 0x61
pci_cfg_read piix3-ide 00:01.0 @0x21 -> 0x60
pci_cfg_read piix3-ide 00:01.0 @0x22 -> 0x0
pci_cfg_read piix3-ide 00:01.0 @0x23 -> 0x0
pci_cfg_read piix3-ide 00:01.0 @0x24 -> 0x0
pci_cfg_read piix3-ide 00:01.0 @0x25 -> 0x0
pci_cfg_read piix3-ide 00:01.0 @0x26 -> 0x0
pci_cfg_read piix3-ide 00:01.0 @0x27 -> 0x0
pci_cfg_read piix3-ide 00:01.0 @0x28 -> 0x0
pci_cfg_read piix3-ide 00:01.0 @0x29 -> 0x0
pci_cfg_read piix3-ide 00:01.0 @0x2a -> 0x0
pci_cfg_read piix3-ide 00:01.0 @0x2b -> 0x0
pci_cfg_read piix3-ide 00:01.0 @0x2c -> 0xf4
pci_cfg_read piix3-ide 00:01.0 @0x2d -> 0x1a
pci_cfg_read piix3-ide 00:01.0 @0x2e -> 0x0
pci_cfg_read piix3-ide 00:01.0 @0x2f -> 0x11
pci_cfg_read piix3-ide 00:01.0 @0x30 -> 0x0
pci_cfg_read piix3-ide 00:01.0 @0x31 -> 0x0
pci_cfg_read piix3-ide 00:01.0 @0x32 -> 0x0
pci_cfg_read piix3-ide 00:01.0 @0x33 -> 0x0
pci_cfg_read piix3-ide 00:01.0 @0x34 -> 0x0
pci_cfg_read piix3-ide 00:01.0 @0x35 -> 0x0
pci_cfg_read piix3-ide 00:01.0 @0x36 -> 0x0
pci_cfg_read piix3-ide 00:01.0 @0x37 -> 0x0
pci_cfg_read piix3-ide 00:01.0 @0x38 -> 0x0
pci_cfg_read piix3-ide 00:01.0 @0x39 -> 0x0
pci_cfg_read piix3-ide 00:01.0 @0x3a -> 0x0
pci_cfg_read piix3-ide 00:01.0 @0x3b -> 0x0
pci_cfg_read piix3-ide 00:01.0 @0x3c -> 0xff
pci_cfg_read piix3-ide 00:01.0 @0x3d -> 0x0
pci_cfg_read piix3-ide 00:01.0 @0x3e -> 0x0
pci_cfg_read piix3-ide 00:01.0 @0x3f -> 0x0
virtio_pci_notify_write 0x0 = 0x0 (2)
virtio_queue_notify vdev 0x56246085deb0 n 0 vq 0x5624608689c0
virtio_blk_handle_read vdev 0x56246085deb0 req 0x7f1baca58300 sector 0 nsectors 1
virtio_blk_rw_complete vdev 0x56246085deb0 req 0x7f1baca58300 ret 0
virtio_blk_req_complete vdev 0x56246085deb0 req 0x7f1baca58300 status 0
virtio_pci_notify_write 0x0 = 0x0 (2)
virtio_queue_notify vdev 0x56246085deb0 n 0 vq 0x5624608689c0
virtio_blk_handle_read vdev 0x56246085deb0 req 0x7f1baca58580 sector 0 nsectors 1
virtio_blk_rw_complete vdev 0x56246085deb0 req 0x7f1baca58580 ret 0
virtio_blk_req_complete vdev 0x56246085deb0 req 0x7f1baca58580 status 0
virtio_pci_notify_write 0x0 = 0x0 (2)
virtio_queue_notify vdev 0x56246085deb0 n 0 vq 0x5624608689c0
virtio_blk_handle_read vdev 0x56246085deb0 req 0x7f1baca58800 sector 0 nsectors 1
virtio_blk_rw_complete vdev 0x56246085deb0 req 0x7f1baca58800 ret 0
virtio_blk_req_complete vdev 0x56246085deb0 req 0x7f1baca58800 status 0
pci_cfg_read virtio-blk-pci 00:05.0 @0x9 -> 0x0
pci_cfg_read virtio-blk-pci 00:05.0 @0xa -> 0x0
pci_cfg_read virtio-blk-pci 00:05.0 @0xb -> 0x1
pci_cfg_read ICH9-SMB 00:1f.3 @0x9 -> 0x0
pci_cfg_read ICH9-SMB 00:1f.3 @0xa -> 0x5
pci_cfg_read ICH9-SMB 00:1f.3 @0xb -> 0xc
pci_cfg_read ICH9-SMB 00:1f.3 @0x9 -> 0x0
pci_cfg_read ICH9-SMB 00:1f.3 @0xa -> 0x5
pci_cfg_read ICH9-SMB 00:1f.3 @0xb -> 0xc
pci_cfg_read ICH9-SMB 00:1f.3 @0x9 -> 0x0
pci_cfg_read ICH9-SMB 00:1f.3 @0xa -> 0x5
pci_cfg_read ICH9-SMB 00:1f.3 @0xb -> 0xc
pci_cfg_read ICH9-SMB 00:1f.3 @0x9 -> 0x0
pci_cfg_read ICH9-SMB 00:1f.3 @0xa -> 0x5
pci_cfg_read ICH9-SMB 00:1f.3 @0xb -> 0xc
pci_cfg_read ICH9-SMB 00:1f.3 @0x0 -> 0x29308086
pci_cfg_read ICH9-SMB 00:1f.3 @0x4 -> 0x7
pci_cfg_read ICH9-SMB 00:1f.3 @0x8 -> 0xc050002
pci_cfg_read ICH9-SMB 00:1f.3 @0xc -> 0x800000
pci_cfg_read ICH9-SMB 00:1f.3 @0x10 -> 0x0
pci_cfg_read ICH9-SMB 00:1f.3 @0x14 -> 0x0
pci_cfg_read ICH9-SMB 00:1f.3 @0x18 -> 0x0
pci_cfg_read ICH9-SMB 00:1f.3 @0x1c -> 0x0
pci_cfg_read ICH9-SMB 00:1f.3 @0x20 -> 0x6001
pci_cfg_read ICH9-SMB 00:1f.3 @0x24 -> 0x0
pci_cfg_read ICH9-SMB 00:1f.3 @0x28 -> 0x0
pci_cfg_read ICH9-SMB 00:1f.3 @0x2c -> 0x11001af4
pci_cfg_read ICH9-SMB 00:1f.3 @0x30 -> 0x0
pci_cfg_read ICH9-SMB 00:1f.3 @0x34 -> 0x0
pci_cfg_read ICH9-SMB 00:1f.3 @0x38 -> 0x0
pci_cfg_read ICH9-SMB 00:1f.3 @0x3c -> 0x10a
pci_cfg_read ICH9-SMB 00:1f.3 @0x0 -> 0x29308086
pci_cfg_read ICH9-SMB 00:1f.3 @0x4 -> 0x7
pci_cfg_read ICH9-SMB 00:1f.3 @0x8 -> 0xc050002
pci_cfg_read ICH9-SMB 00:1f.3 @0xc -> 0x800000
pci_cfg_read ICH9-SMB 00:1f.3 @0x10 -> 0x0
pci_cfg_read ICH9-SMB 00:1f.3 @0x14 -> 0x0
pci_cfg_read ICH9-SMB 00:1f.3 @0x18 -> 0x0
pci_cfg_read ICH9-SMB 00:1f.3 @0x1c -> 0x0
pci_cfg_read ICH9-SMB 00:1f.3 @0x20 -> 0x6001
pci_cfg_read ICH9-SMB 00:1f.3 @0x24 -> 0x0
pci_cfg_read ICH9-SMB 00:1f.3 @0x28 -> 0x0
pci_cfg_read ICH9-SMB 00:1f.3 @0x2c -> 0x11001af4
pci_cfg_read ICH9-SMB 00:1f.3 @0x30 -> 0x0
pci_cfg_read ICH9-SMB 00:1f.3 @0x34 -> 0x0
pci_cfg_read ICH9-SMB 00:1f.3 @0x38 -> 0x0
pci_cfg_read ICH9-SMB 00:1f.3 @0x3c -> 0x10a
pci_cfg_read ICH9-SMB 00:1f.3 @0x0 -> 0x29308086
pci_cfg_read ICH9-SMB 00:1f.3 @0x4 -> 0x7
pci_cfg_read ICH9-SMB 00:1f.3 @0x8 -> 0xc050002
pci_cfg_read ICH9-SMB 00:1f.3 @0xc -> 0x800000
pci_cfg_read ICH9-SMB 00:1f.3 @0x10 -> 0x0
pci_cfg_read ICH9-SMB 00:1f.3 @0x14 -> 0x0
pci_cfg_read ICH9-SMB 00:1f.3 @0x18 -> 0x0
pci_cfg_read ICH9-SMB 00:1f.3 @0x1c -> 0x0
pci_cfg_read ICH9-SMB 00:1f.3 @0x20 -> 0x6001
pci_cfg_read ICH9-SMB 00:1f.3 @0x24 -> 0x0
pci_cfg_read ICH9-SMB 00:1f.3 @0x28 -> 0x0
pci_cfg_read ICH9-SMB 00:1f.3 @0x2c -> 0x11001af4
pci_cfg_read ICH9-SMB 00:1f.3 @0x30 -> 0x0
pci_cfg_read ICH9-SMB 00:1f.3 @0x34 -> 0x0
pci_cfg_read ICH9-SMB 00:1f.3 @0x38 -> 0x0
pci_cfg_read ICH9-SMB 00:1f.3 @0x3c -> 0x10a
pci_cfg_read ICH9-SMB 00:1f.3 @0x0 -> 0x29308086
pci_cfg_read ICH9-SMB 00:1f.3 @0x4 -> 0x7
pci_cfg_read ICH9-SMB 00:1f.3 @0x8 -> 0xc050002
pci_cfg_read ICH9-SMB 00:1f.3 @0xc -> 0x800000
pci_cfg_read ICH9-SMB 00:1f.3 @0x10 -> 0x0
pci_cfg_read ICH9-SMB 00:1f.3 @0x14 -> 0x0
pci_cfg_read ICH9-SMB 00:1f.3 @0x18 -> 0x0
pci_cfg_read ICH9-SMB 00:1f.3 @0x1c -> 0x0
pci_cfg_read ICH9-SMB 00:1f.3 @0x20 -> 0x6001
pci_cfg_read ICH9-SMB 00:1f.3 @0x24 -> 0x0
pci_cfg_read ICH9-SMB 00:1f.3 @0x28 -> 0x0
pci_cfg_read ICH9-SMB 00:1f.3 @0x2c -> 0x11001af4
pci_cfg_read ICH9-SMB 00:1f.3 @0x30 -> 0x0
pci_cfg_read ICH9-SMB 00:1f.3 @0x34 -> 0x0
pci_cfg_read ICH9-SMB 00:1f.3 @0x38 -> 0x0
pci_cfg_read ICH9-SMB 00:1f.3 @0x3c -> 0x10a
pci_cfg_read ICH9-SMB 00:1f.3 @0x0 -> 0x86
pci_cfg_read ICH9-SMB 00:1f.3 @0x1 -> 0x80
pci_cfg_read ICH9-SMB 00:1f.3 @0x2 -> 0x30
pci_cfg_read ICH9-SMB 00:1f.3 @0x3 -> 0x29
pci_cfg_read ICH9-SMB 00:1f.3 @0x4 -> 0x7
pci_cfg_read ICH9-SMB 00:1f.3 @0x5 -> 0x0
pci_cfg_read ICH9-SMB 00:1f.3 @0x6 -> 0x0
pci_cfg_read ICH9-SMB 00:1f.3 @0x7 -> 0x0
pci_cfg_read ICH9-SMB 00:1f.3 @0x8 -> 0x2
pci_cfg_read ICH9-SMB 00:1f.3 @0x9 -> 0x0
pci_cfg_read ICH9-SMB 00:1f.3 @0xa -> 0x5
pci_cfg_read ICH9-SMB 00:1f.3 @0xb -> 0xc
pci_cfg_read ICH9-SMB 00:1f.3 @0xc -> 0x0
pci_cfg_read ICH9-SMB 00:1f.3 @0xd -> 0x0
pci_cfg_read ICH9-SMB 00:1f.3 @0xe -> 0x80
pci_cfg_read ICH9-SMB 00:1f.3 @0xf -> 0x0
pci_cfg_read ICH9-SMB 00:1f.3 @0x10 -> 0x0
pci_cfg_read ICH9-SMB 00:1f.3 @0x11 -> 0x0
pci_cfg_read ICH9-SMB 00:1f.3 @0x12 -> 0x0
pci_cfg_read ICH9-SMB 00:1f.3 @0x13 -> 0x0
pci_cfg_read ICH9-SMB 00:1f.3 @0x14 -> 0x0
pci_cfg_read ICH9-SMB 00:1f.3 @0x15 -> 0x0
pci_cfg_read ICH9-SMB 00:1f.3 @0x16 -> 0x0
pci_cfg_read ICH9-SMB 00:1f.3 @0x17 -> 0x0
pci_cfg_read ICH9-SMB 00:1f.3 @0x18 -> 0x0
pci_cfg_read ICH9-SMB 00:1f.3 @0x19 -> 0x0
pci_cfg_read ICH9-SMB 00:1f.3 @0x1a -> 0x0
pci_cfg_read ICH9-SMB 00:1f.3 @0x1b -> 0x0
pci_cfg_read ICH9-SMB 00:1f.3 @0x1c -> 0x0
pci_cfg_read ICH9-SMB 00:1f.3 @0x1d -> 0x0
pci_cfg_read ICH9-SMB 00:1f.3 @0x1e -> 0x0
pci_cfg_read ICH9-SMB 00:1f.3 @0x1f -> 0x0
pci_cfg_read ICH9-SMB 00:1f.3 @0x20 -> 0x1
pci_cfg_read ICH9-SMB 00:1f.3 @0x21 -> 0x60
pci_cfg_read ICH9-SMB 00:1f.3 @0x22 -> 0x0
pci_cfg_read ICH9-SMB 00:1f.3 @0x23 -> 0x0
pci_cfg_read ICH9-SMB 00:1f.3 @0x24 -> 0x0
pci_cfg_read ICH9-SMB 00:1f.3 @0x25 -> 0x0
pci_cfg_read ICH9-SMB 00:1f.3 @0x26 -> 0x0
pci_cfg_read ICH9-SMB 00:1f.3 @0x27 -> 0x0
pci_cfg_read ICH9-SMB 00:1f.3 @0x28 -> 0x0
pci_cfg_read ICH9-SMB 00:1f.3 @0x29 -> 0x0
pci_cfg_read ICH9-SMB 00:1f.3 @0x2a -> 0x0
pci_cfg_read ICH9-SMB 00:1f.3 @0x2b -> 0x0
pci_cfg_read ICH9-SMB 00:1f.3 @0x2c -> 0xf4
pci_cfg_read ICH9-SMB 00:1f.3 @0x2d -> 0x1a
pci_cfg_read ICH9-SMB 00:1f.3 @0x2e -> 0x0
pci_cfg_read ICH9-SMB 00:1f.3 @0x2f -> 0x11
pci_cfg_read ICH9-SMB 00:1f.3 @0x30 -> 0x0
pci_cfg_read ICH9-SMB 00:1f.3 @0x31 -> 0x0
pci_cfg_read ICH9-SMB 00:1f.3 @0x32 -> 0x0
pci_cfg_read ICH9-SMB 00:1f.3 @0x33 -> 0x0
pci_cfg_read ICH9-SMB 00:1f.3 @0x34 -> 0x0
pci_cfg_read ICH9-SMB 00:1f.3 @0x35 -> 0x0
pci_cfg_read ICH9-SMB 00:1f.3 @0x36 -> 0x0
pci_cfg_read ICH9-SMB 00:1f.3 @0x37 -> 0x0
pci_cfg_read ICH9-SMB 00:1f.3 @0x38 -> 0x0
pci_cfg_read ICH9-SMB 00:1f.3 @0x39 -> 0x0
pci_cfg_read ICH9-SMB 00:1f.3 @0x3a -> 0x0
pci_cfg_read ICH9-SMB 00:1f.3 @0x3b -> 0x0
pci_cfg_read ICH9-SMB 00:1f.3 @0x3c -> 0xa
pci_cfg_read ICH9-SMB 00:1f.3 @0x3d -> 0x1
pci_cfg_read ICH9-SMB 00:1f.3 @0x3e -> 0x0
pci_cfg_read ICH9-SMB 00:1f.3 @0x3f -> 0x0
pci_cfg_read ICH9-SMB 00:1f.3 @0x0 -> 0x86
pci_cfg_read ICH9-SMB 00:1f.3 @0x1 -> 0x80
pci_cfg_read ICH9-SMB 00:1f.3 @0x2 -> 0x30
pci_cfg_read ICH9-SMB 00:1f.3 @0x3 -> 0x29
pci_cfg_read ICH9-SMB 00:1f.3 @0x4 -> 0x7
pci_cfg_read ICH9-SMB 00:1f.3 @0x5 -> 0x0
pci_cfg_read ICH9-SMB 00:1f.3 @0x6 -> 0x0
pci_cfg_read ICH9-SMB 00:1f.3 @0x7 -> 0x0
pci_cfg_read ICH9-SMB 00:1f.3 @0x8 -> 0x2
pci_cfg_read ICH9-SMB 00:1f.3 @0x9 -> 0x0
pci_cfg_read ICH9-SMB 00:1f.3 @0xa -> 0x5
pci_cfg_read ICH9-SMB 00:1f.3 @0xb -> 0xc
pci_cfg_read ICH9-SMB 00:1f.3 @0xc -> 0x0
pci_cfg_read ICH9-SMB 00:1f.3 @0xd -> 0x0
pci_cfg_read ICH9-SMB 00:1f.3 @0xe -> 0x80
pci_cfg_read ICH9-SMB 00:1f.3 @0xf -> 0x0
pci_cfg_read ICH9-SMB 00:1f.3 @0x10 -> 0x0
pci_cfg_read ICH9-SMB 00:1f.3 @0x11 -> 0x0
pci_cfg_read ICH9-SMB 00:1f.3 @0x12 -> 0x0
pci_cfg_read ICH9-SMB 00:1f.3 @0x13 -> 0x0
pci_cfg_read ICH9-SMB 00:1f.3 @0x14 -> 0x0
pci_cfg_read ICH9-SMB 00:1f.3 @0x15 -> 0x0
pci_cfg_read ICH9-SMB 00:1f.3 @0x16 -> 0x0
pci_cfg_read ICH9-SMB 00:1f.3 @0x17 -> 0x0
pci_cfg_read ICH9-SMB 00:1f.3 @0x18 -> 0x0
pci_cfg_read ICH9-SMB 00:1f.3 @0x19 -> 0x0
pci_cfg_read ICH9-SMB 00:1f.3 @0x1a -> 0x0
pci_cfg_read ICH9-SMB 00:1f.3 @0x1b -> 0x0
pci_cfg_read ICH9-SMB 00:1f.3 @0x1c -> 0x0
pci_cfg_read ICH9-SMB 00:1f.3 @0x1d -> 0x0
pci_cfg_read ICH9-SMB 00:1f.3 @0x1e -> 0x0
pci_cfg_read ICH9-SMB 00:1f.3 @0x1f -> 0x0
pci_cfg_read ICH9-SMB 00:1f.3 @0x20 -> 0x1
pci_cfg_read ICH9-SMB 00:1f.3 @0x21 -> 0x60
pci_cfg_read ICH9-SMB 00:1f.3 @0x22 -> 0x0
pci_cfg_read ICH9-SMB 00:1f.3 @0x23 -> 0x0
pci_cfg_read ICH9-SMB 00:1f.3 @0x24 -> 0x0
pci_cfg_read ICH9-SMB 00:1f.3 @0x25 -> 0x0
pci_cfg_read ICH9-SMB 00:1f.3 @0x26 -> 0x0
pci_cfg_read ICH9-SMB 00:1f.3 @0x27 -> 0x0
pci_cfg_read ICH9-SMB 00:1f.3 @0x28 -> 0x0
pci_cfg_read ICH9-SMB 00:1f.3 @0x29 -> 0x0
pci_cfg_read ICH9-SMB 00:1f.3 @0x2a -> 0x0
pci_cfg_read ICH9-SMB 00:1f.3 @0x2b -> 0x0
pci_cfg_read ICH9-SMB 00:1f.3 @0x2c -> 0xf4
pci_cfg_read ICH9-SMB 00:1f.3 @0x2d -> 0x1a
pci_cfg_read ICH9-SMB 00:1f.3 @0x2e -> 0x0
pci_cfg_read ICH9-SMB 00:1f.3 @0x2f -> 0x11
pci_cfg_read ICH9-SMB 00:1f.3 @0x30 -> 0x0
pci_cfg_read ICH9-SMB 00:1f.3 @0x31 -> 0x0
pci_cfg_read ICH9-SMB 00:1f.3 @0x32 -> 0x0
pci_cfg_read ICH9-SMB 00:1f.3 @0x33 -> 0x0
pci_cfg_read ICH9-SMB 00:1f.3 @0x34 -> 0x0
pci_cfg_read ICH9-SMB 00:1f.3 @0x35 -> 0x0
pci_cfg_read ICH9-SMB 00:1f.3 @0x36 -> 0x0
pci_cfg_read ICH9-SMB 00:1f.3 @0x37 -> 0x0
pci_cfg_read ICH9-SMB 00:1f.3 @0x38 -> 0x0
pci_cfg_read ICH9-SMB 00:1f.3 @0x39 -> 0x0
pci_cfg_read ICH9-SMB 00:1f.3 @0x3a -> 0x0
pci_cfg_read ICH9-SMB 00:1f.3 @0x3b -> 0x0
pci_cfg_read ICH9-SMB 00:1f.3 @0x3c -> 0xa
pci_cfg_read ICH9-SMB 00:1f.3 @0x3d -> 0x1
pci_cfg_read ICH9-SMB 00:1f.3 @0x3e -> 0x0
pci_cfg_read ICH9-SMB 00:1f.3 @0x3f -> 0x0
pci_cfg_read ICH9-SMB 00:1f.3 @0x9 -> 0x0
pci_cfg_read ICH9-SMB 00:1f.3 @0xa -> 0x5
pci_cfg_read ICH9-SMB 00:1f.3 @0xb -> 0xc
pci_cfg_read mch 00:00.0 @0x9 -> 0x0
pci_cfg_read mch 00:00.0 @0xa -> 0x0
pci_cfg_read mch 00:00.0 @0xb -> 0x6
pci_cfg_read mch 00:00.0 @0x9 -> 0x0
pci_cfg_read mch 00:00.0 @0xa -> 0x0
pci_cfg_read mch 00:00.0 @0xb -> 0x6
pci_cfg_read mch 00:00.0 @0x9 -> 0x0
pci_cfg_read mch 00:00.0 @0xa -> 0x0
pci_cfg_read mch 00:00.0 @0xb -> 0x6
pci_cfg_read mch 00:00.0 @0x9 -> 0x0
pci_cfg_read mch 00:00.0 @0xa -> 0x0
pci_cfg_read mch 00:00.0 @0xb -> 0x6
pci_cfg_read mch 00:00.0 @0x0 -> 0x29c08086
pci_cfg_read mch 00:00.0 @0x4 -> 0x7
pci_cfg_read mch 00:00.0 @0x8 -> 0x6000000
pci_cfg_read mch 00:00.0 @0xc -> 0x0
pci_cfg_read mch 00:00.0 @0x10 -> 0x0
pci_cfg_read mch 00:00.0 @0x14 -> 0x0
pci_cfg_read mch 00:00.0 @0x18 -> 0x0
pci_cfg_read mch 00:00.0 @0x1c -> 0x0
pci_cfg_read mch 00:00.0 @0x20 -> 0x0
pci_cfg_read mch 00:00.0 @0x24 -> 0x0
pci_cfg_read mch 00:00.0 @0x28 -> 0x0
pci_cfg_read mch 00:00.0 @0x2c -> 0x11001af4
pci_cfg_read mch 00:00.0 @0x30 -> 0x0
pci_cfg_read mch 00:00.0 @0x34 -> 0x0
pci_cfg_read mch 00:00.0 @0x38 -> 0x0
pci_cfg_read mch 00:00.0 @0x3c -> 0xff
pci_cfg_read mch 00:00.0 @0x0 -> 0x29c08086
pci_cfg_read mch 00:00.0 @0x4 -> 0x7
pci_cfg_read mch 00:00.0 @0x8 -> 0x6000000
pci_cfg_read mch 00:00.0 @0xc -> 0x0
pci_cfg_read mch 00:00.0 @0x10 -> 0x0
pci_cfg_read mch 00:00.0 @0x14 -> 0x0
pci_cfg_read mch 00:00.0 @0x18 -> 0x0
pci_cfg_read mch 00:00.0 @0x1c -> 0x0
pci_cfg_read mch 00:00.0 @0x20 -> 0x0
pci_cfg_read mch 00:00.0 @0x24 -> 0x0
pci_cfg_read mch 00:00.0 @0x28 -> 0x0
pci_cfg_read mch 00:00.0 @0x2c -> 0x11001af4
pci_cfg_read mch 00:00.0 @0x30 -> 0x0
pci_cfg_read mch 00:00.0 @0x34 -> 0x0
pci_cfg_read mch 00:00.0 @0x38 -> 0x0
pci_cfg_read mch 00:00.0 @0x3c -> 0xff
pci_cfg_read mch 00:00.0 @0x0 -> 0x29c08086
pci_cfg_read mch 00:00.0 @0x4 -> 0x7
pci_cfg_read mch 00:00.0 @0x8 -> 0x6000000
pci_cfg_read mch 00:00.0 @0xc -> 0x0
pci_cfg_read mch 00:00.0 @0x10 -> 0x0
pci_cfg_read mch 00:00.0 @0x14 -> 0x0
pci_cfg_read mch 00:00.0 @0x18 -> 0x0
pci_cfg_read mch 00:00.0 @0x1c -> 0x0
pci_cfg_read mch 00:00.0 @0x20 -> 0x0
pci_cfg_read mch 00:00.0 @0x24 -> 0x0
pci_cfg_read mch 00:00.0 @0x28 -> 0x0
pci_cfg_read mch 00:00.0 @0x2c -> 0x11001af4
pci_cfg_read mch 00:00.0 @0x30 -> 0x0
pci_cfg_read mch 00:00.0 @0x34 -> 0x0
pci_cfg_read mch 00:00.0 @0x38 -> 0x0
pci_cfg_read mch 00:00.0 @0x3c -> 0xff
pci_cfg_read mch 00:00.0 @0x0 -> 0x29c08086
pci_cfg_read mch 00:00.0 @0x4 -> 0x7
pci_cfg_read mch 00:00.0 @0x8 -> 0x6000000
pci_cfg_read mch 00:00.0 @0xc -> 0x0
pci_cfg_read mch 00:00.0 @0x10 -> 0x0
pci_cfg_read mch 00:00.0 @0x14 -> 0x0
pci_cfg_read mch 00:00.0 @0x18 -> 0x0
pci_cfg_read mch 00:00.0 @0x1c -> 0x0
pci_cfg_read mch 00:00.0 @0x20 -> 0x0
pci_cfg_read mch 00:00.0 @0x24 -> 0x0
pci_cfg_read mch 00:00.0 @0x28 -> 0x0
pci_cfg_read mch 00:00.0 @0x2c -> 0x11001af4
pci_cfg_read mch 00:00.0 @0x30 -> 0x0
pci_cfg_read mch 00:00.0 @0x34 -> 0x0
pci_cfg_read mch 00:00.0 @0x38 -> 0x0
pci_cfg_read mch 00:00.0 @0x3c -> 0xff
pci_cfg_read mch 00:00.0 @0x0 -> 0x86
pci_cfg_read mch 00:00.0 @0x1 -> 0x80
pci_cfg_read mch 00:00.0 @0x2 -> 0xc0
pci_cfg_read mch 00:00.0 @0x3 -> 0x29
pci_cfg_read mch 00:00.0 @0x4 -> 0x7
pci_cfg_read mch 00:00.0 @0x5 -> 0x0
pci_cfg_read mch 00:00.0 @0x6 -> 0x0
pci_cfg_read mch 00:00.0 @0x7 -> 0x0
pci_cfg_read mch 00:00.0 @0x8 -> 0x0
pci_cfg_read mch 00:00.0 @0x9 -> 0x0
pci_cfg_read mch 00:00.0 @0xa -> 0x0
pci_cfg_read mch 00:00.0 @0xb -> 0x6
pci_cfg_read mch 00:00.0 @0xc -> 0x0
pci_cfg_read mch 00:00.0 @0xd -> 0x0
pci_cfg_read mch 00:00.0 @0xe -> 0x0
pci_cfg_read mch 00:00.0 @0xf -> 0x0
pci_cfg_read mch 00:00.0 @0x10 -> 0x0
pci_cfg_read mch 00:00.0 @0x11 -> 0x0
pci_cfg_read mch 00:00.0 @0x12 -> 0x0
pci_cfg_read mch 00:00.0 @0x13 -> 0x0
pci_cfg_read mch 00:00.0 @0x14 -> 0x0
pci_cfg_read mch 00:00.0 @0x15 -> 0x0
pci_cfg_read mch 00:00.0 @0x16 -> 0x0
pci_cfg_read mch 00:00.0 @0x17 -> 0x0
pci_cfg_read mch 00:00.0 @0x18 -> 0x0
pci_cfg_read mch 00:00.0 @0x19 -> 0x0
pci_cfg_read mch 00:00.0 @0x1a -> 0x0
pci_cfg_read mch 00:00.0 @0x1b -> 0x0
pci_cfg_read mch 00:00.0 @0x1c -> 0x0
pci_cfg_read mch 00:00.0 @0x1d -> 0x0
pci_cfg_read mch 00:00.0 @0x1e -> 0x0
pci_cfg_read mch 00:00.0 @0x1f -> 0x0
pci_cfg_read mch 00:00.0 @0x20 -> 0x0
pci_cfg_read mch 00:00.0 @0x21 -> 0x0
pci_cfg_read mch 00:00.0 @0x22 -> 0x0
pci_cfg_read mch 00:00.0 @0x23 -> 0x0
pci_cfg_read mch 00:00.0 @0x24 -> 0x0
pci_cfg_read mch 00:00.0 @0x25 -> 0x0
pci_cfg_read mch 00:00.0 @0x26 -> 0x0
pci_cfg_read mch 00:00.0 @0x27 -> 0x0
pci_cfg_read mch 00:00.0 @0x28 -> 0x0
pci_cfg_read mch 00:00.0 @0x29 -> 0x0
pci_cfg_read mch 00:00.0 @0x2a -> 0x0
pci_cfg_read mch 00:00.0 @0x2b -> 0x0
pci_cfg_read mch 00:00.0 @0x2c -> 0xf4
pci_cfg_read mch 00:00.0 @0x2d -> 0x1a
pci_cfg_read mch 00:00.0 @0x2e -> 0x0
pci_cfg_read mch 00:00.0 @0x2f -> 0x11
pci_cfg_read mch 00:00.0 @0x30 -> 0x0
pci_cfg_read mch 00:00.0 @0x31 -> 0x0
pci_cfg_read mch 00:00.0 @0x32 -> 0x0
pci_cfg_read mch 00:00.0 @0x33 -> 0x0
pci_cfg_read mch 00:00.0 @0x34 -> 0x0
pci_cfg_read mch 00:00.0 @0x35 -> 0x0
pci_cfg_read mch 00:00.0 @0x36 -> 0x0
pci_cfg_read mch 00:00.0 @0x37 -> 0x0
pci_cfg_read mch 00:00.0 @0x38 -> 0x0
pci_cfg_read mch 00:00.0 @0x39 -> 0x0
pci_cfg_read mch 00:00.0 @0x3a -> 0x0
pci_cfg_read mch 00:00.0 @0x3b -> 0x0
pci_cfg_read mch 00:00.0 @0x3c -> 0xff
pci_cfg_read mch 00:00.0 @0x3d -> 0x0
pci_cfg_read mch 00:00.0 @0x3e -> 0x0
pci_cfg_read mch 00:00.0 @0x3f -> 0x0
pci_cfg_read mch 00:00.0 @0x0 -> 0x86
pci_cfg_read mch 00:00.0 @0x1 -> 0x80
pci_cfg_read mch 00:00.0 @0x2 -> 0xc0
pci_cfg_read mch 00:00.0 @0x3 -> 0x29
pci_cfg_read mch 00:00.0 @0x4 -> 0x7
pci_cfg_read mch 00:00.0 @0x5 -> 0x0
pci_cfg_read mch 00:00.0 @0x6 -> 0x0
pci_cfg_read mch 00:00.0 @0x7 -> 0x0
pci_cfg_read mch 00:00.0 @0x8 -> 0x0
pci_cfg_read mch 00:00.0 @0x9 -> 0x0
pci_cfg_read mch 00:00.0 @0xa -> 0x0
pci_cfg_read mch 00:00.0 @0xb -> 0x6
pci_cfg_read mch 00:00.0 @0xc -> 0x0
pci_cfg_read mch 00:00.0 @0xd -> 0x0
pci_cfg_read mch 00:00.0 @0xe -> 0x0
pci_cfg_read mch 00:00.0 @0xf -> 0x0
pci_cfg_read mch 00:00.0 @0x10 -> 0x0
pci_cfg_read mch 00:00.0 @0x11 -> 0x0
pci_cfg_read mch 00:00.0 @0x12 -> 0x0
pci_cfg_read mch 00:00.0 @0x13 -> 0x0
pci_cfg_read mch 00:00.0 @0x14 -> 0x0
pci_cfg_read mch 00:00.0 @0x15 -> 0x0
pci_cfg_read mch 00:00.0 @0x16 -> 0x0
pci_cfg_read mch 00:00.0 @0x17 -> 0x0
pci_cfg_read mch 00:00.0 @0x18 -> 0x0
pci_cfg_read mch 00:00.0 @0x19 -> 0x0
pci_cfg_read mch 00:00.0 @0x1a -> 0x0
pci_cfg_read mch 00:00.0 @0x1b -> 0x0
pci_cfg_read mch 00:00.0 @0x1c -> 0x0
pci_cfg_read mch 00:00.0 @0x1d -> 0x0
pci_cfg_read mch 00:00.0 @0x1e -> 0x0
pci_cfg_read mch 00:00.0 @0x1f -> 0x0
pci_cfg_read mch 00:00.0 @0x20 -> 0x0
pci_cfg_read mch 00:00.0 @0x21 -> 0x0
pci_cfg_read mch 00:00.0 @0x22 -> 0x0
pci_cfg_read mch 00:00.0 @0x23 -> 0x0
pci_cfg_read mch 00:00.0 @0x24 -> 0x0
pci_cfg_read mch 00:00.0 @0x25 -> 0x0
pci_cfg_read mch 00:00.0 @0x26 -> 0x0
pci_cfg_read mch 00:00.0 @0x27 -> 0x0
pci_cfg_read mch 00:00.0 @0x28 -> 0x0
pci_cfg_read mch 00:00.0 @0x29 -> 0x0
pci_cfg_read mch 00:00.0 @0x2a -> 0x0
pci_cfg_read mch 00:00.0 @0x2b -> 0x0
pci_cfg_read mch 00:00.0 @0x2c -> 0xf4
pci_cfg_read mch 00:00.0 @0x2d -> 0x1a
pci_cfg_read mch 00:00.0 @0x2e -> 0x0
pci_cfg_read mch 00:00.0 @0x2f -> 0x11
pci_cfg_read mch 00:00.0 @0x30 -> 0x0
pci_cfg_read mch 00:00.0 @0x31 -> 0x0
pci_cfg_read mch 00:00.0 @0x32 -> 0x0
pci_cfg_read mch 00:00.0 @0x33 -> 0x0
pci_cfg_read mch 00:00.0 @0x34 -> 0x0
pci_cfg_read mch 00:00.0 @0x35 -> 0x0
pci_cfg_read mch 00:00.0 @0x36 -> 0x0
pci_cfg_read mch 00:00.0 @0x37 -> 0x0
pci_cfg_read mch 00:00.0 @0x38 -> 0x0
pci_cfg_read mch 00:00.0 @0x39 -> 0x0
pci_cfg_read mch 00:00.0 @0x3a -> 0x0
pci_cfg_read mch 00:00.0 @0x3b -> 0x0
pci_cfg_read mch 00:00.0 @0x3c -> 0xff
pci_cfg_read mch 00:00.0 @0x3d -> 0x0
pci_cfg_read mch 00:00.0 @0x3e -> 0x0
pci_cfg_read mch 00:00.0 @0x3f -> 0x0
pci_cfg_read mch 00:00.0 @0x9 -> 0x0
pci_cfg_read mch 00:00.0 @0xa -> 0x0
pci_cfg_read mch 00:00.0 @0xb -> 0x6
pci_cfg_read piix3-ide 00:01.0 @0x0 -> 0x86
pci_cfg_read piix3-ide 00:01.0 @0x1 -> 0x80
pci_cfg_read piix3-ide 00:01.0 @0x2 -> 0x10
pci_cfg_read piix3-ide 00:01.0 @0x3 -> 0x70
pci_cfg_read piix3-ide 00:01.0 @0x4 -> 0x7
pci_cfg_read piix3-ide 00:01.0 @0x5 -> 0x0
pci_cfg_read piix3-ide 00:01.0 @0x6 -> 0x80
pci_cfg_read piix3-ide 00:01.0 @0x7 -> 0x2
pci_cfg_read piix3-ide 00:01.0 @0x8 -> 0x0
pci_cfg_read piix3-ide 00:01.0 @0x9 -> 0x80
pci_cfg_read piix3-ide 00:01.0 @0xa -> 0x1
pci_cfg_read piix3-ide 00:01.0 @0xb -> 0x1
pci_cfg_read piix3-ide 00:01.0 @0xc -> 0x0
pci_cfg_read piix3-ide 00:01.0 @0xd -> 0x0
pci_cfg_read piix3-ide 00:01.0 @0xe -> 0x0
pci_cfg_read piix3-ide 00:01.0 @0xf -> 0x0
pci_cfg_read piix3-ide 00:01.0 @0x10 -> 0x0
pci_cfg_read piix3-ide 00:01.0 @0x11 -> 0x0
pci_cfg_read piix3-ide 00:01.0 @0x12 -> 0x0
pci_cfg_read piix3-ide 00:01.0 @0x13 -> 0x0
pci_cfg_read piix3-ide 00:01.0 @0x14 -> 0x0
pci_cfg_read piix3-ide 00:01.0 @0x15 -> 0x0
pci_cfg_read piix3-ide 00:01.0 @0x16 -> 0x0
pci_cfg_read piix3-ide 00:01.0 @0x17 -> 0x0
pci_cfg_read piix3-ide 00:01.0 @0x18 -> 0x0
pci_cfg_read piix3-ide 00:01.0 @0x19 -> 0x0
pci_cfg_read piix3-ide 00:01.0 @0x1a -> 0x0
pci_cfg_read piix3-ide 00:01.0 @0x1b -> 0x0
pci_cfg_read piix3-ide 00:01.0 @0x1c -> 0x0
pci_cfg_read piix3-ide 00:01.0 @0x1d -> 0x0
pci_cfg_read piix3-ide 00:01.0 @0x1e -> 0x0
pci_cfg_read piix3-ide 00:01.0 @0x1f -> 0x0
pci_cfg_read piix3-ide 00:01.0 @0x20 -> 0x61
pci_cfg_read piix3-ide 00:01.0 @0x21 -> 0x60
pci_cfg_read piix3-ide 00:01.0 @0x22 -> 0x0
pci_cfg_read piix3-ide 00:01.0 @0x23 -> 0x0
pci_cfg_read piix3-ide 00:01.0 @0x24 -> 0x0
pci_cfg_read piix3-ide 00:01.0 @0x25 -> 0x0
pci_cfg_read piix3-ide 00:01.0 @0x26 -> 0x0
pci_cfg_read piix3-ide 00:01.0 @0x27 -> 0x0
pci_cfg_read piix3-ide 00:01.0 @0x28 -> 0x0
pci_cfg_read piix3-ide 00:01.0 @0x29 -> 0x0
pci_cfg_read piix3-ide 00:01.0 @0x2a -> 0x0
pci_cfg_read piix3-ide 00:01.0 @0x2b -> 0x0
pci_cfg_read piix3-ide 00:01.0 @0x2c -> 0xf4
pci_cfg_read piix3-ide 00:01.0 @0x2d -> 0x1a
pci_cfg_read piix3-ide 00:01.0 @0x2e -> 0x0
pci_cfg_read piix3-ide 00:01.0 @0x2f -> 0x11
pci_cfg_read piix3-ide 00:01.0 @0x30 -> 0x0
pci_cfg_read piix3-ide 00:01.0 @0x31 -> 0x0
pci_cfg_read piix3-ide 00:01.0 @0x32 -> 0x0
pci_cfg_read piix3-ide 00:01.0 @0x33 -> 0x0
pci_cfg_read piix3-ide 00:01.0 @0x34 -> 0x0
pci_cfg_read piix3-ide 00:01.0 @0x35 -> 0x0
pci_cfg_read piix3-ide 00:01.0 @0x36 -> 0x0
pci_cfg_read piix3-ide 00:01.0 @0x37 -> 0x0
pci_cfg_read piix3-ide 00:01.0 @0x38 -> 0x0
pci_cfg_read piix3-ide 00:01.0 @0x39 -> 0x0
pci_cfg_read piix3-ide 00:01.0 @0x3a -> 0x0
pci_cfg_read piix3-ide 00:01.0 @0x3b -> 0x0
pci_cfg_read piix3-ide 00:01.0 @0x3c -> 0xff
pci_cfg_read piix3-ide 00:01.0 @0x3d -> 0x0
pci_cfg_read piix3-ide 00:01.0 @0x3e -> 0x0
pci_cfg_read piix3-ide 00:01.0 @0x3f -> 0x0
pci_cfg_read piix3-ide 00:01.0 @0x0 -> 0x86
pci_cfg_read piix3-ide 00:01.0 @0x1 -> 0x80
pci_cfg_read piix3-ide 00:01.0 @0x2 -> 0x10
pci_cfg_read piix3-ide 00:01.0 @0x3 -> 0x70
pci_cfg_read piix3-ide 00:01.0 @0x4 -> 0x7
pci_cfg_read piix3-ide 00:01.0 @0x5 -> 0x0
pci_cfg_read piix3-ide 00:01.0 @0x6 -> 0x80
pci_cfg_read piix3-ide 00:01.0 @0x7 -> 0x2
pci_cfg_read piix3-ide 00:01.0 @0x8 -> 0x0
pci_cfg_read piix3-ide 00:01.0 @0x9 -> 0x80
pci_cfg_read piix3-ide 00:01.0 @0xa -> 0x1
pci_cfg_read piix3-ide 00:01.0 @0xb -> 0x1
pci_cfg_read piix3-ide 00:01.0 @0xc -> 0x0
pci_cfg_read piix3-ide 00:01.0 @0xd -> 0x0
pci_cfg_read piix3-ide 00:01.0 @0xe -> 0x0
pci_cfg_read piix3-ide 00:01.0 @0xf -> 0x0
pci_cfg_read piix3-ide 00:01.0 @0x10 -> 0x0
pci_cfg_read piix3-ide 00:01.0 @0x11 -> 0x0
pci_cfg_read piix3-ide 00:01.0 @0x12 -> 0x0
pci_cfg_read piix3-ide 00:01.0 @0x13 -> 0x0
pci_cfg_read piix3-ide 00:01.0 @0x14 -> 0x0
pci_cfg_read piix3-ide 00:01.0 @0x15 -> 0x0
pci_cfg_read piix3-ide 00:01.0 @0x16 -> 0x0
pci_cfg_read piix3-ide 00:01.0 @0x17 -> 0x0
pci_cfg_read piix3-ide 00:01.0 @0x18 -> 0x0
pci_cfg_read piix3-ide 00:01.0 @0x19 -> 0x0
pci_cfg_read piix3-ide 00:01.0 @0x1a -> 0x0
pci_cfg_read piix3-ide 00:01.0 @0x1b -> 0x0
pci_cfg_read piix3-ide 00:01.0 @0x1c -> 0x0
pci_cfg_read piix3-ide 00:01.0 @0x1d -> 0x0
pci_cfg_read piix3-ide 00:01.0 @0x1e -> 0x0
pci_cfg_read piix3-ide 00:01.0 @0x1f -> 0x0
pci_cfg_read piix3-ide 00:01.0 @0x20 -> 0x61
pci_cfg_read piix3-ide 00:01.0 @0x21 -> 0x60
pci_cfg_read piix3-ide 00:01.0 @0x22 -> 0x0
pci_cfg_read piix3-ide 00:01.0 @0x23 -> 0x0
pci_cfg_read piix3-ide 00:01.0 @0x24 -> 0x0
pci_cfg_read piix3-ide 00:01.0 @0x25 -> 0x0
pci_cfg_read piix3-ide 00:01.0 @0x26 -> 0x0
pci_cfg_read piix3-ide 00:01.0 @0x27 -> 0x0
pci_cfg_read piix3-ide 00:01.0 @0x28 -> 0x0
pci_cfg_read piix3-ide 00:01.0 @0x29 -> 0x0
pci_cfg_read piix3-ide 00:01.0 @0x2a -> 0x0
pci_cfg_read piix3-ide 00:01.0 @0x2b -> 0x0
pci_cfg_read piix3-ide 00:01.0 @0x2c -> 0xf4
pci_cfg_read piix3-ide 00:01.0 @0x2d -> 0x1a
pci_cfg_read piix3-ide 00:01.0 @0x2e -> 0x0
pci_cfg_read piix3-ide 00:01.0 @0x2f -> 0x11
pci_cfg_read piix3-ide 00:01.0 @0x30 -> 0x0
pci_cfg_read piix3-ide 00:01.0 @0x31 -> 0x0
pci_cfg_read piix3-ide 00:01.0 @0x32 -> 0x0
pci_cfg_read piix3-ide 00:01.0 @0x33 -> 0x0
pci_cfg_read piix3-ide 00:01.0 @0x34 -> 0x0
pci_cfg_read piix3-ide 00:01.0 @0x35 -> 0x0
pci_cfg_read piix3-ide 00:01.0 @0x36 -> 0x0
pci_cfg_read piix3-ide 00:01.0 @0x37 -> 0x0
pci_cfg_read piix3-ide 00:01.0 @0x38 -> 0x0
pci_cfg_read piix3-ide 00:01.0 @0x39 -> 0x0
pci_cfg_read piix3-ide 00:01.0 @0x3a -> 0x0
pci_cfg_read piix3-ide 00:01.0 @0x3b -> 0x0
pci_cfg_read piix3-ide 00:01.0 @0x3c -> 0xff
pci_cfg_read piix3-ide 00:01.0 @0x3d -> 0x0
pci_cfg_read piix3-ide 00:01.0 @0x3e -> 0x0
pci_cfg_read piix3-ide 00:01.0 @0x3f -> 0x0
pci_cfg_read piix3-ide 00:01.0 @0x0 -> 0x86
pci_cfg_read piix3-ide 00:01.0 @0x1 -> 0x80
pci_cfg_read piix3-ide 00:01.0 @0x2 -> 0x10
pci_cfg_read piix3-ide 00:01.0 @0x3 -> 0x70
pci_cfg_read piix3-ide 00:01.0 @0x4 -> 0x7
pci_cfg_read piix3-ide 00:01.0 @0x5 -> 0x0
pci_cfg_read piix3-ide 00:01.0 @0x6 -> 0x80
pci_cfg_read piix3-ide 00:01.0 @0x7 -> 0x2
pci_cfg_read piix3-ide 00:01.0 @0x8 -> 0x0
pci_cfg_read piix3-ide 00:01.0 @0x9 -> 0x80
pci_cfg_read piix3-ide 00:01.0 @0xa -> 0x1
pci_cfg_read piix3-ide 00:01.0 @0xb -> 0x1
pci_cfg_read piix3-ide 00:01.0 @0xc -> 0x0
pci_cfg_read piix3-ide 00:01.0 @0xd -> 0x0
pci_cfg_read piix3-ide 00:01.0 @0xe -> 0x0
pci_cfg_read piix3-ide 00:01.0 @0xf -> 0x0
pci_cfg_read piix3-ide 00:01.0 @0x10 -> 0x0
pci_cfg_read piix3-ide 00:01.0 @0x11 -> 0x0
pci_cfg_read piix3-ide 00:01.0 @0x12 -> 0x0
pci_cfg_read piix3-ide 00:01.0 @0x13 -> 0x0
pci_cfg_read piix3-ide 00:01.0 @0x14 -> 0x0
pci_cfg_read piix3-ide 00:01.0 @0x15 -> 0x0
pci_cfg_read piix3-ide 00:01.0 @0x16 -> 0x0
pci_cfg_read piix3-ide 00:01.0 @0x17 -> 0x0
pci_cfg_read piix3-ide 00:01.0 @0x18 -> 0x0
pci_cfg_read piix3-ide 00:01.0 @0x19 -> 0x0
pci_cfg_read piix3-ide 00:01.0 @0x1a -> 0x0
pci_cfg_read piix3-ide 00:01.0 @0x1b -> 0x0
pci_cfg_read piix3-ide 00:01.0 @0x1c -> 0x0
pci_cfg_read piix3-ide 00:01.0 @0x1d -> 0x0
pci_cfg_read piix3-ide 00:01.0 @0x1e -> 0x0
pci_cfg_read piix3-ide 00:01.0 @0x1f -> 0x0
pci_cfg_read piix3-ide 00:01.0 @0x20 -> 0x61
pci_cfg_read piix3-ide 00:01.0 @0x21 -> 0x60
pci_cfg_read piix3-ide 00:01.0 @0x22 -> 0x0
pci_cfg_read piix3-ide 00:01.0 @0x23 -> 0x0
pci_cfg_read piix3-ide 00:01.0 @0x24 -> 0x0
pci_cfg_read piix3-ide 00:01.0 @0x25 -> 0x0
pci_cfg_read piix3-ide 00:01.0 @0x26 -> 0x0
pci_cfg_read piix3-ide 00:01.0 @0x27 -> 0x0
pci_cfg_read piix3-ide 00:01.0 @0x28 -> 0x0
pci_cfg_read piix3-ide 00:01.0 @0x29 -> 0x0
pci_cfg_read piix3-ide 00:01.0 @0x2a -> 0x0
pci_cfg_read piix3-ide 00:01.0 @0x2b -> 0x0
pci_cfg_read piix3-ide 00:01.0 @0x2c -> 0xf4
pci_cfg_read piix3-ide 00:01.0 @0x2d -> 0x1a
pci_cfg_read piix3-ide 00:01.0 @0x2e -> 0x0
pci_cfg_read piix3-ide 00:01.0 @0x2f -> 0x11
pci_cfg_read piix3-ide 00:01.0 @0x30 -> 0x0
pci_cfg_read piix3-ide 00:01.0 @0x31 -> 0x0
pci_cfg_read piix3-ide 00:01.0 @0x32 -> 0x0
pci_cfg_read piix3-ide 00:01.0 @0x33 -> 0x0
pci_cfg_read piix3-ide 00:01.0 @0x34 -> 0x0
pci_cfg_read piix3-ide 00:01.0 @0x35 -> 0x0
pci_cfg_read piix3-ide 00:01.0 @0x36 -> 0x0
pci_cfg_read piix3-ide 00:01.0 @0x37 -> 0x0
pci_cfg_read piix3-ide 00:01.0 @0x38 -> 0x0
pci_cfg_read piix3-ide 00:01.0 @0x39 -> 0x0
pci_cfg_read piix3-ide 00:01.0 @0x3a -> 0x0
pci_cfg_read piix3-ide 00:01.0 @0x3b -> 0x0
pci_cfg_read piix3-ide 00:01.0 @0x3c -> 0xff
pci_cfg_read piix3-ide 00:01.0 @0x3d -> 0x0
pci_cfg_read piix3-ide 00:01.0 @0x3e -> 0x0
pci_cfg_read piix3-ide 00:01.0 @0x3f -> 0x0
pci_cfg_read piix3-ide 00:01.0 @0x0 -> 0x86
pci_cfg_read piix3-ide 00:01.0 @0x1 -> 0x80
pci_cfg_read piix3-ide 00:01.0 @0x2 -> 0x10
pci_cfg_read piix3-ide 00:01.0 @0x3 -> 0x70
pci_cfg_read piix3-ide 00:01.0 @0x4 -> 0x7
pci_cfg_read piix3-ide 00:01.0 @0x5 -> 0x0
pci_cfg_read piix3-ide 00:01.0 @0x6 -> 0x80
pci_cfg_read piix3-ide 00:01.0 @0x7 -> 0x2
pci_cfg_read piix3-ide 00:01.0 @0x8 -> 0x0
pci_cfg_read piix3-ide 00:01.0 @0x9 -> 0x80
pci_cfg_read piix3-ide 00:01.0 @0xa -> 0x1
pci_cfg_read piix3-ide 00:01.0 @0xb -> 0x1
pci_cfg_read piix3-ide 00:01.0 @0xc -> 0x0
pci_cfg_read piix3-ide 00:01.0 @0xd -> 0x0
pci_cfg_read piix3-ide 00:01.0 @0xe -> 0x0
pci_cfg_read piix3-ide 00:01.0 @0xf -> 0x0
pci_cfg_read piix3-ide 00:01.0 @0x10 -> 0x0
pci_cfg_read piix3-ide 00:01.0 @0x11 -> 0x0
pci_cfg_read piix3-ide 00:01.0 @0x12 -> 0x0
pci_cfg_read piix3-ide 00:01.0 @0x13 -> 0x0
pci_cfg_read piix3-ide 00:01.0 @0x14 -> 0x0
pci_cfg_read piix3-ide 00:01.0 @0x15 -> 0x0
pci_cfg_read piix3-ide 00:01.0 @0x16 -> 0x0
pci_cfg_read piix3-ide 00:01.0 @0x17 -> 0x0
pci_cfg_read piix3-ide 00:01.0 @0x18 -> 0x0
pci_cfg_read piix3-ide 00:01.0 @0x19 -> 0x0
pci_cfg_read piix3-ide 00:01.0 @0x1a -> 0x0
pci_cfg_read piix3-ide 00:01.0 @0x1b -> 0x0
pci_cfg_read piix3-ide 00:01.0 @0x1c -> 0x0
pci_cfg_read piix3-ide 00:01.0 @0x1d -> 0x0
pci_cfg_read piix3-ide 00:01.0 @0x1e -> 0x0
pci_cfg_read piix3-ide 00:01.0 @0x1f -> 0x0
pci_cfg_read piix3-ide 00:01.0 @0x20 -> 0x61
pci_cfg_read piix3-ide 00:01.0 @0x21 -> 0x60
pci_cfg_read piix3-ide 00:01.0 @0x22 -> 0x0
pci_cfg_read piix3-ide 00:01.0 @0x23 -> 0x0
pci_cfg_read piix3-ide 00:01.0 @0x24 -> 0x0
pci_cfg_read piix3-ide 00:01.0 @0x25 -> 0x0
pci_cfg_read piix3-ide 00:01.0 @0x26 -> 0x0
pci_cfg_read piix3-ide 00:01.0 @0x27 -> 0x0
pci_cfg_read piix3-ide 00:01.0 @0x28 -> 0x0
pci_cfg_read piix3-ide 00:01.0 @0x29 -> 0x0
pci_cfg_read piix3-ide 00:01.0 @0x2a -> 0x0
pci_cfg_read piix3-ide 00:01.0 @0x2b -> 0x0
pci_cfg_read piix3-ide 00:01.0 @0x2c -> 0xf4
pci_cfg_read piix3-ide 00:01.0 @0x2d -> 0x1a
pci_cfg_read piix3-ide 00:01.0 @0x2e -> 0x0
pci_cfg_read piix3-ide 00:01.0 @0x2f -> 0x11
pci_cfg_read piix3-ide 00:01.0 @0x30 -> 0x0
pci_cfg_read piix3-ide 00:01.0 @0x31 -> 0x0
pci_cfg_read piix3-ide 00:01.0 @0x32 -> 0x0
pci_cfg_read piix3-ide 00:01.0 @0x33 -> 0x0
pci_cfg_read piix3-ide 00:01.0 @0x34 -> 0x0
pci_cfg_read piix3-ide 00:01.0 @0x35 -> 0x0
pci_cfg_read piix3-ide 00:01.0 @0x36 -> 0x0
pci_cfg_read piix3-ide 00:01.0 @0x37 -> 0x0
pci_cfg_read piix3-ide 00:01.0 @0x38 -> 0x0
pci_cfg_read piix3-ide 00:01.0 @0x39 -> 0x0
pci_cfg_read piix3-ide 00:01.0 @0x3a -> 0x0
pci_cfg_read piix3-ide 00:01.0 @0x3b -> 0x0
pci_cfg_read piix3-ide 00:01.0 @0x3c -> 0xff
pci_cfg_read piix3-ide 00:01.0 @0x3d -> 0x0
pci_cfg_read piix3-ide 00:01.0 @0x3e -> 0x0
pci_cfg_read piix3-ide 00:01.0 @0x3f -> 0x0
pci_cfg_read piix3-ide 00:01.0 @0x0 -> 0x86
pci_cfg_read piix3-ide 00:01.0 @0x1 -> 0x80
pci_cfg_read piix3-ide 00:01.0 @0x2 -> 0x10
pci_cfg_read piix3-ide 00:01.0 @0x3 -> 0x70
pci_cfg_read piix3-ide 00:01.0 @0x4 -> 0x7
pci_cfg_read piix3-ide 00:01.0 @0x5 -> 0x0
pci_cfg_read piix3-ide 00:01.0 @0x6 -> 0x80
pci_cfg_read piix3-ide 00:01.0 @0x7 -> 0x2
pci_cfg_read piix3-ide 00:01.0 @0x8 -> 0x0
pci_cfg_read piix3-ide 00:01.0 @0x9 -> 0x80
pci_cfg_read piix3-ide 00:01.0 @0xa -> 0x1
pci_cfg_read piix3-ide 00:01.0 @0xb -> 0x1
pci_cfg_read piix3-ide 00:01.0 @0xc -> 0x0
pci_cfg_read piix3-ide 00:01.0 @0xd -> 0x0
pci_cfg_read piix3-ide 00:01.0 @0xe -> 0x0
pci_cfg_read piix3-ide 00:01.0 @0xf -> 0x0
pci_cfg_read piix3-ide 00:01.0 @0x10 -> 0x0
pci_cfg_read piix3-ide 00:01.0 @0x11 -> 0x0
pci_cfg_read piix3-ide 00:01.0 @0x12 -> 0x0
pci_cfg_read piix3-ide 00:01.0 @0x13 -> 0x0
pci_cfg_read piix3-ide 00:01.0 @0x14 -> 0x0
pci_cfg_read piix3-ide 00:01.0 @0x15 -> 0x0
pci_cfg_read piix3-ide 00:01.0 @0x16 -> 0x0
pci_cfg_read piix3-ide 00:01.0 @0x17 -> 0x0
pci_cfg_read piix3-ide 00:01.0 @0x18 -> 0x0
pci_cfg_read piix3-ide 00:01.0 @0x19 -> 0x0
pci_cfg_read piix3-ide 00:01.0 @0x1a -> 0x0
pci_cfg_read piix3-ide 00:01.0 @0x1b -> 0x0
pci_cfg_read piix3-ide 00:01.0 @0x1c -> 0x0
pci_cfg_read piix3-ide 00:01.0 @0x1d -> 0x0
pci_cfg_read piix3-ide 00:01.0 @0x1e -> 0x0
pci_cfg_read piix3-ide 00:01.0 @0x1f -> 0x0
pci_cfg_read piix3-ide 00:01.0 @0x20 -> 0x61
pci_cfg_read piix3-ide 00:01.0 @0x21 -> 0x60
pci_cfg_read piix3-ide 00:01.0 @0x22 -> 0x0
pci_cfg_read piix3-ide 00:01.0 @0x23 -> 0x0
pci_cfg_read piix3-ide 00:01.0 @0x24 -> 0x0
pci_cfg_read piix3-ide 00:01.0 @0x25 -> 0x0
pci_cfg_read piix3-ide 00:01.0 @0x26 -> 0x0
pci_cfg_read piix3-ide 00:01.0 @0x27 -> 0x0
pci_cfg_read piix3-ide 00:01.0 @0x28 -> 0x0
pci_cfg_read piix3-ide 00:01.0 @0x29 -> 0x0
pci_cfg_read piix3-ide 00:01.0 @0x2a -> 0x0
pci_cfg_read piix3-ide 00:01.0 @0x2b -> 0x0
pci_cfg_read piix3-ide 00:01.0 @0x2c -> 0xf4
pci_cfg_read piix3-ide 00:01.0 @0x2d -> 0x1a
pci_cfg_read piix3-ide 00:01.0 @0x2e -> 0x0
pci_cfg_read piix3-ide 00:01.0 @0x2f -> 0x11
pci_cfg_read piix3-ide 00:01.0 @0x30 -> 0x0
pci_cfg_read piix3-ide 00:01.0 @0x31 -> 0x0
pci_cfg_read piix3-ide 00:01.0 @0x32 -> 0x0
pci_cfg_read piix3-ide 00:01.0 @0x33 -> 0x0
pci_cfg_read piix3-ide 00:01.0 @0x34 -> 0x0
pci_cfg_read piix3-ide 00:01.0 @0x35 -> 0x0
pci_cfg_read piix3-ide 00:01.0 @0x36 -> 0x0
pci_cfg_read piix3-ide 00:01.0 @0x37 -> 0x0
pci_cfg_read piix3-ide 00:01.0 @0x38 -> 0x0
pci_cfg_read piix3-ide 00:01.0 @0x39 -> 0x0
pci_cfg_read piix3-ide 00:01.0 @0x3a -> 0x0
pci_cfg_read piix3-ide 00:01.0 @0x3b -> 0x0
pci_cfg_read piix3-ide 00:01.0 @0x3c -> 0xff
pci_cfg_read piix3-ide 00:01.0 @0x3d -> 0x0
pci_cfg_read piix3-ide 00:01.0 @0x3e -> 0x0
pci_cfg_read piix3-ide 00:01.0 @0x3f -> 0x0
pci_cfg_read piix3-ide 00:01.0 @0x0 -> 0x86
pci_cfg_read piix3-ide 00:01.0 @0x1 -> 0x80
pci_cfg_read piix3-ide 00:01.0 @0x2 -> 0x10
pci_cfg_read piix3-ide 00:01.0 @0x3 -> 0x70
pci_cfg_read piix3-ide 00:01.0 @0x4 -> 0x7
pci_cfg_read piix3-ide 00:01.0 @0x5 -> 0x0
pci_cfg_read piix3-ide 00:01.0 @0x6 -> 0x80
pci_cfg_read piix3-ide 00:01.0 @0x7 -> 0x2
pci_cfg_read piix3-ide 00:01.0 @0x8 -> 0x0
pci_cfg_read piix3-ide 00:01.0 @0x9 -> 0x80
pci_cfg_read piix3-ide 00:01.0 @0xa -> 0x1
pci_cfg_read piix3-ide 00:01.0 @0xb -> 0x1
pci_cfg_read piix3-ide 00:01.0 @0xc -> 0x0
pci_cfg_read piix3-ide 00:01.0 @0xd -> 0x0
pci_cfg_read piix3-ide 00:01.0 @0xe -> 0x0
pci_cfg_read piix3-ide 00:01.0 @0xf -> 0x0
pci_cfg_read piix3-ide 00:01.0 @0x10 -> 0x0
pci_cfg_read piix3-ide 00:01.0 @0x11 -> 0x0
pci_cfg_read piix3-ide 00:01.0 @0x12 -> 0x0
pci_cfg_read piix3-ide 00:01.0 @0x13 -> 0x0
pci_cfg_read piix3-ide 00:01.0 @0x14 -> 0x0
pci_cfg_read piix3-ide 00:01.0 @0x15 -> 0x0
pci_cfg_read piix3-ide 00:01.0 @0x16 -> 0x0
pci_cfg_read piix3-ide 00:01.0 @0x17 -> 0x0
pci_cfg_read piix3-ide 00:01.0 @0x18 -> 0x0
pci_cfg_read piix3-ide 00:01.0 @0x19 -> 0x0
pci_cfg_read piix3-ide 00:01.0 @0x1a -> 0x0
pci_cfg_read piix3-ide 00:01.0 @0x1b -> 0x0
pci_cfg_read piix3-ide 00:01.0 @0x1c -> 0x0
pci_cfg_read piix3-ide 00:01.0 @0x1d -> 0x0
pci_cfg_read piix3-ide 00:01.0 @0x1e -> 0x0
pci_cfg_read piix3-ide 00:01.0 @0x1f -> 0x0
pci_cfg_read piix3-ide 00:01.0 @0x20 -> 0x61
pci_cfg_read piix3-ide 00:01.0 @0x21 -> 0x60
pci_cfg_read piix3-ide 00:01.0 @0x22 -> 0x0
pci_cfg_read piix3-ide 00:01.0 @0x23 -> 0x0
pci_cfg_read piix3-ide 00:01.0 @0x24 -> 0x0
pci_cfg_read piix3-ide 00:01.0 @0x25 -> 0x0
pci_cfg_read piix3-ide 00:01.0 @0x26 -> 0x0
pci_cfg_read piix3-ide 00:01.0 @0x27 -> 0x0
pci_cfg_read piix3-ide 00:01.0 @0x28 -> 0x0
pci_cfg_read piix3-ide 00:01.0 @0x29 -> 0x0
pci_cfg_read piix3-ide 00:01.0 @0x2a -> 0x0
pci_cfg_read piix3-ide 00:01.0 @0x2b -> 0x0
pci_cfg_read piix3-ide 00:01.0 @0x2c -> 0xf4
pci_cfg_read piix3-ide 00:01.0 @0x2d -> 0x1a
pci_cfg_read piix3-ide 00:01.0 @0x2e -> 0x0
pci_cfg_read piix3-ide 00:01.0 @0x2f -> 0x11
pci_cfg_read piix3-ide 00:01.0 @0x30 -> 0x0
pci_cfg_read piix3-ide 00:01.0 @0x31 -> 0x0
pci_cfg_read piix3-ide 00:01.0 @0x32 -> 0x0
pci_cfg_read piix3-ide 00:01.0 @0x33 -> 0x0
pci_cfg_read piix3-ide 00:01.0 @0x34 -> 0x0
pci_cfg_read piix3-ide 00:01.0 @0x35 -> 0x0
pci_cfg_read piix3-ide 00:01.0 @0x36 -> 0x0
pci_cfg_read piix3-ide 00:01.0 @0x37 -> 0x0
pci_cfg_read piix3-ide 00:01.0 @0x38 -> 0x0
pci_cfg_read piix3-ide 00:01.0 @0x39 -> 0x0
pci_cfg_read piix3-ide 00:01.0 @0x3a -> 0x0
pci_cfg_read piix3-ide 00:01.0 @0x3b -> 0x0
pci_cfg_read piix3-ide 00:01.0 @0x3c -> 0xff
pci_cfg_read piix3-ide 00:01.0 @0x3d -> 0x0
pci_cfg_read piix3-ide 00:01.0 @0x3e -> 0x0
pci_cfg_read piix3-ide 00:01.0 @0x3f -> 0x0
pci_cfg_read piix3-ide 00:01.0 @0x0 -> 0x86
pci_cfg_read piix3-ide 00:01.0 @0x1 -> 0x80
pci_cfg_read piix3-ide 00:01.0 @0x2 -> 0x10
pci_cfg_read piix3-ide 00:01.0 @0x3 -> 0x70
pci_cfg_read piix3-ide 00:01.0 @0x4 -> 0x7
pci_cfg_read piix3-ide 00:01.0 @0x5 -> 0x0
pci_cfg_read piix3-ide 00:01.0 @0x6 -> 0x80
pci_cfg_read piix3-ide 00:01.0 @0x7 -> 0x2
pci_cfg_read piix3-ide 00:01.0 @0x8 -> 0x0
pci_cfg_read piix3-ide 00:01.0 @0x9 -> 0x80
pci_cfg_read piix3-ide 00:01.0 @0xa -> 0x1
pci_cfg_read piix3-ide 00:01.0 @0xb -> 0x1
pci_cfg_read piix3-ide 00:01.0 @0xc -> 0x0
pci_cfg_read piix3-ide 00:01.0 @0xd -> 0x0
pci_cfg_read piix3-ide 00:01.0 @0xe -> 0x0
pci_cfg_read piix3-ide 00:01.0 @0xf -> 0x0
pci_cfg_read piix3-ide 00:01.0 @0x10 -> 0x0
pci_cfg_read piix3-ide 00:01.0 @0x11 -> 0x0
pci_cfg_read piix3-ide 00:01.0 @0x12 -> 0x0
pci_cfg_read piix3-ide 00:01.0 @0x13 -> 0x0
pci_cfg_read piix3-ide 00:01.0 @0x14 -> 0x0
pci_cfg_read piix3-ide 00:01.0 @0x15 -> 0x0
pci_cfg_read piix3-ide 00:01.0 @0x16 -> 0x0
pci_cfg_read piix3-ide 00:01.0 @0x17 -> 0x0
pci_cfg_read piix3-ide 00:01.0 @0x18 -> 0x0
pci_cfg_read piix3-ide 00:01.0 @0x19 -> 0x0
pci_cfg_read piix3-ide 00:01.0 @0x1a -> 0x0
pci_cfg_read piix3-ide 00:01.0 @0x1b -> 0x0
pci_cfg_read piix3-ide 00:01.0 @0x1c -> 0x0
pci_cfg_read piix3-ide 00:01.0 @0x1d -> 0x0
pci_cfg_read piix3-ide 00:01.0 @0x1e -> 0x0
pci_cfg_read piix3-ide 00:01.0 @0x1f -> 0x0
pci_cfg_read piix3-ide 00:01.0 @0x20 -> 0x61
pci_cfg_read piix3-ide 00:01.0 @0x21 -> 0x60
pci_cfg_read piix3-ide 00:01.0 @0x22 -> 0x0
pci_cfg_read piix3-ide 00:01.0 @0x23 -> 0x0
pci_cfg_read piix3-ide 00:01.0 @0x24 -> 0x0
pci_cfg_read piix3-ide 00:01.0 @0x25 -> 0x0
pci_cfg_read piix3-ide 00:01.0 @0x26 -> 0x0
pci_cfg_read piix3-ide 00:01.0 @0x27 -> 0x0
pci_cfg_read piix3-ide 00:01.0 @0x28 -> 0x0
pci_cfg_read piix3-ide 00:01.0 @0x29 -> 0x0
pci_cfg_read piix3-ide 00:01.0 @0x2a -> 0x0
pci_cfg_read piix3-ide 00:01.0 @0x2b -> 0x0
pci_cfg_read piix3-ide 00:01.0 @0x2c -> 0xf4
pci_cfg_read piix3-ide 00:01.0 @0x2d -> 0x1a
pci_cfg_read piix3-ide 00:01.0 @0x2e -> 0x0
pci_cfg_read piix3-ide 00:01.0 @0x2f -> 0x11
pci_cfg_read piix3-ide 00:01.0 @0x30 -> 0x0
pci_cfg_read piix3-ide 00:01.0 @0x31 -> 0x0
pci_cfg_read piix3-ide 00:01.0 @0x32 -> 0x0
pci_cfg_read piix3-ide 00:01.0 @0x33 -> 0x0
pci_cfg_read piix3-ide 00:01.0 @0x34 -> 0x0
pci_cfg_read piix3-ide 00:01.0 @0x35 -> 0x0
pci_cfg_read piix3-ide 00:01.0 @0x36 -> 0x0
pci_cfg_read piix3-ide 00:01.0 @0x37 -> 0x0
pci_cfg_read piix3-ide 00:01.0 @0x38 -> 0x0
pci_cfg_read piix3-ide 00:01.0 @0x39 -> 0x0
pci_cfg_read piix3-ide 00:01.0 @0x3a -> 0x0
pci_cfg_read piix3-ide 00:01.0 @0x3b -> 0x0
pci_cfg_read piix3-ide 00:01.0 @0x3c -> 0xff
pci_cfg_read piix3-ide 00:01.0 @0x3d -> 0x0
pci_cfg_read piix3-ide 00:01.0 @0x3e -> 0x0
pci_cfg_read piix3-ide 00:01.0 @0x3f -> 0x0
pci_cfg_read piix3-ide 00:01.0 @0x0 -> 0x86
pci_cfg_read piix3-ide 00:01.0 @0x1 -> 0x80
pci_cfg_read piix3-ide 00:01.0 @0x2 -> 0x10
pci_cfg_read piix3-ide 00:01.0 @0x3 -> 0x70
pci_cfg_read piix3-ide 00:01.0 @0x4 -> 0x7
pci_cfg_read piix3-ide 00:01.0 @0x5 -> 0x0
pci_cfg_read piix3-ide 00:01.0 @0x6 -> 0x80
pci_cfg_read piix3-ide 00:01.0 @0x7 -> 0x2
pci_cfg_read piix3-ide 00:01.0 @0x8 -> 0x0
pci_cfg_read piix3-ide 00:01.0 @0x9 -> 0x80
pci_cfg_read piix3-ide 00:01.0 @0xa -> 0x1
pci_cfg_read piix3-ide 00:01.0 @0xb -> 0x1
pci_cfg_read piix3-ide 00:01.0 @0xc -> 0x0
pci_cfg_read piix3-ide 00:01.0 @0xd -> 0x0
pci_cfg_read piix3-ide 00:01.0 @0xe -> 0x0
pci_cfg_read piix3-ide 00:01.0 @0xf -> 0x0
pci_cfg_read piix3-ide 00:01.0 @0x10 -> 0x0
pci_cfg_read piix3-ide 00:01.0 @0x11 -> 0x0
pci_cfg_read piix3-ide 00:01.0 @0x12 -> 0x0
pci_cfg_read piix3-ide 00:01.0 @0x13 -> 0x0
pci_cfg_read piix3-ide 00:01.0 @0x14 -> 0x0
pci_cfg_read piix3-ide 00:01.0 @0x15 -> 0x0
pci_cfg_read piix3-ide 00:01.0 @0x16 -> 0x0
pci_cfg_read piix3-ide 00:01.0 @0x17 -> 0x0
pci_cfg_read piix3-ide 00:01.0 @0x18 -> 0x0
pci_cfg_read piix3-ide 00:01.0 @0x19 -> 0x0
pci_cfg_read piix3-ide 00:01.0 @0x1a -> 0x0
pci_cfg_read piix3-ide 00:01.0 @0x1b -> 0x0
pci_cfg_read piix3-ide 00:01.0 @0x1c -> 0x0
pci_cfg_read piix3-ide 00:01.0 @0x1d -> 0x0
pci_cfg_read piix3-ide 00:01.0 @0x1e -> 0x0
pci_cfg_read piix3-ide 00:01.0 @0x1f -> 0x0
pci_cfg_read piix3-ide 00:01.0 @0x20 -> 0x61
pci_cfg_read piix3-ide 00:01.0 @0x21 -> 0x60
pci_cfg_read piix3-ide 00:01.0 @0x22 -> 0x0
pci_cfg_read piix3-ide 00:01.0 @0x23 -> 0x0
pci_cfg_read piix3-ide 00:01.0 @0x24 -> 0x0
pci_cfg_read piix3-ide 00:01.0 @0x25 -> 0x0
pci_cfg_read piix3-ide 00:01.0 @0x26 -> 0x0
pci_cfg_read piix3-ide 00:01.0 @0x27 -> 0x0
pci_cfg_read piix3-ide 00:01.0 @0x28 -> 0x0
pci_cfg_read piix3-ide 00:01.0 @0x29 -> 0x0
pci_cfg_read piix3-ide 00:01.0 @0x2a -> 0x0
pci_cfg_read piix3-ide 00:01.0 @0x2b -> 0x0
pci_cfg_read piix3-ide 00:01.0 @0x2c -> 0xf4
pci_cfg_read piix3-ide 00:01.0 @0x2d -> 0x1a
pci_cfg_read piix3-ide 00:01.0 @0x2e -> 0x0
pci_cfg_read piix3-ide 00:01.0 @0x2f -> 0x11
pci_cfg_read piix3-ide 00:01.0 @0x30 -> 0x0
pci_cfg_read piix3-ide 00:01.0 @0x31 -> 0x0
pci_cfg_read piix3-ide 00:01.0 @0x32 -> 0x0
pci_cfg_read piix3-ide 00:01.0 @0x33 -> 0x0
pci_cfg_read piix3-ide 00:01.0 @0x34 -> 0x0
pci_cfg_read piix3-ide 00:01.0 @0x35 -> 0x0
pci_cfg_read piix3-ide 00:01.0 @0x36 -> 0x0
pci_cfg_read piix3-ide 00:01.0 @0x37 -> 0x0
pci_cfg_read piix3-ide 00:01.0 @0x38 -> 0x0
pci_cfg_read piix3-ide 00:01.0 @0x39 -> 0x0
pci_cfg_read piix3-ide 00:01.0 @0x3a -> 0x0
pci_cfg_read piix3-ide 00:01.0 @0x3b -> 0x0
pci_cfg_read piix3-ide 00:01.0 @0x3c -> 0xff
pci_cfg_read piix3-ide 00:01.0 @0x3d -> 0x0
pci_cfg_read piix3-ide 00:01.0 @0x3e -> 0x0
pci_cfg_read piix3-ide 00:01.0 @0x3f -> 0x0
pci_cfg_read piix3-ide 00:01.0 @0x0 -> 0x86
pci_cfg_read piix3-ide 00:01.0 @0x1 -> 0x80
pci_cfg_read piix3-ide 00:01.0 @0x2 -> 0x10
pci_cfg_read piix3-ide 00:01.0 @0x3 -> 0x70
pci_cfg_read piix3-ide 00:01.0 @0x4 -> 0x7
pci_cfg_read piix3-ide 00:01.0 @0x5 -> 0x0
pci_cfg_read piix3-ide 00:01.0 @0x6 -> 0x80
pci_cfg_read piix3-ide 00:01.0 @0x7 -> 0x2
pci_cfg_read piix3-ide 00:01.0 @0x8 -> 0x0
pci_cfg_read piix3-ide 00:01.0 @0x9 -> 0x80
pci_cfg_read piix3-ide 00:01.0 @0xa -> 0x1
pci_cfg_read piix3-ide 00:01.0 @0xb -> 0x1
pci_cfg_read piix3-ide 00:01.0 @0xc -> 0x0
pci_cfg_read piix3-ide 00:01.0 @0xd -> 0x0
pci_cfg_read piix3-ide 00:01.0 @0xe -> 0x0
pci_cfg_read piix3-ide 00:01.0 @0xf -> 0x0
pci_cfg_read piix3-ide 00:01.0 @0x10 -> 0x0
pci_cfg_read piix3-ide 00:01.0 @0x11 -> 0x0
pci_cfg_read piix3-ide 00:01.0 @0x12 -> 0x0
pci_cfg_read piix3-ide 00:01.0 @0x13 -> 0x0
pci_cfg_read piix3-ide 00:01.0 @0x14 -> 0x0
pci_cfg_read piix3-ide 00:01.0 @0x15 -> 0x0
pci_cfg_read piix3-ide 00:01.0 @0x16 -> 0x0
pci_cfg_read piix3-ide 00:01.0 @0x17 -> 0x0
pci_cfg_read piix3-ide 00:01.0 @0x18 -> 0x0
pci_cfg_read piix3-ide 00:01.0 @0x19 -> 0x0
pci_cfg_read piix3-ide 00:01.0 @0x1a -> 0x0
pci_cfg_read piix3-ide 00:01.0 @0x1b -> 0x0
pci_cfg_read piix3-ide 00:01.0 @0x1c -> 0x0
pci_cfg_read piix3-ide 00:01.0 @0x1d -> 0x0
pci_cfg_read piix3-ide 00:01.0 @0x1e -> 0x0
pci_cfg_read piix3-ide 00:01.0 @0x1f -> 0x0
pci_cfg_read piix3-ide 00:01.0 @0x20 -> 0x61
pci_cfg_read piix3-ide 00:01.0 @0x21 -> 0x60
pci_cfg_read piix3-ide 00:01.0 @0x22 -> 0x0
pci_cfg_read piix3-ide 00:01.0 @0x23 -> 0x0
pci_cfg_read piix3-ide 00:01.0 @0x24 -> 0x0
pci_cfg_read piix3-ide 00:01.0 @0x25 -> 0x0
pci_cfg_read piix3-ide 00:01.0 @0x26 -> 0x0
pci_cfg_read piix3-ide 00:01.0 @0x27 -> 0x0
pci_cfg_read piix3-ide 00:01.0 @0x28 -> 0x0
pci_cfg_read piix3-ide 00:01.0 @0x29 -> 0x0
pci_cfg_read piix3-ide 00:01.0 @0x2a -> 0x0
pci_cfg_read piix3-ide 00:01.0 @0x2b -> 0x0
pci_cfg_read piix3-ide 00:01.0 @0x2c -> 0xf4
pci_cfg_read piix3-ide 00:01.0 @0x2d -> 0x1a
pci_cfg_read piix3-ide 00:01.0 @0x2e -> 0x0
pci_cfg_read piix3-ide 00:01.0 @0x2f -> 0x11
pci_cfg_read piix3-ide 00:01.0 @0x30 -> 0x0
pci_cfg_read piix3-ide 00:01.0 @0x31 -> 0x0
pci_cfg_read piix3-ide 00:01.0 @0x32 -> 0x0
pci_cfg_read piix3-ide 00:01.0 @0x33 -> 0x0
pci_cfg_read piix3-ide 00:01.0 @0x34 -> 0x0
pci_cfg_read piix3-ide 00:01.0 @0x35 -> 0x0
pci_cfg_read piix3-ide 00:01.0 @0x36 -> 0x0
pci_cfg_read piix3-ide 00:01.0 @0x37 -> 0x0
pci_cfg_read piix3-ide 00:01.0 @0x38 -> 0x0
pci_cfg_read piix3-ide 00:01.0 @0x39 -> 0x0
pci_cfg_read piix3-ide 00:01.0 @0x3a -> 0x0
pci_cfg_read piix3-ide 00:01.0 @0x3b -> 0x0
pci_cfg_read piix3-ide 00:01.0 @0x3c -> 0xff
pci_cfg_read piix3-ide 00:01.0 @0x3d -> 0x0
pci_cfg_read piix3-ide 00:01.0 @0x3e -> 0x0
pci_cfg_read piix3-ide 00:01.0 @0x3f -> 0x0
pci_cfg_read piix3-ide 00:01.0 @0x0 -> 0x86
pci_cfg_read piix3-ide 00:01.0 @0x1 -> 0x80
pci_cfg_read piix3-ide 00:01.0 @0x2 -> 0x10
pci_cfg_read piix3-ide 00:01.0 @0x3 -> 0x70
pci_cfg_read piix3-ide 00:01.0 @0x4 -> 0x7
pci_cfg_read piix3-ide 00:01.0 @0x5 -> 0x0
pci_cfg_read piix3-ide 00:01.0 @0x6 -> 0x80
pci_cfg_read piix3-ide 00:01.0 @0x7 -> 0x2
pci_cfg_read piix3-ide 00:01.0 @0x8 -> 0x0
pci_cfg_read piix3-ide 00:01.0 @0x9 -> 0x80
pci_cfg_read piix3-ide 00:01.0 @0xa -> 0x1
pci_cfg_read piix3-ide 00:01.0 @0xb -> 0x1
pci_cfg_read piix3-ide 00:01.0 @0xc -> 0x0
pci_cfg_read piix3-ide 00:01.0 @0xd -> 0x0
pci_cfg_read piix3-ide 00:01.0 @0xe -> 0x0
pci_cfg_read piix3-ide 00:01.0 @0xf -> 0x0
pci_cfg_read piix3-ide 00:01.0 @0x10 -> 0x0
pci_cfg_read piix3-ide 00:01.0 @0x11 -> 0x0
pci_cfg_read piix3-ide 00:01.0 @0x12 -> 0x0
pci_cfg_read piix3-ide 00:01.0 @0x13 -> 0x0
pci_cfg_read piix3-ide 00:01.0 @0x14 -> 0x0
pci_cfg_read piix3-ide 00:01.0 @0x15 -> 0x0
pci_cfg_read piix3-ide 00:01.0 @0x16 -> 0x0
pci_cfg_read piix3-ide 00:01.0 @0x17 -> 0x0
pci_cfg_read piix3-ide 00:01.0 @0x18 -> 0x0
pci_cfg_read piix3-ide 00:01.0 @0x19 -> 0x0
pci_cfg_read piix3-ide 00:01.0 @0x1a -> 0x0
pci_cfg_read piix3-ide 00:01.0 @0x1b -> 0x0
pci_cfg_read piix3-ide 00:01.0 @0x1c -> 0x0
pci_cfg_read piix3-ide 00:01.0 @0x1d -> 0x0
pci_cfg_read piix3-ide 00:01.0 @0x1e -> 0x0
pci_cfg_read piix3-ide 00:01.0 @0x1f -> 0x0
pci_cfg_read piix3-ide 00:01.0 @0x20 -> 0x61
pci_cfg_read piix3-ide 00:01.0 @0x21 -> 0x60
pci_cfg_read piix3-ide 00:01.0 @0x22 -> 0x0
pci_cfg_read piix3-ide 00:01.0 @0x23 -> 0x0
pci_cfg_read piix3-ide 00:01.0 @0x24 -> 0x0
pci_cfg_read piix3-ide 00:01.0 @0x25 -> 0x0
pci_cfg_read piix3-ide 00:01.0 @0x26 -> 0x0
pci_cfg_read piix3-ide 00:01.0 @0x27 -> 0x0
pci_cfg_read piix3-ide 00:01.0 @0x28 -> 0x0
pci_cfg_read piix3-ide 00:01.0 @0x29 -> 0x0
pci_cfg_read piix3-ide 00:01.0 @0x2a -> 0x0
pci_cfg_read piix3-ide 00:01.0 @0x2b -> 0x0
pci_cfg_read piix3-ide 00:01.0 @0x2c -> 0xf4
pci_cfg_read piix3-ide 00:01.0 @0x2d -> 0x1a
pci_cfg_read piix3-ide 00:01.0 @0x2e -> 0x0
pci_cfg_read piix3-ide 00:01.0 @0x2f -> 0x11
pci_cfg_read piix3-ide 00:01.0 @0x30 -> 0x0
pci_cfg_read piix3-ide 00:01.0 @0x31 -> 0x0
pci_cfg_read piix3-ide 00:01.0 @0x32 -> 0x0
pci_cfg_read piix3-ide 00:01.0 @0x33 -> 0x0
pci_cfg_read piix3-ide 00:01.0 @0x34 -> 0x0
pci_cfg_read piix3-ide 00:01.0 @0x35 -> 0x0
pci_cfg_read piix3-ide 00:01.0 @0x36 -> 0x0
pci_cfg_read piix3-ide 00:01.0 @0x37 -> 0x0
pci_cfg_read piix3-ide 00:01.0 @0x38 -> 0x0
pci_cfg_read piix3-ide 00:01.0 @0x39 -> 0x0
pci_cfg_read piix3-ide 00:01.0 @0x3a -> 0x0
pci_cfg_read piix3-ide 00:01.0 @0x3b -> 0x0
pci_cfg_read piix3-ide 00:01.0 @0x3c -> 0xff
pci_cfg_read piix3-ide 00:01.0 @0x3d -> 0x0
pci_cfg_read piix3-ide 00:01.0 @0x3e -> 0x0
pci_cfg_read piix3-ide 00:01.0 @0x3f -> 0x0
virtio_pci_notify_write 0x0 = 0x0 (2)
virtio_queue_notify vdev 0x56246085deb0 n 0 vq 0x5624608689c0
virtio_blk_handle_read vdev 0x56246085deb0 req 0x7f1baca5b410 sector 0 nsectors 1
virtio_blk_rw_complete vdev 0x56246085deb0 req 0x7f1baca5b410 ret 0
virtio_blk_req_complete vdev 0x56246085deb0 req 0x7f1baca5b410 status 0
virtio_pci_notify_write 0x0 = 0x0 (2)
virtio_queue_notify vdev 0x56246085deb0 n 0 vq 0x5624608689c0
virtio_blk_handle_read vdev 0x56246085deb0 req 0x7f1baca5b690 sector 0 nsectors 1
virtio_blk_rw_complete vdev 0x56246085deb0 req 0x7f1baca5b690 ret 0
virtio_blk_req_complete vdev 0x56246085deb0 req 0x7f1baca5b690 status 0
virtio_pci_notify_write 0x0 = 0x0 (2)
virtio_queue_notify vdev 0x56246085deb0 n 0 vq 0x5624608689c0
virtio_blk_handle_read vdev 0x56246085deb0 req 0x7f1baca5b690 sector 0 nsectors 1
virtio_blk_rw_complete vdev 0x56246085deb0 req 0x7f1baca5b690 ret 0
virtio_blk_req_complete vdev 0x56246085deb0 req 0x7f1baca5b690 status 0
pci_cfg_read virtio-blk-pci 00:05.0 @0x9 -> 0x0
pci_cfg_read virtio-blk-pci 00:05.0 @0xa -> 0x0
pci_cfg_read virtio-blk-pci 00:05.0 @0xb -> 0x1
pci_cfg_read ICH9-SMB 00:1f.3 @0x9 -> 0x0
pci_cfg_read ICH9-SMB 00:1f.3 @0xa -> 0x5
pci_cfg_read ICH9-SMB 00:1f.3 @0xb -> 0xc
pci_cfg_read ICH9-SMB 00:1f.3 @0x9 -> 0x0
pci_cfg_read ICH9-SMB 00:1f.3 @0xa -> 0x5
pci_cfg_read ICH9-SMB 00:1f.3 @0xb -> 0xc
pci_cfg_read ICH9-SMB 00:1f.3 @0x9 -> 0x0
pci_cfg_read ICH9-SMB 00:1f.3 @0xa -> 0x5
pci_cfg_read ICH9-SMB 00:1f.3 @0xb -> 0xc
pci_cfg_read ICH9-SMB 00:1f.3 @0x9 -> 0x0
pci_cfg_read ICH9-SMB 00:1f.3 @0xa -> 0x5
pci_cfg_read ICH9-SMB 00:1f.3 @0xb -> 0xc
pci_cfg_read ICH9-SMB 00:1f.3 @0x0 -> 0x29308086
pci_cfg_read ICH9-SMB 00:1f.3 @0x4 -> 0x7
pci_cfg_read ICH9-SMB 00:1f.3 @0x8 -> 0xc050002
pci_cfg_read ICH9-SMB 00:1f.3 @0xc -> 0x800000
pci_cfg_read ICH9-SMB 00:1f.3 @0x10 -> 0x0
pci_cfg_read ICH9-SMB 00:1f.3 @0x14 -> 0x0
pci_cfg_read ICH9-SMB 00:1f.3 @0x18 -> 0x0
pci_cfg_read ICH9-SMB 00:1f.3 @0x1c -> 0x0
pci_cfg_read ICH9-SMB 00:1f.3 @0x20 -> 0x6001
pci_cfg_read ICH9-SMB 00:1f.3 @0x24 -> 0x0
pci_cfg_read ICH9-SMB 00:1f.3 @0x28 -> 0x0
pci_cfg_read ICH9-SMB 00:1f.3 @0x2c -> 0x11001af4
pci_cfg_read ICH9-SMB 00:1f.3 @0x30 -> 0x0
pci_cfg_read ICH9-SMB 00:1f.3 @0x34 -> 0x0
pci_cfg_read ICH9-SMB 00:1f.3 @0x38 -> 0x0
pci_cfg_read ICH9-SMB 00:1f.3 @0x3c -> 0x10a
pci_cfg_read ICH9-SMB 00:1f.3 @0x0 -> 0x29308086
pci_cfg_read ICH9-SMB 00:1f.3 @0x4 -> 0x7
pci_cfg_read ICH9-SMB 00:1f.3 @0x8 -> 0xc050002
pci_cfg_read ICH9-SMB 00:1f.3 @0xc -> 0x800000
pci_cfg_read ICH9-SMB 00:1f.3 @0x10 -> 0x0
pci_cfg_read ICH9-SMB 00:1f.3 @0x14 -> 0x0
pci_cfg_read ICH9-SMB 00:1f.3 @0x18 -> 0x0
pci_cfg_read ICH9-SMB 00:1f.3 @0x1c -> 0x0
pci_cfg_read ICH9-SMB 00:1f.3 @0x20 -> 0x6001
pci_cfg_read ICH9-SMB 00:1f.3 @0x24 -> 0x0
pci_cfg_read ICH9-SMB 00:1f.3 @0x28 -> 0x0
pci_cfg_read ICH9-SMB 00:1f.3 @0x2c -> 0x11001af4
pci_cfg_read ICH9-SMB 00:1f.3 @0x30 -> 0x0
pci_cfg_read ICH9-SMB 00:1f.3 @0x34 -> 0x0
pci_cfg_read ICH9-SMB 00:1f.3 @0x38 -> 0x0
pci_cfg_read ICH9-SMB 00:1f.3 @0x3c -> 0x10a
pci_cfg_read ICH9-SMB 00:1f.3 @0x0 -> 0x29308086
pci_cfg_read ICH9-SMB 00:1f.3 @0x4 -> 0x7
pci_cfg_read ICH9-SMB 00:1f.3 @0x8 -> 0xc050002
pci_cfg_read ICH9-SMB 00:1f.3 @0xc -> 0x800000
pci_cfg_read ICH9-SMB 00:1f.3 @0x10 -> 0x0
pci_cfg_read ICH9-SMB 00:1f.3 @0x14 -> 0x0
pci_cfg_read ICH9-SMB 00:1f.3 @0x18 -> 0x0
pci_cfg_read ICH9-SMB 00:1f.3 @0x1c -> 0x0
pci_cfg_read ICH9-SMB 00:1f.3 @0x20 -> 0x6001
pci_cfg_read ICH9-SMB 00:1f.3 @0x24 -> 0x0
pci_cfg_read ICH9-SMB 00:1f.3 @0x28 -> 0x0
pci_cfg_read ICH9-SMB 00:1f.3 @0x2c -> 0x11001af4
pci_cfg_read ICH9-SMB 00:1f.3 @0x30 -> 0x0
pci_cfg_read ICH9-SMB 00:1f.3 @0x34 -> 0x0
pci_cfg_read ICH9-SMB 00:1f.3 @0x38 -> 0x0
pci_cfg_read ICH9-SMB 00:1f.3 @0x3c -> 0x10a
pci_cfg_read ICH9-SMB 00:1f.3 @0x0 -> 0x29308086
pci_cfg_read ICH9-SMB 00:1f.3 @0x4 -> 0x7
pci_cfg_read ICH9-SMB 00:1f.3 @0x8 -> 0xc050002
pci_cfg_read ICH9-SMB 00:1f.3 @0xc -> 0x800000
pci_cfg_read ICH9-SMB 00:1f.3 @0x10 -> 0x0
pci_cfg_read ICH9-SMB 00:1f.3 @0x14 -> 0x0
pci_cfg_read ICH9-SMB 00:1f.3 @0x18 -> 0x0
pci_cfg_read ICH9-SMB 00:1f.3 @0x1c -> 0x0
pci_cfg_read ICH9-SMB 00:1f.3 @0x20 -> 0x6001
pci_cfg_read ICH9-SMB 00:1f.3 @0x24 -> 0x0
pci_cfg_read ICH9-SMB 00:1f.3 @0x28 -> 0x0
pci_cfg_read ICH9-SMB 00:1f.3 @0x2c -> 0x11001af4
pci_cfg_read ICH9-SMB 00:1f.3 @0x30 -> 0x0
pci_cfg_read ICH9-SMB 00:1f.3 @0x34 -> 0x0
pci_cfg_read ICH9-SMB 00:1f.3 @0x38 -> 0x0
pci_cfg_read ICH9-SMB 00:1f.3 @0x3c -> 0x10a
pci_cfg_read ICH9-SMB 00:1f.3 @0x0 -> 0x86
pci_cfg_read ICH9-SMB 00:1f.3 @0x1 -> 0x80
pci_cfg_read ICH9-SMB 00:1f.3 @0x2 -> 0x30
pci_cfg_read ICH9-SMB 00:1f.3 @0x3 -> 0x29
pci_cfg_read ICH9-SMB 00:1f.3 @0x4 -> 0x7
pci_cfg_read ICH9-SMB 00:1f.3 @0x5 -> 0x0
pci_cfg_read ICH9-SMB 00:1f.3 @0x6 -> 0x0
pci_cfg_read ICH9-SMB 00:1f.3 @0x7 -> 0x0
pci_cfg_read ICH9-SMB 00:1f.3 @0x8 -> 0x2
pci_cfg_read ICH9-SMB 00:1f.3 @0x9 -> 0x0
pci_cfg_read ICH9-SMB 00:1f.3 @0xa -> 0x5
pci_cfg_read ICH9-SMB 00:1f.3 @0xb -> 0xc
pci_cfg_read ICH9-SMB 00:1f.3 @0xc -> 0x0
pci_cfg_read ICH9-SMB 00:1f.3 @0xd -> 0x0
pci_cfg_read ICH9-SMB 00:1f.3 @0xe -> 0x80
pci_cfg_read ICH9-SMB 00:1f.3 @0xf -> 0x0
pci_cfg_read ICH9-SMB 00:1f.3 @0x10 -> 0x0
pci_cfg_read ICH9-SMB 00:1f.3 @0x11 -> 0x0
pci_cfg_read ICH9-SMB 00:1f.3 @0x12 -> 0x0
pci_cfg_read ICH9-SMB 00:1f.3 @0x13 -> 0x0
pci_cfg_read ICH9-SMB 00:1f.3 @0x14 -> 0x0
pci_cfg_read ICH9-SMB 00:1f.3 @0x15 -> 0x0
pci_cfg_read ICH9-SMB 00:1f.3 @0x16 -> 0x0
pci_cfg_read ICH9-SMB 00:1f.3 @0x17 -> 0x0
pci_cfg_read ICH9-SMB 00:1f.3 @0x18 -> 0x0
pci_cfg_read ICH9-SMB 00:1f.3 @0x19 -> 0x0
pci_cfg_read ICH9-SMB 00:1f.3 @0x1a -> 0x0
pci_cfg_read ICH9-SMB 00:1f.3 @0x1b -> 0x0
pci_cfg_read ICH9-SMB 00:1f.3 @0x1c -> 0x0
pci_cfg_read ICH9-SMB 00:1f.3 @0x1d -> 0x0
pci_cfg_read ICH9-SMB 00:1f.3 @0x1e -> 0x0
pci_cfg_read ICH9-SMB 00:1f.3 @0x1f -> 0x0
pci_cfg_read ICH9-SMB 00:1f.3 @0x20 -> 0x1
pci_cfg_read ICH9-SMB 00:1f.3 @0x21 -> 0x60
pci_cfg_read ICH9-SMB 00:1f.3 @0x22 -> 0x0
pci_cfg_read ICH9-SMB 00:1f.3 @0x23 -> 0x0
pci_cfg_read ICH9-SMB 00:1f.3 @0x24 -> 0x0
pci_cfg_read ICH9-SMB 00:1f.3 @0x25 -> 0x0
pci_cfg_read ICH9-SMB 00:1f.3 @0x26 -> 0x0
pci_cfg_read ICH9-SMB 00:1f.3 @0x27 -> 0x0
pci_cfg_read ICH9-SMB 00:1f.3 @0x28 -> 0x0
pci_cfg_read ICH9-SMB 00:1f.3 @0x29 -> 0x0
pci_cfg_read ICH9-SMB 00:1f.3 @0x2a -> 0x0
pci_cfg_read ICH9-SMB 00:1f.3 @0x2b -> 0x0
pci_cfg_read ICH9-SMB 00:1f.3 @0x2c -> 0xf4
pci_cfg_read ICH9-SMB 00:1f.3 @0x2d -> 0x1a
pci_cfg_read ICH9-SMB 00:1f.3 @0x2e -> 0x0
pci_cfg_read ICH9-SMB 00:1f.3 @0x2f -> 0x11
pci_cfg_read ICH9-SMB 00:1f.3 @0x30 -> 0x0
pci_cfg_read ICH9-SMB 00:1f.3 @0x31 -> 0x0
pci_cfg_read ICH9-SMB 00:1f.3 @0x32 -> 0x0
pci_cfg_read ICH9-SMB 00:1f.3 @0x33 -> 0x0
pci_cfg_read ICH9-SMB 00:1f.3 @0x34 -> 0x0
pci_cfg_read ICH9-SMB 00:1f.3 @0x35 -> 0x0
pci_cfg_read ICH9-SMB 00:1f.3 @0x36 -> 0x0
pci_cfg_read ICH9-SMB 00:1f.3 @0x37 -> 0x0
pci_cfg_read ICH9-SMB 00:1f.3 @0x38 -> 0x0
pci_cfg_read ICH9-SMB 00:1f.3 @0x39 -> 0x0
pci_cfg_read ICH9-SMB 00:1f.3 @0x3a -> 0x0
pci_cfg_read ICH9-SMB 00:1f.3 @0x3b -> 0x0
pci_cfg_read ICH9-SMB 00:1f.3 @0x3c -> 0xa
pci_cfg_read ICH9-SMB 00:1f.3 @0x3d -> 0x1
pci_cfg_read ICH9-SMB 00:1f.3 @0x3e -> 0x0
pci_cfg_read ICH9-SMB 00:1f.3 @0x3f -> 0x0
pci_cfg_read ICH9-SMB 00:1f.3 @0x0 -> 0x86
pci_cfg_read ICH9-SMB 00:1f.3 @0x1 -> 0x80
pci_cfg_read ICH9-SMB 00:1f.3 @0x2 -> 0x30
pci_cfg_read ICH9-SMB 00:1f.3 @0x3 -> 0x29
pci_cfg_read ICH9-SMB 00:1f.3 @0x4 -> 0x7
pci_cfg_read ICH9-SMB 00:1f.3 @0x5 -> 0x0
pci_cfg_read ICH9-SMB 00:1f.3 @0x6 -> 0x0
pci_cfg_read ICH9-SMB 00:1f.3 @0x7 -> 0x0
pci_cfg_read ICH9-SMB 00:1f.3 @0x8 -> 0x2
pci_cfg_read ICH9-SMB 00:1f.3 @0x9 -> 0x0
pci_cfg_read ICH9-SMB 00:1f.3 @0xa -> 0x5
pci_cfg_read ICH9-SMB 00:1f.3 @0xb -> 0xc
pci_cfg_read ICH9-SMB 00:1f.3 @0xc -> 0x0
pci_cfg_read ICH9-SMB 00:1f.3 @0xd -> 0x0
pci_cfg_read ICH9-SMB 00:1f.3 @0xe -> 0x80
pci_cfg_read ICH9-SMB 00:1f.3 @0xf -> 0x0
pci_cfg_read ICH9-SMB 00:1f.3 @0x10 -> 0x0
pci_cfg_read ICH9-SMB 00:1f.3 @0x11 -> 0x0
pci_cfg_read ICH9-SMB 00:1f.3 @0x12 -> 0x0
pci_cfg_read ICH9-SMB 00:1f.3 @0x13 -> 0x0
pci_cfg_read ICH9-SMB 00:1f.3 @0x14 -> 0x0
pci_cfg_read ICH9-SMB 00:1f.3 @0x15 -> 0x0
pci_cfg_read ICH9-SMB 00:1f.3 @0x16 -> 0x0
pci_cfg_read ICH9-SMB 00:1f.3 @0x17 -> 0x0
pci_cfg_read ICH9-SMB 00:1f.3 @0x18 -> 0x0
pci_cfg_read ICH9-SMB 00:1f.3 @0x19 -> 0x0
pci_cfg_read ICH9-SMB 00:1f.3 @0x1a -> 0x0
pci_cfg_read ICH9-SMB 00:1f.3 @0x1b -> 0x0
pci_cfg_read ICH9-SMB 00:1f.3 @0x1c -> 0x0
pci_cfg_read ICH9-SMB 00:1f.3 @0x1d -> 0x0
pci_cfg_read ICH9-SMB 00:1f.3 @0x1e -> 0x0
pci_cfg_read ICH9-SMB 00:1f.3 @0x1f -> 0x0
pci_cfg_read ICH9-SMB 00:1f.3 @0x20 -> 0x1
pci_cfg_read ICH9-SMB 00:1f.3 @0x21 -> 0x60
pci_cfg_read ICH9-SMB 00:1f.3 @0x22 -> 0x0
pci_cfg_read ICH9-SMB 00:1f.3 @0x23 -> 0x0
pci_cfg_read ICH9-SMB 00:1f.3 @0x24 -> 0x0
pci_cfg_read ICH9-SMB 00:1f.3 @0x25 -> 0x0
pci_cfg_read ICH9-SMB 00:1f.3 @0x26 -> 0x0
pci_cfg_read ICH9-SMB 00:1f.3 @0x27 -> 0x0
pci_cfg_read ICH9-SMB 00:1f.3 @0x28 -> 0x0
pci_cfg_read ICH9-SMB 00:1f.3 @0x29 -> 0x0
pci_cfg_read ICH9-SMB 00:1f.3 @0x2a -> 0x0
pci_cfg_read ICH9-SMB 00:1f.3 @0x2b -> 0x0
pci_cfg_read ICH9-SMB 00:1f.3 @0x2c -> 0xf4
pci_cfg_read ICH9-SMB 00:1f.3 @0x2d -> 0x1a
pci_cfg_read ICH9-SMB 00:1f.3 @0x2e -> 0x0
pci_cfg_read ICH9-SMB 00:1f.3 @0x2f -> 0x11
pci_cfg_read ICH9-SMB 00:1f.3 @0x30 -> 0x0
pci_cfg_read ICH9-SMB 00:1f.3 @0x31 -> 0x0
pci_cfg_read ICH9-SMB 00:1f.3 @0x32 -> 0x0
pci_cfg_read ICH9-SMB 00:1f.3 @0x33 -> 0x0
pci_cfg_read ICH9-SMB 00:1f.3 @0x34 -> 0x0
pci_cfg_read ICH9-SMB 00:1f.3 @0x35 -> 0x0
pci_cfg_read ICH9-SMB 00:1f.3 @0x36 -> 0x0
pci_cfg_read ICH9-SMB 00:1f.3 @0x37 -> 0x0
pci_cfg_read ICH9-SMB 00:1f.3 @0x38 -> 0x0
pci_cfg_read ICH9-SMB 00:1f.3 @0x39 -> 0x0
pci_cfg_read ICH9-SMB 00:1f.3 @0x3a -> 0x0
pci_cfg_read ICH9-SMB 00:1f.3 @0x3b -> 0x0
pci_cfg_read ICH9-SMB 00:1f.3 @0x3c -> 0xa
pci_cfg_read ICH9-SMB 00:1f.3 @0x3d -> 0x1
pci_cfg_read ICH9-SMB 00:1f.3 @0x3e -> 0x0
pci_cfg_read ICH9-SMB 00:1f.3 @0x3f -> 0x0
pci_cfg_read ICH9-SMB 00:1f.3 @0x9 -> 0x0
pci_cfg_read ICH9-SMB 00:1f.3 @0xa -> 0x5
pci_cfg_read ICH9-SMB 00:1f.3 @0xb -> 0xc
pci_cfg_read piix3-ide 00:01.0 @0x0 -> 0x86
pci_cfg_read piix3-ide 00:01.0 @0x1 -> 0x80
pci_cfg_read piix3-ide 00:01.0 @0x2 -> 0x10
pci_cfg_read piix3-ide 00:01.0 @0x3 -> 0x70
pci_cfg_read piix3-ide 00:01.0 @0x4 -> 0x7
pci_cfg_read piix3-ide 00:01.0 @0x5 -> 0x0
pci_cfg_read piix3-ide 00:01.0 @0x6 -> 0x80
pci_cfg_read piix3-ide 00:01.0 @0x7 -> 0x2
pci_cfg_read piix3-ide 00:01.0 @0x8 -> 0x0
pci_cfg_read piix3-ide 00:01.0 @0x9 -> 0x80
pci_cfg_read piix3-ide 00:01.0 @0xa -> 0x1
pci_cfg_read piix3-ide 00:01.0 @0xb -> 0x1
pci_cfg_read piix3-ide 00:01.0 @0xc -> 0x0
pci_cfg_read piix3-ide 00:01.0 @0xd -> 0x0
pci_cfg_read piix3-ide 00:01.0 @0xe -> 0x0
pci_cfg_read piix3-ide 00:01.0 @0xf -> 0x0
pci_cfg_read piix3-ide 00:01.0 @0x10 -> 0x0
pci_cfg_read piix3-ide 00:01.0 @0x11 -> 0x0
pci_cfg_read piix3-ide 00:01.0 @0x12 -> 0x0
pci_cfg_read piix3-ide 00:01.0 @0x13 -> 0x0
pci_cfg_read piix3-ide 00:01.0 @0x14 -> 0x0
pci_cfg_read piix3-ide 00:01.0 @0x15 -> 0x0
pci_cfg_read piix3-ide 00:01.0 @0x16 -> 0x0
pci_cfg_read piix3-ide 00:01.0 @0x17 -> 0x0
pci_cfg_read piix3-ide 00:01.0 @0x18 -> 0x0
pci_cfg_read piix3-ide 00:01.0 @0x19 -> 0x0
pci_cfg_read piix3-ide 00:01.0 @0x1a -> 0x0
pci_cfg_read piix3-ide 00:01.0 @0x1b -> 0x0
pci_cfg_read piix3-ide 00:01.0 @0x1c -> 0x0
pci_cfg_read piix3-ide 00:01.0 @0x1d -> 0x0
pci_cfg_read piix3-ide 00:01.0 @0x1e -> 0x0
pci_cfg_read piix3-ide 00:01.0 @0x1f -> 0x0
pci_cfg_read piix3-ide 00:01.0 @0x20 -> 0x61
pci_cfg_read piix3-ide 00:01.0 @0x21 -> 0x60
pci_cfg_read piix3-ide 00:01.0 @0x22 -> 0x0
pci_cfg_read piix3-ide 00:01.0 @0x23 -> 0x0
pci_cfg_read piix3-ide 00:01.0 @0x24 -> 0x0
pci_cfg_read piix3-ide 00:01.0 @0x25 -> 0x0
pci_cfg_read piix3-ide 00:01.0 @0x26 -> 0x0
pci_cfg_read piix3-ide 00:01.0 @0x27 -> 0x0
pci_cfg_read piix3-ide 00:01.0 @0x28 -> 0x0
pci_cfg_read piix3-ide 00:01.0 @0x29 -> 0x0
pci_cfg_read piix3-ide 00:01.0 @0x2a -> 0x0
pci_cfg_read piix3-ide 00:01.0 @0x2b -> 0x0
pci_cfg_read piix3-ide 00:01.0 @0x2c -> 0xf4
pci_cfg_read piix3-ide 00:01.0 @0x2d -> 0x1a
pci_cfg_read piix3-ide 00:01.0 @0x2e -> 0x0
pci_cfg_read piix3-ide 00:01.0 @0x2f -> 0x11
pci_cfg_read piix3-ide 00:01.0 @0x30 -> 0x0
pci_cfg_read piix3-ide 00:01.0 @0x31 -> 0x0
pci_cfg_read piix3-ide 00:01.0 @0x32 -> 0x0
pci_cfg_read piix3-ide 00:01.0 @0x33 -> 0x0
pci_cfg_read piix3-ide 00:01.0 @0x34 -> 0x0
pci_cfg_read piix3-ide 00:01.0 @0x35 -> 0x0
pci_cfg_read piix3-ide 00:01.0 @0x36 -> 0x0
pci_cfg_read piix3-ide 00:01.0 @0x37 -> 0x0
pci_cfg_read piix3-ide 00:01.0 @0x38 -> 0x0
pci_cfg_read piix3-ide 00:01.0 @0x39 -> 0x0
pci_cfg_read piix3-ide 00:01.0 @0x3a -> 0x0
pci_cfg_read piix3-ide 00:01.0 @0x3b -> 0x0
pci_cfg_read piix3-ide 00:01.0 @0x3c -> 0xff
pci_cfg_read piix3-ide 00:01.0 @0x3d -> 0x0
pci_cfg_read piix3-ide 00:01.0 @0x3e -> 0x0
pci_cfg_read piix3-ide 00:01.0 @0x3f -> 0x0
pci_cfg_read piix3-ide 00:01.0 @0x0 -> 0x86
pci_cfg_read piix3-ide 00:01.0 @0x1 -> 0x80
pci_cfg_read piix3-ide 00:01.0 @0x2 -> 0x10
pci_cfg_read piix3-ide 00:01.0 @0x3 -> 0x70
pci_cfg_read piix3-ide 00:01.0 @0x4 -> 0x7
pci_cfg_read piix3-ide 00:01.0 @0x5 -> 0x0
pci_cfg_read piix3-ide 00:01.0 @0x6 -> 0x80
pci_cfg_read piix3-ide 00:01.0 @0x7 -> 0x2
pci_cfg_read piix3-ide 00:01.0 @0x8 -> 0x0
pci_cfg_read piix3-ide 00:01.0 @0x9 -> 0x80
pci_cfg_read piix3-ide 00:01.0 @0xa -> 0x1
pci_cfg_read piix3-ide 00:01.0 @0xb -> 0x1
pci_cfg_read piix3-ide 00:01.0 @0xc -> 0x0
pci_cfg_read piix3-ide 00:01.0 @0xd -> 0x0
pci_cfg_read piix3-ide 00:01.0 @0xe -> 0x0
pci_cfg_read piix3-ide 00:01.0 @0xf -> 0x0
pci_cfg_read piix3-ide 00:01.0 @0x10 -> 0x0
pci_cfg_read piix3-ide 00:01.0 @0x11 -> 0x0
pci_cfg_read piix3-ide 00:01.0 @0x12 -> 0x0
pci_cfg_read piix3-ide 00:01.0 @0x13 -> 0x0
pci_cfg_read piix3-ide 00:01.0 @0x14 -> 0x0
pci_cfg_read piix3-ide 00:01.0 @0x15 -> 0x0
pci_cfg_read piix3-ide 00:01.0 @0x16 -> 0x0
pci_cfg_read piix3-ide 00:01.0 @0x17 -> 0x0
pci_cfg_read piix3-ide 00:01.0 @0x18 -> 0x0
pci_cfg_read piix3-ide 00:01.0 @0x19 -> 0x0
pci_cfg_read piix3-ide 00:01.0 @0x1a -> 0x0
pci_cfg_read piix3-ide 00:01.0 @0x1b -> 0x0
pci_cfg_read piix3-ide 00:01.0 @0x1c -> 0x0
pci_cfg_read piix3-ide 00:01.0 @0x1d -> 0x0
pci_cfg_read piix3-ide 00:01.0 @0x1e -> 0x0
pci_cfg_read piix3-ide 00:01.0 @0x1f -> 0x0
pci_cfg_read piix3-ide 00:01.0 @0x20 -> 0x61
pci_cfg_read piix3-ide 00:01.0 @0x21 -> 0x60
pci_cfg_read piix3-ide 00:01.0 @0x22 -> 0x0
pci_cfg_read piix3-ide 00:01.0 @0x23 -> 0x0
pci_cfg_read piix3-ide 00:01.0 @0x24 -> 0x0
pci_cfg_read piix3-ide 00:01.0 @0x25 -> 0x0
pci_cfg_read piix3-ide 00:01.0 @0x26 -> 0x0
pci_cfg_read piix3-ide 00:01.0 @0x27 -> 0x0
pci_cfg_read piix3-ide 00:01.0 @0x28 -> 0x0
pci_cfg_read piix3-ide 00:01.0 @0x29 -> 0x0
pci_cfg_read piix3-ide 00:01.0 @0x2a -> 0x0
pci_cfg_read piix3-ide 00:01.0 @0x2b -> 0x0
pci_cfg_read piix3-ide 00:01.0 @0x2c -> 0xf4
pci_cfg_read piix3-ide 00:01.0 @0x2d -> 0x1a
pci_cfg_read piix3-ide 00:01.0 @0x2e -> 0x0
pci_cfg_read piix3-ide 00:01.0 @0x2f -> 0x11
pci_cfg_read piix3-ide 00:01.0 @0x30 -> 0x0
pci_cfg_read piix3-ide 00:01.0 @0x31 -> 0x0
pci_cfg_read piix3-ide 00:01.0 @0x32 -> 0x0
pci_cfg_read piix3-ide 00:01.0 @0x33 -> 0x0
pci_cfg_read piix3-ide 00:01.0 @0x34 -> 0x0
pci_cfg_read piix3-ide 00:01.0 @0x35 -> 0x0
pci_cfg_read piix3-ide 00:01.0 @0x36 -> 0x0
pci_cfg_read piix3-ide 00:01.0 @0x37 -> 0x0
pci_cfg_read piix3-ide 00:01.0 @0x38 -> 0x0
pci_cfg_read piix3-ide 00:01.0 @0x39 -> 0x0
pci_cfg_read piix3-ide 00:01.0 @0x3a -> 0x0
pci_cfg_read piix3-ide 00:01.0 @0x3b -> 0x0
pci_cfg_read piix3-ide 00:01.0 @0x3c -> 0xff
pci_cfg_read piix3-ide 00:01.0 @0x3d -> 0x0
pci_cfg_read piix3-ide 00:01.0 @0x3e -> 0x0
pci_cfg_read piix3-ide 00:01.0 @0x3f -> 0x0
pci_cfg_read piix3-ide 00:01.0 @0x0 -> 0x86
pci_cfg_read piix3-ide 00:01.0 @0x1 -> 0x80
pci_cfg_read piix3-ide 00:01.0 @0x2 -> 0x10
pci_cfg_read piix3-ide 00:01.0 @0x3 -> 0x70
pci_cfg_read piix3-ide 00:01.0 @0x4 -> 0x7
pci_cfg_read piix3-ide 00:01.0 @0x5 -> 0x0
pci_cfg_read piix3-ide 00:01.0 @0x6 -> 0x80
pci_cfg_read piix3-ide 00:01.0 @0x7 -> 0x2
pci_cfg_read piix3-ide 00:01.0 @0x8 -> 0x0
pci_cfg_read piix3-ide 00:01.0 @0x9 -> 0x80
pci_cfg_read piix3-ide 00:01.0 @0xa -> 0x1
pci_cfg_read piix3-ide 00:01.0 @0xb -> 0x1
pci_cfg_read piix3-ide 00:01.0 @0xc -> 0x0
pci_cfg_read piix3-ide 00:01.0 @0xd -> 0x0
pci_cfg_read piix3-ide 00:01.0 @0xe -> 0x0
pci_cfg_read piix3-ide 00:01.0 @0xf -> 0x0
pci_cfg_read piix3-ide 00:01.0 @0x10 -> 0x0
pci_cfg_read piix3-ide 00:01.0 @0x11 -> 0x0
pci_cfg_read piix3-ide 00:01.0 @0x12 -> 0x0
pci_cfg_read piix3-ide 00:01.0 @0x13 -> 0x0
pci_cfg_read piix3-ide 00:01.0 @0x14 -> 0x0
pci_cfg_read piix3-ide 00:01.0 @0x15 -> 0x0
pci_cfg_read piix3-ide 00:01.0 @0x16 -> 0x0
pci_cfg_read piix3-ide 00:01.0 @0x17 -> 0x0
pci_cfg_read piix3-ide 00:01.0 @0x18 -> 0x0
pci_cfg_read piix3-ide 00:01.0 @0x19 -> 0x0
pci_cfg_read piix3-ide 00:01.0 @0x1a -> 0x0
pci_cfg_read piix3-ide 00:01.0 @0x1b -> 0x0
pci_cfg_read piix3-ide 00:01.0 @0x1c -> 0x0
pci_cfg_read piix3-ide 00:01.0 @0x1d -> 0x0
pci_cfg_read piix3-ide 00:01.0 @0x1e -> 0x0
pci_cfg_read piix3-ide 00:01.0 @0x1f -> 0x0
pci_cfg_read piix3-ide 00:01.0 @0x20 -> 0x61
pci_cfg_read piix3-ide 00:01.0 @0x21 -> 0x60
pci_cfg_read piix3-ide 00:01.0 @0x22 -> 0x0
pci_cfg_read piix3-ide 00:01.0 @0x23 -> 0x0
pci_cfg_read piix3-ide 00:01.0 @0x24 -> 0x0
pci_cfg_read piix3-ide 00:01.0 @0x25 -> 0x0
pci_cfg_read piix3-ide 00:01.0 @0x26 -> 0x0
pci_cfg_read piix3-ide 00:01.0 @0x27 -> 0x0
pci_cfg_read piix3-ide 00:01.0 @0x28 -> 0x0
pci_cfg_read piix3-ide 00:01.0 @0x29 -> 0x0
pci_cfg_read piix3-ide 00:01.0 @0x2a -> 0x0
pci_cfg_read piix3-ide 00:01.0 @0x2b -> 0x0
pci_cfg_read piix3-ide 00:01.0 @0x2c -> 0xf4
pci_cfg_read piix3-ide 00:01.0 @0x2d -> 0x1a
pci_cfg_read piix3-ide 00:01.0 @0x2e -> 0x0
pci_cfg_read piix3-ide 00:01.0 @0x2f -> 0x11
pci_cfg_read piix3-ide 00:01.0 @0x30 -> 0x0
pci_cfg_read piix3-ide 00:01.0 @0x31 -> 0x0
pci_cfg_read piix3-ide 00:01.0 @0x32 -> 0x0
pci_cfg_read piix3-ide 00:01.0 @0x33 -> 0x0
pci_cfg_read piix3-ide 00:01.0 @0x34 -> 0x0
pci_cfg_read piix3-ide 00:01.0 @0x35 -> 0x0
pci_cfg_read piix3-ide 00:01.0 @0x36 -> 0x0
pci_cfg_read piix3-ide 00:01.0 @0x37 -> 0x0
pci_cfg_read piix3-ide 00:01.0 @0x38 -> 0x0
pci_cfg_read piix3-ide 00:01.0 @0x39 -> 0x0
pci_cfg_read piix3-ide 00:01.0 @0x3a -> 0x0
pci_cfg_read piix3-ide 00:01.0 @0x3b -> 0x0
pci_cfg_read piix3-ide 00:01.0 @0x3c -> 0xff
pci_cfg_read piix3-ide 00:01.0 @0x3d -> 0x0
pci_cfg_read piix3-ide 00:01.0 @0x3e -> 0x0
pci_cfg_read piix3-ide 00:01.0 @0x3f -> 0x0
pci_cfg_read piix3-ide 00:01.0 @0x0 -> 0x86
pci_cfg_read piix3-ide 00:01.0 @0x1 -> 0x80
pci_cfg_read piix3-ide 00:01.0 @0x2 -> 0x10
pci_cfg_read piix3-ide 00:01.0 @0x3 -> 0x70
pci_cfg_read piix3-ide 00:01.0 @0x4 -> 0x7
pci_cfg_read piix3-ide 00:01.0 @0x5 -> 0x0
pci_cfg_read piix3-ide 00:01.0 @0x6 -> 0x80
pci_cfg_read piix3-ide 00:01.0 @0x7 -> 0x2
pci_cfg_read piix3-ide 00:01.0 @0x8 -> 0x0
pci_cfg_read piix3-ide 00:01.0 @0x9 -> 0x80
pci_cfg_read piix3-ide 00:01.0 @0xa -> 0x1
pci_cfg_read piix3-ide 00:01.0 @0xb -> 0x1
pci_cfg_read piix3-ide 00:01.0 @0xc -> 0x0
pci_cfg_read piix3-ide 00:01.0 @0xd -> 0x0
pci_cfg_read piix3-ide 00:01.0 @0xe -> 0x0
pci_cfg_read piix3-ide 00:01.0 @0xf -> 0x0
pci_cfg_read piix3-ide 00:01.0 @0x10 -> 0x0
pci_cfg_read piix3-ide 00:01.0 @0x11 -> 0x0
pci_cfg_read piix3-ide 00:01.0 @0x12 -> 0x0
pci_cfg_read piix3-ide 00:01.0 @0x13 -> 0x0
pci_cfg_read piix3-ide 00:01.0 @0x14 -> 0x0
pci_cfg_read piix3-ide 00:01.0 @0x15 -> 0x0
pci_cfg_read piix3-ide 00:01.0 @0x16 -> 0x0
pci_cfg_read piix3-ide 00:01.0 @0x17 -> 0x0
pci_cfg_read piix3-ide 00:01.0 @0x18 -> 0x0
pci_cfg_read piix3-ide 00:01.0 @0x19 -> 0x0
pci_cfg_read piix3-ide 00:01.0 @0x1a -> 0x0
pci_cfg_read piix3-ide 00:01.0 @0x1b -> 0x0
pci_cfg_read piix3-ide 00:01.0 @0x1c -> 0x0
pci_cfg_read piix3-ide 00:01.0 @0x1d -> 0x0
pci_cfg_read piix3-ide 00:01.0 @0x1e -> 0x0
pci_cfg_read piix3-ide 00:01.0 @0x1f -> 0x0
pci_cfg_read piix3-ide 00:01.0 @0x20 -> 0x61
pci_cfg_read piix3-ide 00:01.0 @0x21 -> 0x60
pci_cfg_read piix3-ide 00:01.0 @0x22 -> 0x0
pci_cfg_read piix3-ide 00:01.0 @0x23 -> 0x0
pci_cfg_read piix3-ide 00:01.0 @0x24 -> 0x0
pci_cfg_read piix3-ide 00:01.0 @0x25 -> 0x0
pci_cfg_read piix3-ide 00:01.0 @0x26 -> 0x0
pci_cfg_read piix3-ide 00:01.0 @0x27 -> 0x0
pci_cfg_read piix3-ide 00:01.0 @0x28 -> 0x0
pci_cfg_read piix3-ide 00:01.0 @0x29 -> 0x0
pci_cfg_read piix3-ide 00:01.0 @0x2a -> 0x0
pci_cfg_read piix3-ide 00:01.0 @0x2b -> 0x0
pci_cfg_read piix3-ide 00:01.0 @0x2c -> 0xf4
pci_cfg_read piix3-ide 00:01.0 @0x2d -> 0x1a
pci_cfg_read piix3-ide 00:01.0 @0x2e -> 0x0
pci_cfg_read piix3-ide 00:01.0 @0x2f -> 0x11
pci_cfg_read piix3-ide 00:01.0 @0x30 -> 0x0
pci_cfg_read piix3-ide 00:01.0 @0x31 -> 0x0
pci_cfg_read piix3-ide 00:01.0 @0x32 -> 0x0
pci_cfg_read piix3-ide 00:01.0 @0x33 -> 0x0
pci_cfg_read piix3-ide 00:01.0 @0x34 -> 0x0
pci_cfg_read piix3-ide 00:01.0 @0x35 -> 0x0
pci_cfg_read piix3-ide 00:01.0 @0x36 -> 0x0
pci_cfg_read piix3-ide 00:01.0 @0x37 -> 0x0
pci_cfg_read piix3-ide 00:01.0 @0x38 -> 0x0
pci_cfg_read piix3-ide 00:01.0 @0x39 -> 0x0
pci_cfg_read piix3-ide 00:01.0 @0x3a -> 0x0
pci_cfg_read piix3-ide 00:01.0 @0x3b -> 0x0
pci_cfg_read piix3-ide 00:01.0 @0x3c -> 0xff
pci_cfg_read piix3-ide 00:01.0 @0x3d -> 0x0
pci_cfg_read piix3-ide 00:01.0 @0x3e -> 0x0
pci_cfg_read piix3-ide 00:01.0 @0x3f -> 0x0
pci_cfg_read piix3-ide 00:01.0 @0x0 -> 0x86
pci_cfg_read piix3-ide 00:01.0 @0x1 -> 0x80
pci_cfg_read piix3-ide 00:01.0 @0x2 -> 0x10
pci_cfg_read piix3-ide 00:01.0 @0x3 -> 0x70
pci_cfg_read piix3-ide 00:01.0 @0x4 -> 0x7
pci_cfg_read piix3-ide 00:01.0 @0x5 -> 0x0
pci_cfg_read piix3-ide 00:01.0 @0x6 -> 0x80
pci_cfg_read piix3-ide 00:01.0 @0x7 -> 0x2
pci_cfg_read piix3-ide 00:01.0 @0x8 -> 0x0
pci_cfg_read piix3-ide 00:01.0 @0x9 -> 0x80
pci_cfg_read piix3-ide 00:01.0 @0xa -> 0x1
pci_cfg_read piix3-ide 00:01.0 @0xb -> 0x1
pci_cfg_read piix3-ide 00:01.0 @0xc -> 0x0
pci_cfg_read piix3-ide 00:01.0 @0xd -> 0x0
pci_cfg_read piix3-ide 00:01.0 @0xe -> 0x0
pci_cfg_read piix3-ide 00:01.0 @0xf -> 0x0
pci_cfg_read piix3-ide 00:01.0 @0x10 -> 0x0
pci_cfg_read piix3-ide 00:01.0 @0x11 -> 0x0
pci_cfg_read piix3-ide 00:01.0 @0x12 -> 0x0
pci_cfg_read piix3-ide 00:01.0 @0x13 -> 0x0
pci_cfg_read piix3-ide 00:01.0 @0x14 -> 0x0
pci_cfg_read piix3-ide 00:01.0 @0x15 -> 0x0
pci_cfg_read piix3-ide 00:01.0 @0x16 -> 0x0
pci_cfg_read piix3-ide 00:01.0 @0x17 -> 0x0
pci_cfg_read piix3-ide 00:01.0 @0x18 -> 0x0
pci_cfg_read piix3-ide 00:01.0 @0x19 -> 0x0
pci_cfg_read piix3-ide 00:01.0 @0x1a -> 0x0
pci_cfg_read piix3-ide 00:01.0 @0x1b -> 0x0
pci_cfg_read piix3-ide 00:01.0 @0x1c -> 0x0
pci_cfg_read piix3-ide 00:01.0 @0x1d -> 0x0
pci_cfg_read piix3-ide 00:01.0 @0x1e -> 0x0
pci_cfg_read piix3-ide 00:01.0 @0x1f -> 0x0
pci_cfg_read piix3-ide 00:01.0 @0x20 -> 0x61
pci_cfg_read piix3-ide 00:01.0 @0x21 -> 0x60
pci_cfg_read piix3-ide 00:01.0 @0x22 -> 0x0
pci_cfg_read piix3-ide 00:01.0 @0x23 -> 0x0
pci_cfg_read piix3-ide 00:01.0 @0x24 -> 0x0
pci_cfg_read piix3-ide 00:01.0 @0x25 -> 0x0
pci_cfg_read piix3-ide 00:01.0 @0x26 -> 0x0
pci_cfg_read piix3-ide 00:01.0 @0x27 -> 0x0
pci_cfg_read piix3-ide 00:01.0 @0x28 -> 0x0
pci_cfg_read piix3-ide 00:01.0 @0x29 -> 0x0
pci_cfg_read piix3-ide 00:01.0 @0x2a -> 0x0
pci_cfg_read piix3-ide 00:01.0 @0x2b -> 0x0
pci_cfg_read piix3-ide 00:01.0 @0x2c -> 0xf4
pci_cfg_read piix3-ide 00:01.0 @0x2d -> 0x1a
pci_cfg_read piix3-ide 00:01.0 @0x2e -> 0x0
pci_cfg_read piix3-ide 00:01.0 @0x2f -> 0x11
pci_cfg_read piix3-ide 00:01.0 @0x30 -> 0x0
pci_cfg_read piix3-ide 00:01.0 @0x31 -> 0x0
pci_cfg_read piix3-ide 00:01.0 @0x32 -> 0x0
pci_cfg_read piix3-ide 00:01.0 @0x33 -> 0x0
pci_cfg_read piix3-ide 00:01.0 @0x34 -> 0x0
pci_cfg_read piix3-ide 00:01.0 @0x35 -> 0x0
pci_cfg_read piix3-ide 00:01.0 @0x36 -> 0x0
pci_cfg_read piix3-ide 00:01.0 @0x37 -> 0x0
pci_cfg_read piix3-ide 00:01.0 @0x38 -> 0x0
pci_cfg_read piix3-ide 00:01.0 @0x39 -> 0x0
pci_cfg_read piix3-ide 00:01.0 @0x3a -> 0x0
pci_cfg_read piix3-ide 00:01.0 @0x3b -> 0x0
pci_cfg_read piix3-ide 00:01.0 @0x3c -> 0xff
pci_cfg_read piix3-ide 00:01.0 @0x3d -> 0x0
pci_cfg_read piix3-ide 00:01.0 @0x3e -> 0x0
pci_cfg_read piix3-ide 00:01.0 @0x3f -> 0x0
pci_cfg_read piix3-ide 00:01.0 @0x0 -> 0x86
pci_cfg_read piix3-ide 00:01.0 @0x1 -> 0x80
pci_cfg_read piix3-ide 00:01.0 @0x2 -> 0x10
pci_cfg_read piix3-ide 00:01.0 @0x3 -> 0x70
pci_cfg_read piix3-ide 00:01.0 @0x4 -> 0x7
pci_cfg_read piix3-ide 00:01.0 @0x5 -> 0x0
pci_cfg_read piix3-ide 00:01.0 @0x6 -> 0x80
pci_cfg_read piix3-ide 00:01.0 @0x7 -> 0x2
pci_cfg_read piix3-ide 00:01.0 @0x8 -> 0x0
pci_cfg_read piix3-ide 00:01.0 @0x9 -> 0x80
pci_cfg_read piix3-ide 00:01.0 @0xa -> 0x1
pci_cfg_read piix3-ide 00:01.0 @0xb -> 0x1
pci_cfg_read piix3-ide 00:01.0 @0xc -> 0x0
pci_cfg_read piix3-ide 00:01.0 @0xd -> 0x0
pci_cfg_read piix3-ide 00:01.0 @0xe -> 0x0
pci_cfg_read piix3-ide 00:01.0 @0xf -> 0x0
pci_cfg_read piix3-ide 00:01.0 @0x10 -> 0x0
pci_cfg_read piix3-ide 00:01.0 @0x11 -> 0x0
pci_cfg_read piix3-ide 00:01.0 @0x12 -> 0x0
pci_cfg_read piix3-ide 00:01.0 @0x13 -> 0x0
pci_cfg_read piix3-ide 00:01.0 @0x14 -> 0x0
pci_cfg_read piix3-ide 00:01.0 @0x15 -> 0x0
pci_cfg_read piix3-ide 00:01.0 @0x16 -> 0x0
pci_cfg_read piix3-ide 00:01.0 @0x17 -> 0x0
pci_cfg_read piix3-ide 00:01.0 @0x18 -> 0x0
pci_cfg_read piix3-ide 00:01.0 @0x19 -> 0x0
pci_cfg_read piix3-ide 00:01.0 @0x1a -> 0x0
pci_cfg_read piix3-ide 00:01.0 @0x1b -> 0x0
pci_cfg_read piix3-ide 00:01.0 @0x1c -> 0x0
pci_cfg_read piix3-ide 00:01.0 @0x1d -> 0x0
pci_cfg_read piix3-ide 00:01.0 @0x1e -> 0x0
pci_cfg_read piix3-ide 00:01.0 @0x1f -> 0x0
pci_cfg_read piix3-ide 00:01.0 @0x20 -> 0x61
pci_cfg_read piix3-ide 00:01.0 @0x21 -> 0x60
pci_cfg_read piix3-ide 00:01.0 @0x22 -> 0x0
pci_cfg_read piix3-ide 00:01.0 @0x23 -> 0x0
pci_cfg_read piix3-ide 00:01.0 @0x24 -> 0x0
pci_cfg_read piix3-ide 00:01.0 @0x25 -> 0x0
pci_cfg_read piix3-ide 00:01.0 @0x26 -> 0x0
pci_cfg_read piix3-ide 00:01.0 @0x27 -> 0x0
pci_cfg_read piix3-ide 00:01.0 @0x28 -> 0x0
pci_cfg_read piix3-ide 00:01.0 @0x29 -> 0x0
pci_cfg_read piix3-ide 00:01.0 @0x2a -> 0x0
pci_cfg_read piix3-ide 00:01.0 @0x2b -> 0x0
pci_cfg_read piix3-ide 00:01.0 @0x2c -> 0xf4
pci_cfg_read piix3-ide 00:01.0 @0x2d -> 0x1a
pci_cfg_read piix3-ide 00:01.0 @0x2e -> 0x0
pci_cfg_read piix3-ide 00:01.0 @0x2f -> 0x11
pci_cfg_read piix3-ide 00:01.0 @0x30 -> 0x0
pci_cfg_read piix3-ide 00:01.0 @0x31 -> 0x0
pci_cfg_read piix3-ide 00:01.0 @0x32 -> 0x0
pci_cfg_read piix3-ide 00:01.0 @0x33 -> 0x0
pci_cfg_read piix3-ide 00:01.0 @0x34 -> 0x0
pci_cfg_read piix3-ide 00:01.0 @0x35 -> 0x0
pci_cfg_read piix3-ide 00:01.0 @0x36 -> 0x0
pci_cfg_read piix3-ide 00:01.0 @0x37 -> 0x0
pci_cfg_read piix3-ide 00:01.0 @0x38 -> 0x0
pci_cfg_read piix3-ide 00:01.0 @0x39 -> 0x0
pci_cfg_read piix3-ide 00:01.0 @0x3a -> 0x0
pci_cfg_read piix3-ide 00:01.0 @0x3b -> 0x0
pci_cfg_read piix3-ide 00:01.0 @0x3c -> 0xff
pci_cfg_read piix3-ide 00:01.0 @0x3d -> 0x0
pci_cfg_read piix3-ide 00:01.0 @0x3e -> 0x0
pci_cfg_read piix3-ide 00:01.0 @0x3f -> 0x0
pci_cfg_read piix3-ide 00:01.0 @0x0 -> 0x86
pci_cfg_read piix3-ide 00:01.0 @0x1 -> 0x80
pci_cfg_read piix3-ide 00:01.0 @0x2 -> 0x10
pci_cfg_read piix3-ide 00:01.0 @0x3 -> 0x70
pci_cfg_read piix3-ide 00:01.0 @0x4 -> 0x7
pci_cfg_read piix3-ide 00:01.0 @0x5 -> 0x0
pci_cfg_read piix3-ide 00:01.0 @0x6 -> 0x80
pci_cfg_read piix3-ide 00:01.0 @0x7 -> 0x2
pci_cfg_read piix3-ide 00:01.0 @0x8 -> 0x0
pci_cfg_read piix3-ide 00:01.0 @0x9 -> 0x80
pci_cfg_read piix3-ide 00:01.0 @0xa -> 0x1
pci_cfg_read piix3-ide 00:01.0 @0xb -> 0x1
pci_cfg_read piix3-ide 00:01.0 @0xc -> 0x0
pci_cfg_read piix3-ide 00:01.0 @0xd -> 0x0
pci_cfg_read piix3-ide 00:01.0 @0xe -> 0x0
pci_cfg_read piix3-ide 00:01.0 @0xf -> 0x0
pci_cfg_read piix3-ide 00:01.0 @0x10 -> 0x0
pci_cfg_read piix3-ide 00:01.0 @0x11 -> 0x0
pci_cfg_read piix3-ide 00:01.0 @0x12 -> 0x0
pci_cfg_read piix3-ide 00:01.0 @0x13 -> 0x0
pci_cfg_read piix3-ide 00:01.0 @0x14 -> 0x0
pci_cfg_read piix3-ide 00:01.0 @0x15 -> 0x0
pci_cfg_read piix3-ide 00:01.0 @0x16 -> 0x0
pci_cfg_read piix3-ide 00:01.0 @0x17 -> 0x0
pci_cfg_read piix3-ide 00:01.0 @0x18 -> 0x0
pci_cfg_read piix3-ide 00:01.0 @0x19 -> 0x0
pci_cfg_read piix3-ide 00:01.0 @0x1a -> 0x0
pci_cfg_read piix3-ide 00:01.0 @0x1b -> 0x0
pci_cfg_read piix3-ide 00:01.0 @0x1c -> 0x0
pci_cfg_read piix3-ide 00:01.0 @0x1d -> 0x0
pci_cfg_read piix3-ide 00:01.0 @0x1e -> 0x0
pci_cfg_read piix3-ide 00:01.0 @0x1f -> 0x0
pci_cfg_read piix3-ide 00:01.0 @0x20 -> 0x61
pci_cfg_read piix3-ide 00:01.0 @0x21 -> 0x60
pci_cfg_read piix3-ide 00:01.0 @0x22 -> 0x0
pci_cfg_read piix3-ide 00:01.0 @0x23 -> 0x0
pci_cfg_read piix3-ide 00:01.0 @0x24 -> 0x0
pci_cfg_read piix3-ide 00:01.0 @0x25 -> 0x0
pci_cfg_read piix3-ide 00:01.0 @0x26 -> 0x0
pci_cfg_read piix3-ide 00:01.0 @0x27 -> 0x0
pci_cfg_read piix3-ide 00:01.0 @0x28 -> 0x0
pci_cfg_read piix3-ide 00:01.0 @0x29 -> 0x0
pci_cfg_read piix3-ide 00:01.0 @0x2a -> 0x0
pci_cfg_read piix3-ide 00:01.0 @0x2b -> 0x0
pci_cfg_read piix3-ide 00:01.0 @0x2c -> 0xf4
pci_cfg_read piix3-ide 00:01.0 @0x2d -> 0x1a
pci_cfg_read piix3-ide 00:01.0 @0x2e -> 0x0
pci_cfg_read piix3-ide 00:01.0 @0x2f -> 0x11
pci_cfg_read piix3-ide 00:01.0 @0x30 -> 0x0
pci_cfg_read piix3-ide 00:01.0 @0x31 -> 0x0
pci_cfg_read piix3-ide 00:01.0 @0x32 -> 0x0
pci_cfg_read piix3-ide 00:01.0 @0x33 -> 0x0
pci_cfg_read piix3-ide 00:01.0 @0x34 -> 0x0
pci_cfg_read piix3-ide 00:01.0 @0x35 -> 0x0
pci_cfg_read piix3-ide 00:01.0 @0x36 -> 0x0
pci_cfg_read piix3-ide 00:01.0 @0x37 -> 0x0
pci_cfg_read piix3-ide 00:01.0 @0x38 -> 0x0
pci_cfg_read piix3-ide 00:01.0 @0x39 -> 0x0
pci_cfg_read piix3-ide 00:01.0 @0x3a -> 0x0
pci_cfg_read piix3-ide 00:01.0 @0x3b -> 0x0
pci_cfg_read piix3-ide 00:01.0 @0x3c -> 0xff
pci_cfg_read piix3-ide 00:01.0 @0x3d -> 0x0
pci_cfg_read piix3-ide 00:01.0 @0x3e -> 0x0
pci_cfg_read piix3-ide 00:01.0 @0x3f -> 0x0
pci_cfg_read piix3-ide 00:01.0 @0x0 -> 0x86
pci_cfg_read piix3-ide 00:01.0 @0x1 -> 0x80
pci_cfg_read piix3-ide 00:01.0 @0x2 -> 0x10
pci_cfg_read piix3-ide 00:01.0 @0x3 -> 0x70
pci_cfg_read piix3-ide 00:01.0 @0x4 -> 0x7
pci_cfg_read piix3-ide 00:01.0 @0x5 -> 0x0
pci_cfg_read piix3-ide 00:01.0 @0x6 -> 0x80
pci_cfg_read piix3-ide 00:01.0 @0x7 -> 0x2
pci_cfg_read piix3-ide 00:01.0 @0x8 -> 0x0
pci_cfg_read piix3-ide 00:01.0 @0x9 -> 0x80
pci_cfg_read piix3-ide 00:01.0 @0xa -> 0x1
pci_cfg_read piix3-ide 00:01.0 @0xb -> 0x1
pci_cfg_read piix3-ide 00:01.0 @0xc -> 0x0
pci_cfg_read piix3-ide 00:01.0 @0xd -> 0x0
pci_cfg_read piix3-ide 00:01.0 @0xe -> 0x0
pci_cfg_read piix3-ide 00:01.0 @0xf -> 0x0
pci_cfg_read piix3-ide 00:01.0 @0x10 -> 0x0
pci_cfg_read piix3-ide 00:01.0 @0x11 -> 0x0
pci_cfg_read piix3-ide 00:01.0 @0x12 -> 0x0
pci_cfg_read piix3-ide 00:01.0 @0x13 -> 0x0
pci_cfg_read piix3-ide 00:01.0 @0x14 -> 0x0
pci_cfg_read piix3-ide 00:01.0 @0x15 -> 0x0
pci_cfg_read piix3-ide 00:01.0 @0x16 -> 0x0
pci_cfg_read piix3-ide 00:01.0 @0x17 -> 0x0
pci_cfg_read piix3-ide 00:01.0 @0x18 -> 0x0
pci_cfg_read piix3-ide 00:01.0 @0x19 -> 0x0
pci_cfg_read piix3-ide 00:01.0 @0x1a -> 0x0
pci_cfg_read piix3-ide 00:01.0 @0x1b -> 0x0
pci_cfg_read piix3-ide 00:01.0 @0x1c -> 0x0
pci_cfg_read piix3-ide 00:01.0 @0x1d -> 0x0
pci_cfg_read piix3-ide 00:01.0 @0x1e -> 0x0
pci_cfg_read piix3-ide 00:01.0 @0x1f -> 0x0
pci_cfg_read piix3-ide 00:01.0 @0x20 -> 0x61
pci_cfg_read piix3-ide 00:01.0 @0x21 -> 0x60
pci_cfg_read piix3-ide 00:01.0 @0x22 -> 0x0
pci_cfg_read piix3-ide 00:01.0 @0x23 -> 0x0
pci_cfg_read piix3-ide 00:01.0 @0x24 -> 0x0
pci_cfg_read piix3-ide 00:01.0 @0x25 -> 0x0
pci_cfg_read piix3-ide 00:01.0 @0x26 -> 0x0
pci_cfg_read piix3-ide 00:01.0 @0x27 -> 0x0
pci_cfg_read piix3-ide 00:01.0 @0x28 -> 0x0
pci_cfg_read piix3-ide 00:01.0 @0x29 -> 0x0
pci_cfg_read piix3-ide 00:01.0 @0x2a -> 0x0
pci_cfg_read piix3-ide 00:01.0 @0x2b -> 0x0
pci_cfg_read piix3-ide 00:01.0 @0x2c -> 0xf4
pci_cfg_read piix3-ide 00:01.0 @0x2d -> 0x1a
pci_cfg_read piix3-ide 00:01.0 @0x2e -> 0x0
pci_cfg_read piix3-ide 00:01.0 @0x2f -> 0x11
pci_cfg_read piix3-ide 00:01.0 @0x30 -> 0x0
pci_cfg_read piix3-ide 00:01.0 @0x31 -> 0x0
pci_cfg_read piix3-ide 00:01.0 @0x32 -> 0x0
pci_cfg_read piix3-ide 00:01.0 @0x33 -> 0x0
pci_cfg_read piix3-ide 00:01.0 @0x34 -> 0x0
pci_cfg_read piix3-ide 00:01.0 @0x35 -> 0x0
pci_cfg_read piix3-ide 00:01.0 @0x36 -> 0x0
pci_cfg_read piix3-ide 00:01.0 @0x37 -> 0x0
pci_cfg_read piix3-ide 00:01.0 @0x38 -> 0x0
pci_cfg_read piix3-ide 00:01.0 @0x39 -> 0x0
pci_cfg_read piix3-ide 00:01.0 @0x3a -> 0x0
pci_cfg_read piix3-ide 00:01.0 @0x3b -> 0x0
pci_cfg_read piix3-ide 00:01.0 @0x3c -> 0xff
pci_cfg_read piix3-ide 00:01.0 @0x3d -> 0x0
pci_cfg_read piix3-ide 00:01.0 @0x3e -> 0x0
pci_cfg_read piix3-ide 00:01.0 @0x3f -> 0x0
pci_cfg_read piix3-ide 00:01.0 @0x0 -> 0x86
pci_cfg_read piix3-ide 00:01.0 @0x1 -> 0x80
pci_cfg_read piix3-ide 00:01.0 @0x2 -> 0x10
pci_cfg_read piix3-ide 00:01.0 @0x3 -> 0x70
pci_cfg_read piix3-ide 00:01.0 @0x4 -> 0x7
pci_cfg_read piix3-ide 00:01.0 @0x5 -> 0x0
pci_cfg_read piix3-ide 00:01.0 @0x6 -> 0x80
pci_cfg_read piix3-ide 00:01.0 @0x7 -> 0x2
pci_cfg_read piix3-ide 00:01.0 @0x8 -> 0x0
pci_cfg_read piix3-ide 00:01.0 @0x9 -> 0x80
pci_cfg_read piix3-ide 00:01.0 @0xa -> 0x1
pci_cfg_read piix3-ide 00:01.0 @0xb -> 0x1
pci_cfg_read piix3-ide 00:01.0 @0xc -> 0x0
pci_cfg_read piix3-ide 00:01.0 @0xd -> 0x0
pci_cfg_read piix3-ide 00:01.0 @0xe -> 0x0
pci_cfg_read piix3-ide 00:01.0 @0xf -> 0x0
pci_cfg_read piix3-ide 00:01.0 @0x10 -> 0x0
pci_cfg_read piix3-ide 00:01.0 @0x11 -> 0x0
pci_cfg_read piix3-ide 00:01.0 @0x12 -> 0x0
pci_cfg_read piix3-ide 00:01.0 @0x13 -> 0x0
pci_cfg_read piix3-ide 00:01.0 @0x14 -> 0x0
pci_cfg_read piix3-ide 00:01.0 @0x15 -> 0x0
pci_cfg_read piix3-ide 00:01.0 @0x16 -> 0x0
pci_cfg_read piix3-ide 00:01.0 @0x17 -> 0x0
pci_cfg_read piix3-ide 00:01.0 @0x18 -> 0x0
pci_cfg_read piix3-ide 00:01.0 @0x19 -> 0x0
pci_cfg_read piix3-ide 00:01.0 @0x1a -> 0x0
pci_cfg_read piix3-ide 00:01.0 @0x1b -> 0x0
pci_cfg_read piix3-ide 00:01.0 @0x1c -> 0x0
pci_cfg_read piix3-ide 00:01.0 @0x1d -> 0x0
pci_cfg_read piix3-ide 00:01.0 @0x1e -> 0x0
pci_cfg_read piix3-ide 00:01.0 @0x1f -> 0x0
pci_cfg_read piix3-ide 00:01.0 @0x20 -> 0x61
pci_cfg_read piix3-ide 00:01.0 @0x21 -> 0x60
pci_cfg_read piix3-ide 00:01.0 @0x22 -> 0x0
pci_cfg_read piix3-ide 00:01.0 @0x23 -> 0x0
pci_cfg_read piix3-ide 00:01.0 @0x24 -> 0x0
pci_cfg_read piix3-ide 00:01.0 @0x25 -> 0x0
pci_cfg_read piix3-ide 00:01.0 @0x26 -> 0x0
pci_cfg_read piix3-ide 00:01.0 @0x27 -> 0x0
pci_cfg_read piix3-ide 00:01.0 @0x28 -> 0x0
pci_cfg_read piix3-ide 00:01.0 @0x29 -> 0x0
pci_cfg_read piix3-ide 00:01.0 @0x2a -> 0x0
pci_cfg_read piix3-ide 00:01.0 @0x2b -> 0x0
pci_cfg_read piix3-ide 00:01.0 @0x2c -> 0xf4
pci_cfg_read piix3-ide 00:01.0 @0x2d -> 0x1a
pci_cfg_read piix3-ide 00:01.0 @0x2e -> 0x0
pci_cfg_read piix3-ide 00:01.0 @0x2f -> 0x11
pci_cfg_read piix3-ide 00:01.0 @0x30 -> 0x0
pci_cfg_read piix3-ide 00:01.0 @0x31 -> 0x0
pci_cfg_read piix3-ide 00:01.0 @0x32 -> 0x0
pci_cfg_read piix3-ide 00:01.0 @0x33 -> 0x0
pci_cfg_read piix3-ide 00:01.0 @0x34 -> 0x0
pci_cfg_read piix3-ide 00:01.0 @0x35 -> 0x0
pci_cfg_read piix3-ide 00:01.0 @0x36 -> 0x0
pci_cfg_read piix3-ide 00:01.0 @0x37 -> 0x0
pci_cfg_read piix3-ide 00:01.0 @0x38 -> 0x0
pci_cfg_read piix3-ide 00:01.0 @0x39 -> 0x0
pci_cfg_read piix3-ide 00:01.0 @0x3a -> 0x0
pci_cfg_read piix3-ide 00:01.0 @0x3b -> 0x0
pci_cfg_read piix3-ide 00:01.0 @0x3c -> 0xff
pci_cfg_read piix3-ide 00:01.0 @0x3d -> 0x0
pci_cfg_read piix3-ide 00:01.0 @0x3e -> 0x0
pci_cfg_read piix3-ide 00:01.0 @0x3f -> 0x0
pci_cfg_read piix3-ide 00:01.0 @0x0 -> 0x86
pci_cfg_read piix3-ide 00:01.0 @0x1 -> 0x80
pci_cfg_read piix3-ide 00:01.0 @0x2 -> 0x10
pci_cfg_read piix3-ide 00:01.0 @0x3 -> 0x70
pci_cfg_read piix3-ide 00:01.0 @0x4 -> 0x7
pci_cfg_read piix3-ide 00:01.0 @0x5 -> 0x0
pci_cfg_read piix3-ide 00:01.0 @0x6 -> 0x80
pci_cfg_read piix3-ide 00:01.0 @0x7 -> 0x2
pci_cfg_read piix3-ide 00:01.0 @0x8 -> 0x0
pci_cfg_read piix3-ide 00:01.0 @0x9 -> 0x80
pci_cfg_read piix3-ide 00:01.0 @0xa -> 0x1
pci_cfg_read piix3-ide 00:01.0 @0xb -> 0x1
pci_cfg_read piix3-ide 00:01.0 @0xc -> 0x0
pci_cfg_read piix3-ide 00:01.0 @0xd -> 0x0
pci_cfg_read piix3-ide 00:01.0 @0xe -> 0x0
pci_cfg_read piix3-ide 00:01.0 @0xf -> 0x0
pci_cfg_read piix3-ide 00:01.0 @0x10 -> 0x0
pci_cfg_read piix3-ide 00:01.0 @0x11 -> 0x0
pci_cfg_read piix3-ide 00:01.0 @0x12 -> 0x0
pci_cfg_read piix3-ide 00:01.0 @0x13 -> 0x0
pci_cfg_read piix3-ide 00:01.0 @0x14 -> 0x0
pci_cfg_read piix3-ide 00:01.0 @0x15 -> 0x0
pci_cfg_read piix3-ide 00:01.0 @0x16 -> 0x0
pci_cfg_read piix3-ide 00:01.0 @0x17 -> 0x0
pci_cfg_read piix3-ide 00:01.0 @0x18 -> 0x0
pci_cfg_read piix3-ide 00:01.0 @0x19 -> 0x0
pci_cfg_read piix3-ide 00:01.0 @0x1a -> 0x0
pci_cfg_read piix3-ide 00:01.0 @0x1b -> 0x0
pci_cfg_read piix3-ide 00:01.0 @0x1c -> 0x0
pci_cfg_read piix3-ide 00:01.0 @0x1d -> 0x0
pci_cfg_read piix3-ide 00:01.0 @0x1e -> 0x0
pci_cfg_read piix3-ide 00:01.0 @0x1f -> 0x0
pci_cfg_read piix3-ide 00:01.0 @0x20 -> 0x61
pci_cfg_read piix3-ide 00:01.0 @0x21 -> 0x60
pci_cfg_read piix3-ide 00:01.0 @0x22 -> 0x0
pci_cfg_read piix3-ide 00:01.0 @0x23 -> 0x0
pci_cfg_read piix3-ide 00:01.0 @0x24 -> 0x0
pci_cfg_read piix3-ide 00:01.0 @0x25 -> 0x0
pci_cfg_read piix3-ide 00:01.0 @0x26 -> 0x0
pci_cfg_read piix3-ide 00:01.0 @0x27 -> 0x0
pci_cfg_read piix3-ide 00:01.0 @0x28 -> 0x0
pci_cfg_read piix3-ide 00:01.0 @0x29 -> 0x0
pci_cfg_read piix3-ide 00:01.0 @0x2a -> 0x0
pci_cfg_read piix3-ide 00:01.0 @0x2b -> 0x0
pci_cfg_read piix3-ide 00:01.0 @0x2c -> 0xf4
pci_cfg_read piix3-ide 00:01.0 @0x2d -> 0x1a
pci_cfg_read piix3-ide 00:01.0 @0x2e -> 0x0
pci_cfg_read piix3-ide 00:01.0 @0x2f -> 0x11
pci_cfg_read piix3-ide 00:01.0 @0x30 -> 0x0
pci_cfg_read piix3-ide 00:01.0 @0x31 -> 0x0
pci_cfg_read piix3-ide 00:01.0 @0x32 -> 0x0
pci_cfg_read piix3-ide 00:01.0 @0x33 -> 0x0
pci_cfg_read piix3-ide 00:01.0 @0x34 -> 0x0
pci_cfg_read piix3-ide 00:01.0 @0x35 -> 0x0
pci_cfg_read piix3-ide 00:01.0 @0x36 -> 0x0
pci_cfg_read piix3-ide 00:01.0 @0x37 -> 0x0
pci_cfg_read piix3-ide 00:01.0 @0x38 -> 0x0
pci_cfg_read piix3-ide 00:01.0 @0x39 -> 0x0
pci_cfg_read piix3-ide 00:01.0 @0x3a -> 0x0
pci_cfg_read piix3-ide 00:01.0 @0x3b -> 0x0
pci_cfg_read piix3-ide 00:01.0 @0x3c -> 0xff
pci_cfg_read piix3-ide 00:01.0 @0x3d -> 0x0
pci_cfg_read piix3-ide 00:01.0 @0x3e -> 0x0
pci_cfg_read piix3-ide 00:01.0 @0x3f -> 0x0
pci_cfg_read mch 00:00.0 @0x9 -> 0x0
pci_cfg_read mch 00:00.0 @0xa -> 0x0
pci_cfg_read mch 00:00.0 @0xb -> 0x6
pci_cfg_read piix3-ide 00:01.0 @0x9 -> 0x80
pci_cfg_read piix3-ide 00:01.0 @0xa -> 0x1
pci_cfg_read piix3-ide 00:01.0 @0xb -> 0x1
pci_cfg_read virtio-blk-pci 00:05.0 @0x9 -> 0x0
pci_cfg_read virtio-blk-pci 00:05.0 @0xa -> 0x0
pci_cfg_read virtio-blk-pci 00:05.0 @0xb -> 0x1
pci_cfg_read ICH9-LPC 00:1f.0 @0x9 -> 0x0
pci_cfg_read ICH9-LPC 00:1f.0 @0xa -> 0x1
pci_cfg_read ICH9-LPC 00:1f.0 @0xb -> 0x6
pci_cfg_read ich9-ahci 00:1f.2 @0x9 -> 0x1
pci_cfg_read ich9-ahci 00:1f.2 @0xa -> 0x6
pci_cfg_read ich9-ahci 00:1f.2 @0xb -> 0x1
pci_cfg_read ICH9-SMB 00:1f.3 @0x9 -> 0x0
pci_cfg_read ICH9-SMB 00:1f.3 @0xa -> 0x5
pci_cfg_read ICH9-SMB 00:1f.3 @0xb -> 0xc
pci_cfg_read piix3-ide 00:01.0 @0x0 -> 0x86
pci_cfg_read piix3-ide 00:01.0 @0x1 -> 0x80
pci_cfg_read piix3-ide 00:01.0 @0x2 -> 0x10
pci_cfg_read piix3-ide 00:01.0 @0x3 -> 0x70
pci_cfg_read piix3-ide 00:01.0 @0x4 -> 0x7
pci_cfg_read piix3-ide 00:01.0 @0x5 -> 0x0
pci_cfg_read piix3-ide 00:01.0 @0x6 -> 0x80
pci_cfg_read piix3-ide 00:01.0 @0x7 -> 0x2
pci_cfg_read piix3-ide 00:01.0 @0x8 -> 0x0
pci_cfg_read piix3-ide 00:01.0 @0x9 -> 0x80
pci_cfg_read piix3-ide 00:01.0 @0xa -> 0x1
pci_cfg_read piix3-ide 00:01.0 @0xb -> 0x1
pci_cfg_read piix3-ide 00:01.0 @0xc -> 0x0
pci_cfg_read piix3-ide 00:01.0 @0xd -> 0x0
pci_cfg_read piix3-ide 00:01.0 @0xe -> 0x0
pci_cfg_read piix3-ide 00:01.0 @0xf -> 0x0
pci_cfg_read piix3-ide 00:01.0 @0x10 -> 0x0
pci_cfg_read piix3-ide 00:01.0 @0x11 -> 0x0
pci_cfg_read piix3-ide 00:01.0 @0x12 -> 0x0
pci_cfg_read piix3-ide 00:01.0 @0x13 -> 0x0
pci_cfg_read piix3-ide 00:01.0 @0x14 -> 0x0
pci_cfg_read piix3-ide 00:01.0 @0x15 -> 0x0
pci_cfg_read piix3-ide 00:01.0 @0x16 -> 0x0
pci_cfg_read piix3-ide 00:01.0 @0x17 -> 0x0
pci_cfg_read piix3-ide 00:01.0 @0x18 -> 0x0
pci_cfg_read piix3-ide 00:01.0 @0x19 -> 0x0
pci_cfg_read piix3-ide 00:01.0 @0x1a -> 0x0
pci_cfg_read piix3-ide 00:01.0 @0x1b -> 0x0
pci_cfg_read piix3-ide 00:01.0 @0x1c -> 0x0
pci_cfg_read piix3-ide 00:01.0 @0x1d -> 0x0
pci_cfg_read piix3-ide 00:01.0 @0x1e -> 0x0
pci_cfg_read piix3-ide 00:01.0 @0x1f -> 0x0
pci_cfg_read piix3-ide 00:01.0 @0x20 -> 0x61
pci_cfg_read piix3-ide 00:01.0 @0x21 -> 0x60
pci_cfg_read piix3-ide 00:01.0 @0x22 -> 0x0
pci_cfg_read piix3-ide 00:01.0 @0x23 -> 0x0
pci_cfg_read piix3-ide 00:01.0 @0x24 -> 0x0
pci_cfg_read piix3-ide 00:01.0 @0x25 -> 0x0
pci_cfg_read piix3-ide 00:01.0 @0x26 -> 0x0
pci_cfg_read piix3-ide 00:01.0 @0x27 -> 0x0
pci_cfg_read piix3-ide 00:01.0 @0x28 -> 0x0
pci_cfg_read piix3-ide 00:01.0 @0x29 -> 0x0
pci_cfg_read piix3-ide 00:01.0 @0x2a -> 0x0
pci_cfg_read piix3-ide 00:01.0 @0x2b -> 0x0
pci_cfg_read piix3-ide 00:01.0 @0x2c -> 0xf4
pci_cfg_read piix3-ide 00:01.0 @0x2d -> 0x1a
pci_cfg_read piix3-ide 00:01.0 @0x2e -> 0x0
pci_cfg_read piix3-ide 00:01.0 @0x2f -> 0x11
pci_cfg_read piix3-ide 00:01.0 @0x30 -> 0x0
pci_cfg_read piix3-ide 00:01.0 @0x31 -> 0x0
pci_cfg_read piix3-ide 00:01.0 @0x32 -> 0x0
pci_cfg_read piix3-ide 00:01.0 @0x33 -> 0x0
pci_cfg_read piix3-ide 00:01.0 @0x34 -> 0x0
pci_cfg_read piix3-ide 00:01.0 @0x35 -> 0x0
pci_cfg_read piix3-ide 00:01.0 @0x36 -> 0x0
pci_cfg_read piix3-ide 00:01.0 @0x37 -> 0x0
pci_cfg_read piix3-ide 00:01.0 @0x38 -> 0x0
pci_cfg_read piix3-ide 00:01.0 @0x39 -> 0x0
pci_cfg_read piix3-ide 00:01.0 @0x3a -> 0x0
pci_cfg_read piix3-ide 00:01.0 @0x3b -> 0x0
pci_cfg_read piix3-ide 00:01.0 @0x3c -> 0xff
pci_cfg_read piix3-ide 00:01.0 @0x3d -> 0x0
pci_cfg_read piix3-ide 00:01.0 @0x3e -> 0x0
pci_cfg_read piix3-ide 00:01.0 @0x3f -> 0x0
pci_cfg_read piix3-ide 00:01.0 @0x0 -> 0x86
pci_cfg_read piix3-ide 00:01.0 @0x1 -> 0x80
pci_cfg_read piix3-ide 00:01.0 @0x2 -> 0x10
pci_cfg_read piix3-ide 00:01.0 @0x3 -> 0x70
pci_cfg_read piix3-ide 00:01.0 @0x4 -> 0x7
pci_cfg_read piix3-ide 00:01.0 @0x5 -> 0x0
pci_cfg_read piix3-ide 00:01.0 @0x6 -> 0x80
pci_cfg_read piix3-ide 00:01.0 @0x7 -> 0x2
pci_cfg_read piix3-ide 00:01.0 @0x8 -> 0x0
pci_cfg_read piix3-ide 00:01.0 @0x9 -> 0x80
pci_cfg_read piix3-ide 00:01.0 @0xa -> 0x1
pci_cfg_read piix3-ide 00:01.0 @0xb -> 0x1
pci_cfg_read piix3-ide 00:01.0 @0xc -> 0x0
pci_cfg_read piix3-ide 00:01.0 @0xd -> 0x0
pci_cfg_read piix3-ide 00:01.0 @0xe -> 0x0
pci_cfg_read piix3-ide 00:01.0 @0xf -> 0x0
pci_cfg_read piix3-ide 00:01.0 @0x10 -> 0x0
pci_cfg_read piix3-ide 00:01.0 @0x11 -> 0x0
pci_cfg_read piix3-ide 00:01.0 @0x12 -> 0x0
pci_cfg_read piix3-ide 00:01.0 @0x13 -> 0x0
pci_cfg_read piix3-ide 00:01.0 @0x14 -> 0x0
pci_cfg_read piix3-ide 00:01.0 @0x15 -> 0x0
pci_cfg_read piix3-ide 00:01.0 @0x16 -> 0x0
pci_cfg_read piix3-ide 00:01.0 @0x17 -> 0x0
pci_cfg_read piix3-ide 00:01.0 @0x18 -> 0x0
pci_cfg_read piix3-ide 00:01.0 @0x19 -> 0x0
pci_cfg_read piix3-ide 00:01.0 @0x1a -> 0x0
pci_cfg_read piix3-ide 00:01.0 @0x1b -> 0x0
pci_cfg_read piix3-ide 00:01.0 @0x1c -> 0x0
pci_cfg_read piix3-ide 00:01.0 @0x1d -> 0x0
pci_cfg_read piix3-ide 00:01.0 @0x1e -> 0x0
pci_cfg_read piix3-ide 00:01.0 @0x1f -> 0x0
pci_cfg_read piix3-ide 00:01.0 @0x20 -> 0x61
pci_cfg_read piix3-ide 00:01.0 @0x21 -> 0x60
pci_cfg_read piix3-ide 00:01.0 @0x22 -> 0x0
pci_cfg_read piix3-ide 00:01.0 @0x23 -> 0x0
pci_cfg_read piix3-ide 00:01.0 @0x24 -> 0x0
pci_cfg_read piix3-ide 00:01.0 @0x25 -> 0x0
pci_cfg_read piix3-ide 00:01.0 @0x26 -> 0x0
pci_cfg_read piix3-ide 00:01.0 @0x27 -> 0x0
pci_cfg_read piix3-ide 00:01.0 @0x28 -> 0x0
pci_cfg_read piix3-ide 00:01.0 @0x29 -> 0x0
pci_cfg_read piix3-ide 00:01.0 @0x2a -> 0x0
pci_cfg_read piix3-ide 00:01.0 @0x2b -> 0x0
pci_cfg_read piix3-ide 00:01.0 @0x2c -> 0xf4
pci_cfg_read piix3-ide 00:01.0 @0x2d -> 0x1a
pci_cfg_read piix3-ide 00:01.0 @0x2e -> 0x0
pci_cfg_read piix3-ide 00:01.0 @0x2f -> 0x11
pci_cfg_read piix3-ide 00:01.0 @0x30 -> 0x0
pci_cfg_read piix3-ide 00:01.0 @0x31 -> 0x0
pci_cfg_read piix3-ide 00:01.0 @0x32 -> 0x0
pci_cfg_read piix3-ide 00:01.0 @0x33 -> 0x0
pci_cfg_read piix3-ide 00:01.0 @0x34 -> 0x0
pci_cfg_read piix3-ide 00:01.0 @0x35 -> 0x0
pci_cfg_read piix3-ide 00:01.0 @0x36 -> 0x0
pci_cfg_read piix3-ide 00:01.0 @0x37 -> 0x0
pci_cfg_read piix3-ide 00:01.0 @0x38 -> 0x0
pci_cfg_read piix3-ide 00:01.0 @0x39 -> 0x0
pci_cfg_read piix3-ide 00:01.0 @0x3a -> 0x0
pci_cfg_read piix3-ide 00:01.0 @0x3b -> 0x0
pci_cfg_read piix3-ide 00:01.0 @0x3c -> 0xff
pci_cfg_read piix3-ide 00:01.0 @0x3d -> 0x0
pci_cfg_read piix3-ide 00:01.0 @0x3e -> 0x0
pci_cfg_read piix3-ide 00:01.0 @0x3f -> 0x0
pci_cfg_read piix3-ide 00:01.0 @0x0 -> 0x86
pci_cfg_read piix3-ide 00:01.0 @0x1 -> 0x80
pci_cfg_read piix3-ide 00:01.0 @0x2 -> 0x10
pci_cfg_read piix3-ide 00:01.0 @0x3 -> 0x70
pci_cfg_read piix3-ide 00:01.0 @0x4 -> 0x7
pci_cfg_read piix3-ide 00:01.0 @0x5 -> 0x0
pci_cfg_read piix3-ide 00:01.0 @0x6 -> 0x80
pci_cfg_read piix3-ide 00:01.0 @0x7 -> 0x2
pci_cfg_read piix3-ide 00:01.0 @0x8 -> 0x0
pci_cfg_read piix3-ide 00:01.0 @0x9 -> 0x80
pci_cfg_read piix3-ide 00:01.0 @0xa -> 0x1
pci_cfg_read piix3-ide 00:01.0 @0xb -> 0x1
pci_cfg_read piix3-ide 00:01.0 @0xc -> 0x0
pci_cfg_read piix3-ide 00:01.0 @0xd -> 0x0
pci_cfg_read piix3-ide 00:01.0 @0xe -> 0x0
pci_cfg_read piix3-ide 00:01.0 @0xf -> 0x0
pci_cfg_read piix3-ide 00:01.0 @0x10 -> 0x0
pci_cfg_read piix3-ide 00:01.0 @0x11 -> 0x0
pci_cfg_read piix3-ide 00:01.0 @0x12 -> 0x0
pci_cfg_read piix3-ide 00:01.0 @0x13 -> 0x0
pci_cfg_read piix3-ide 00:01.0 @0x14 -> 0x0
pci_cfg_read piix3-ide 00:01.0 @0x15 -> 0x0
pci_cfg_read piix3-ide 00:01.0 @0x16 -> 0x0
pci_cfg_read piix3-ide 00:01.0 @0x17 -> 0x0
pci_cfg_read piix3-ide 00:01.0 @0x18 -> 0x0
pci_cfg_read piix3-ide 00:01.0 @0x19 -> 0x0
pci_cfg_read piix3-ide 00:01.0 @0x1a -> 0x0
pci_cfg_read piix3-ide 00:01.0 @0x1b -> 0x0
pci_cfg_read piix3-ide 00:01.0 @0x1c -> 0x0
pci_cfg_read piix3-ide 00:01.0 @0x1d -> 0x0
pci_cfg_read piix3-ide 00:01.0 @0x1e -> 0x0
pci_cfg_read piix3-ide 00:01.0 @0x1f -> 0x0
pci_cfg_read piix3-ide 00:01.0 @0x20 -> 0x61
pci_cfg_read piix3-ide 00:01.0 @0x21 -> 0x60
pci_cfg_read piix3-ide 00:01.0 @0x22 -> 0x0
pci_cfg_read piix3-ide 00:01.0 @0x23 -> 0x0
pci_cfg_read piix3-ide 00:01.0 @0x24 -> 0x0
pci_cfg_read piix3-ide 00:01.0 @0x25 -> 0x0
pci_cfg_read piix3-ide 00:01.0 @0x26 -> 0x0
pci_cfg_read piix3-ide 00:01.0 @0x27 -> 0x0
pci_cfg_read piix3-ide 00:01.0 @0x28 -> 0x0
pci_cfg_read piix3-ide 00:01.0 @0x29 -> 0x0
pci_cfg_read piix3-ide 00:01.0 @0x2a -> 0x0
pci_cfg_read piix3-ide 00:01.0 @0x2b -> 0x0
pci_cfg_read piix3-ide 00:01.0 @0x2c -> 0xf4
pci_cfg_read piix3-ide 00:01.0 @0x2d -> 0x1a
pci_cfg_read piix3-ide 00:01.0 @0x2e -> 0x0
pci_cfg_read piix3-ide 00:01.0 @0x2f -> 0x11
pci_cfg_read piix3-ide 00:01.0 @0x30 -> 0x0
pci_cfg_read piix3-ide 00:01.0 @0x31 -> 0x0
pci_cfg_read piix3-ide 00:01.0 @0x32 -> 0x0
pci_cfg_read piix3-ide 00:01.0 @0x33 -> 0x0
pci_cfg_read piix3-ide 00:01.0 @0x34 -> 0x0
pci_cfg_read piix3-ide 00:01.0 @0x35 -> 0x0
pci_cfg_read piix3-ide 00:01.0 @0x36 -> 0x0
pci_cfg_read piix3-ide 00:01.0 @0x37 -> 0x0
pci_cfg_read piix3-ide 00:01.0 @0x38 -> 0x0
pci_cfg_read piix3-ide 00:01.0 @0x39 -> 0x0
pci_cfg_read piix3-ide 00:01.0 @0x3a -> 0x0
pci_cfg_read piix3-ide 00:01.0 @0x3b -> 0x0
pci_cfg_read piix3-ide 00:01.0 @0x3c -> 0xff
pci_cfg_read piix3-ide 00:01.0 @0x3d -> 0x0
pci_cfg_read piix3-ide 00:01.0 @0x3e -> 0x0
pci_cfg_read piix3-ide 00:01.0 @0x3f -> 0x0
pci_cfg_read piix3-ide 00:01.0 @0x0 -> 0x86
pci_cfg_read piix3-ide 00:01.0 @0x1 -> 0x80
pci_cfg_read piix3-ide 00:01.0 @0x2 -> 0x10
pci_cfg_read piix3-ide 00:01.0 @0x3 -> 0x70
pci_cfg_read piix3-ide 00:01.0 @0x4 -> 0x7
pci_cfg_read piix3-ide 00:01.0 @0x5 -> 0x0
pci_cfg_read piix3-ide 00:01.0 @0x6 -> 0x80
pci_cfg_read piix3-ide 00:01.0 @0x7 -> 0x2
pci_cfg_read piix3-ide 00:01.0 @0x8 -> 0x0
pci_cfg_read piix3-ide 00:01.0 @0x9 -> 0x80
pci_cfg_read piix3-ide 00:01.0 @0xa -> 0x1
pci_cfg_read piix3-ide 00:01.0 @0xb -> 0x1
pci_cfg_read piix3-ide 00:01.0 @0xc -> 0x0
pci_cfg_read piix3-ide 00:01.0 @0xd -> 0x0
pci_cfg_read piix3-ide 00:01.0 @0xe -> 0x0
pci_cfg_read piix3-ide 00:01.0 @0xf -> 0x0
pci_cfg_read piix3-ide 00:01.0 @0x10 -> 0x0
pci_cfg_read piix3-ide 00:01.0 @0x11 -> 0x0
pci_cfg_read piix3-ide 00:01.0 @0x12 -> 0x0
pci_cfg_read piix3-ide 00:01.0 @0x13 -> 0x0
pci_cfg_read piix3-ide 00:01.0 @0x14 -> 0x0
pci_cfg_read piix3-ide 00:01.0 @0x15 -> 0x0
pci_cfg_read piix3-ide 00:01.0 @0x16 -> 0x0
pci_cfg_read piix3-ide 00:01.0 @0x17 -> 0x0
pci_cfg_read piix3-ide 00:01.0 @0x18 -> 0x0
pci_cfg_read piix3-ide 00:01.0 @0x19 -> 0x0
pci_cfg_read piix3-ide 00:01.0 @0x1a -> 0x0
pci_cfg_read piix3-ide 00:01.0 @0x1b -> 0x0
pci_cfg_read piix3-ide 00:01.0 @0x1c -> 0x0
pci_cfg_read piix3-ide 00:01.0 @0x1d -> 0x0
pci_cfg_read piix3-ide 00:01.0 @0x1e -> 0x0
pci_cfg_read piix3-ide 00:01.0 @0x1f -> 0x0
pci_cfg_read piix3-ide 00:01.0 @0x20 -> 0x61
pci_cfg_read piix3-ide 00:01.0 @0x21 -> 0x60
pci_cfg_read piix3-ide 00:01.0 @0x22 -> 0x0
pci_cfg_read piix3-ide 00:01.0 @0x23 -> 0x0
pci_cfg_read piix3-ide 00:01.0 @0x24 -> 0x0
pci_cfg_read piix3-ide 00:01.0 @0x25 -> 0x0
pci_cfg_read piix3-ide 00:01.0 @0x26 -> 0x0
pci_cfg_read piix3-ide 00:01.0 @0x27 -> 0x0
pci_cfg_read piix3-ide 00:01.0 @0x28 -> 0x0
pci_cfg_read piix3-ide 00:01.0 @0x29 -> 0x0
pci_cfg_read piix3-ide 00:01.0 @0x2a -> 0x0
pci_cfg_read piix3-ide 00:01.0 @0x2b -> 0x0
pci_cfg_read piix3-ide 00:01.0 @0x2c -> 0xf4
pci_cfg_read piix3-ide 00:01.0 @0x2d -> 0x1a
pci_cfg_read piix3-ide 00:01.0 @0x2e -> 0x0
pci_cfg_read piix3-ide 00:01.0 @0x2f -> 0x11
pci_cfg_read piix3-ide 00:01.0 @0x30 -> 0x0
pci_cfg_read piix3-ide 00:01.0 @0x31 -> 0x0
pci_cfg_read piix3-ide 00:01.0 @0x32 -> 0x0
pci_cfg_read piix3-ide 00:01.0 @0x33 -> 0x0
pci_cfg_read piix3-ide 00:01.0 @0x34 -> 0x0
pci_cfg_read piix3-ide 00:01.0 @0x35 -> 0x0
pci_cfg_read piix3-ide 00:01.0 @0x36 -> 0x0
pci_cfg_read piix3-ide 00:01.0 @0x37 -> 0x0
pci_cfg_read piix3-ide 00:01.0 @0x38 -> 0x0
pci_cfg_read piix3-ide 00:01.0 @0x39 -> 0x0
pci_cfg_read piix3-ide 00:01.0 @0x3a -> 0x0
pci_cfg_read piix3-ide 00:01.0 @0x3b -> 0x0
pci_cfg_read piix3-ide 00:01.0 @0x3c -> 0xff
pci_cfg_read piix3-ide 00:01.0 @0x3d -> 0x0
pci_cfg_read piix3-ide 00:01.0 @0x3e -> 0x0
pci_cfg_read piix3-ide 00:01.0 @0x3f -> 0x0
virtio_pci_notify_write 0x0 = 0x0 (2)
virtio_queue_notify vdev 0x56246085deb0 n 0 vq 0x5624608689c0
virtio_blk_handle_read vdev 0x56246085deb0 req 0x7f1bac99daa0 sector 0 nsectors 1
virtio_blk_rw_complete vdev 0x56246085deb0 req 0x7f1bac99daa0 ret 0
virtio_blk_req_complete vdev 0x56246085deb0 req 0x7f1bac99daa0 status 0
virtio_pci_notify_write 0x0 = 0x0 (2)
virtio_queue_notify vdev 0x56246085deb0 n 0 vq 0x5624608689c0
virtio_blk_handle_read vdev 0x56246085deb0 req 0x7f1bac99daa0 sector 0 nsectors 1
virtio_blk_rw_complete vdev 0x56246085deb0 req 0x7f1bac99daa0 ret 0
virtio_blk_req_complete vdev 0x56246085deb0 req 0x7f1bac99daa0 status 0
virtio_pci_notify_write 0x0 = 0x0 (2)
virtio_queue_notify vdev 0x56246085deb0 n 0 vq 0x5624608689c0
virtio_blk_handle_read vdev 0x56246085deb0 req 0x7f1bac99daa0 sector 0 nsectors 1
virtio_blk_rw_complete vdev 0x56246085deb0 req 0x7f1bac99daa0 ret 0
virtio_blk_req_complete vdev 0x56246085deb0 req 0x7f1bac99daa0 status 0
virtio_pci_notify_write 0x0 = 0x0 (2)
virtio_queue_notify vdev 0x56246085deb0 n 0 vq 0x5624608689c0
virtio_blk_handle_read vdev 0x56246085deb0 req 0x7f1bac99daa0 sector 0 nsectors 1
virtio_blk_rw_complete vdev 0x56246085deb0 req 0x7f1bac99daa0 ret 0
virtio_blk_req_complete vdev 0x56246085deb0 req 0x7f1bac99daa0 status 0
virtio_pci_notify_write 0x0 = 0x0 (2)
virtio_queue_notify vdev 0x56246085deb0 n 0 vq 0x5624608689c0
virtio_blk_handle_read vdev 0x56246085deb0 req 0x7f1bac99daa0 sector 0 nsectors 1
virtio_blk_rw_complete vdev 0x56246085deb0 req 0x7f1bac99daa0 ret 0
virtio_blk_req_complete vdev 0x56246085deb0 req 0x7f1bac99daa0 status 0
virtio_set_status vdev 0x56246085deb0 val 0
virtio_set_status vdev 0x56246085deb0 val 0
pci_cfg_read virtio-blk-pci 00:05.0 @0x0 -> 0x10421af4
pci_cfg_read virtio-blk-pci 00:05.0 @0x4 -> 0x100007
pci_cfg_write virtio-blk-pci 00:05.0 @0x4 <- 0x403
virtio_set_status vdev 0x56246085deb0 val 0
pci_cfg_read virtio-blk-pci 00:05.0 @0x4 -> 0x100403
pci_cfg_read mch 00:00.0 @0x0 -> 0x29c08086
pci_cfg_read mch 00:00.0 @0x8 -> 0x6000000
pci_cfg_read mch 00:00.0 @0xc -> 0x0
pci_cfg_read empty 00:00.1 @0x0 -> 0xffffffff
pci_cfg_read empty 00:00.2 @0x0 -> 0xffffffff
pci_cfg_read empty 00:00.3 @0x0 -> 0xffffffff
pci_cfg_read empty 00:00.4 @0x0 -> 0xffffffff
pci_cfg_read empty 00:00.5 @0x0 -> 0xffffffff
pci_cfg_read empty 00:00.6 @0x0 -> 0xffffffff
pci_cfg_read empty 00:00.7 @0x0 -> 0xffffffff
pci_cfg_read piix3-ide 00:01.0 @0x0 -> 0x70108086
pci_cfg_read piix3-ide 00:01.0 @0x8 -> 0x1018000
pci_cfg_read piix3-ide 00:01.0 @0xc -> 0x0
pci_cfg_read empty 00:01.1 @0x0 -> 0xffffffff
pci_cfg_read empty 00:01.2 @0x0 -> 0xffffffff
pci_cfg_read empty 00:01.3 @0x0 -> 0xffffffff
pci_cfg_read empty 00:01.4 @0x0 -> 0xffffffff
pci_cfg_read empty 00:01.5 @0x0 -> 0xffffffff
pci_cfg_read empty 00:01.6 @0x0 -> 0xffffffff
pci_cfg_read empty 00:01.7 @0x0 -> 0xffffffff
pci_cfg_read empty 00:02.0 @0x0 -> 0xffffffff
pci_cfg_read empty 00:02.1 @0x0 -> 0xffffffff
pci_cfg_read empty 00:02.2 @0x0 -> 0xffffffff
pci_cfg_read empty 00:02.3 @0x0 -> 0xffffffff
pci_cfg_read empty 00:02.4 @0x0 -> 0xffffffff
pci_cfg_read empty 00:02.5 @0x0 -> 0xffffffff
pci_cfg_read empty 00:02.6 @0x0 -> 0xffffffff
pci_cfg_read empty 00:02.7 @0x0 -> 0xffffffff
pci_cfg_read empty 00:03.0 @0x0 -> 0xffffffff
pci_cfg_read empty 00:03.1 @0x0 -> 0xffffffff
pci_cfg_read empty 00:03.2 @0x0 -> 0xffffffff
pci_cfg_read empty 00:03.3 @0x0 -> 0xffffffff
pci_cfg_read empty 00:03.4 @0x0 -> 0xffffffff
pci_cfg_read empty 00:03.5 @0x0 -> 0xffffffff
pci_cfg_read empty 00:03.6 @0x0 -> 0xffffffff
pci_cfg_read empty 00:03.7 @0x0 -> 0xffffffff
pci_cfg_read empty 00:04.0 @0x0 -> 0xffffffff
pci_cfg_read empty 00:04.1 @0x0 -> 0xffffffff
pci_cfg_read empty 00:04.2 @0x0 -> 0xffffffff
pci_cfg_read empty 00:04.3 @0x0 -> 0xffffffff
pci_cfg_read empty 00:04.4 @0x0 -> 0xffffffff
pci_cfg_read empty 00:04.5 @0x0 -> 0xffffffff
pci_cfg_read empty 00:04.6 @0x0 -> 0xffffffff
pci_cfg_read empty 00:04.7 @0x0 -> 0xffffffff
pci_cfg_read virtio-blk-pci 00:05.0 @0x0 -> 0x10421af4
pci_cfg_read virtio-blk-pci 00:05.0 @0x8 -> 0x1000001
pci_cfg_read virtio-blk-pci 00:05.0 @0xc -> 0x0
pci_cfg_read empty 00:05.1 @0x0 -> 0xffffffff
pci_cfg_read empty 00:05.2 @0x0 -> 0xffffffff
pci_cfg_read empty 00:05.3 @0x0 -> 0xffffffff
pci_cfg_read empty 00:05.4 @0x0 -> 0xffffffff
pci_cfg_read empty 00:05.5 @0x0 -> 0xffffffff
pci_cfg_read empty 00:05.6 @0x0 -> 0xffffffff
pci_cfg_read empty 00:05.7 @0x0 -> 0xffffffff
pci_cfg_read empty 00:06.0 @0x0 -> 0xffffffff
pci_cfg_read empty 00:06.1 @0x0 -> 0xffffffff
pci_cfg_read empty 00:06.2 @0x0 -> 0xffffffff
pci_cfg_read empty 00:06.3 @0x0 -> 0xffffffff
pci_cfg_read empty 00:06.4 @0x0 -> 0xffffffff
pci_cfg_read empty 00:06.5 @0x0 -> 0xffffffff
pci_cfg_read empty 00:06.6 @0x0 -> 0xffffffff
pci_cfg_read empty 00:06.7 @0x0 -> 0xffffffff
pci_cfg_read empty 00:07.0 @0x0 -> 0xffffffff
pci_cfg_read empty 00:07.1 @0x0 -> 0xffffffff
pci_cfg_read empty 00:07.2 @0x0 -> 0xffffffff
pci_cfg_read empty 00:07.3 @0x0 -> 0xffffffff
pci_cfg_read empty 00:07.4 @0x0 -> 0xffffffff
pci_cfg_read empty 00:07.5 @0x0 -> 0xffffffff
pci_cfg_read empty 00:07.6 @0x0 -> 0xffffffff
pci_cfg_read empty 00:07.7 @0x0 -> 0xffffffff
pci_cfg_read empty 00:08.0 @0x0 -> 0xffffffff
pci_cfg_read empty 00:08.1 @0x0 -> 0xffffffff
pci_cfg_read empty 00:08.2 @0x0 -> 0xffffffff
pci_cfg_read empty 00:08.3 @0x0 -> 0xffffffff
pci_cfg_read empty 00:08.4 @0x0 -> 0xffffffff
pci_cfg_read empty 00:08.5 @0x0 -> 0xffffffff
pci_cfg_read empty 00:08.6 @0x0 -> 0xffffffff
pci_cfg_read empty 00:08.7 @0x0 -> 0xffffffff
pci_cfg_read empty 00:09.0 @0x0 -> 0xffffffff
pci_cfg_read empty 00:09.1 @0x0 -> 0xffffffff
pci_cfg_read empty 00:09.2 @0x0 -> 0xffffffff
pci_cfg_read empty 00:09.3 @0x0 -> 0xffffffff
pci_cfg_read empty 00:09.4 @0x0 -> 0xffffffff
pci_cfg_read empty 00:09.5 @0x0 -> 0xffffffff
pci_cfg_read empty 00:09.6 @0x0 -> 0xffffffff
pci_cfg_read empty 00:09.7 @0x0 -> 0xffffffff
pci_cfg_read empty 00:0a.0 @0x0 -> 0xffffffff
pci_cfg_read empty 00:0a.1 @0x0 -> 0xffffffff
pci_cfg_read empty 00:0a.2 @0x0 -> 0xffffffff
pci_cfg_read empty 00:0a.3 @0x0 -> 0xffffffff
pci_cfg_read empty 00:0a.4 @0x0 -> 0xffffffff
pci_cfg_read empty 00:0a.5 @0x0 -> 0xffffffff
pci_cfg_read empty 00:0a.6 @0x0 -> 0xffffffff
pci_cfg_read empty 00:0a.7 @0x0 -> 0xffffffff
pci_cfg_read empty 00:0b.0 @0x0 -> 0xffffffff
pci_cfg_read empty 00:0b.1 @0x0 -> 0xffffffff
pci_cfg_read empty 00:0b.2 @0x0 -> 0xffffffff
pci_cfg_read empty 00:0b.3 @0x0 -> 0xffffffff
pci_cfg_read empty 00:0b.4 @0x0 -> 0xffffffff
pci_cfg_read empty 00:0b.5 @0x0 -> 0xffffffff
pci_cfg_read empty 00:0b.6 @0x0 -> 0xffffffff
pci_cfg_read empty 00:0b.7 @0x0 -> 0xffffffff
pci_cfg_read empty 00:0c.0 @0x0 -> 0xffffffff
pci_cfg_read empty 00:0c.1 @0x0 -> 0xffffffff
pci_cfg_read empty 00:0c.2 @0x0 -> 0xffffffff
pci_cfg_read empty 00:0c.3 @0x0 -> 0xffffffff
pci_cfg_read empty 00:0c.4 @0x0 -> 0xffffffff
pci_cfg_read empty 00:0c.5 @0x0 -> 0xffffffff
pci_cfg_read empty 00:0c.6 @0x0 -> 0xffffffff
pci_cfg_read empty 00:0c.7 @0x0 -> 0xffffffff
pci_cfg_read empty 00:0d.0 @0x0 -> 0xffffffff
pci_cfg_read empty 00:0d.1 @0x0 -> 0xffffffff
pci_cfg_read empty 00:0d.2 @0x0 -> 0xffffffff
pci_cfg_read empty 00:0d.3 @0x0 -> 0xffffffff
pci_cfg_read empty 00:0d.4 @0x0 -> 0xffffffff
pci_cfg_read empty 00:0d.5 @0x0 -> 0xffffffff
pci_cfg_read empty 00:0d.6 @0x0 -> 0xffffffff
pci_cfg_read empty 00:0d.7 @0x0 -> 0xffffffff
pci_cfg_read empty 00:0e.0 @0x0 -> 0xffffffff
pci_cfg_read empty 00:0e.1 @0x0 -> 0xffffffff
pci_cfg_read empty 00:0e.2 @0x0 -> 0xffffffff
pci_cfg_read empty 00:0e.3 @0x0 -> 0xffffffff
pci_cfg_read empty 00:0e.4 @0x0 -> 0xffffffff
pci_cfg_read empty 00:0e.5 @0x0 -> 0xffffffff
pci_cfg_read empty 00:0e.6 @0x0 -> 0xffffffff
pci_cfg_read empty 00:0e.7 @0x0 -> 0xffffffff
pci_cfg_read empty 00:0f.0 @0x0 -> 0xffffffff
pci_cfg_read empty 00:0f.1 @0x0 -> 0xffffffff
pci_cfg_read empty 00:0f.2 @0x0 -> 0xffffffff
pci_cfg_read empty 00:0f.3 @0x0 -> 0xffffffff
pci_cfg_read empty 00:0f.4 @0x0 -> 0xffffffff
pci_cfg_read empty 00:0f.5 @0x0 -> 0xffffffff
pci_cfg_read empty 00:0f.6 @0x0 -> 0xffffffff
pci_cfg_read empty 00:0f.7 @0x0 -> 0xffffffff
pci_cfg_read empty 00:10.0 @0x0 -> 0xffffffff
pci_cfg_read empty 00:10.1 @0x0 -> 0xffffffff
pci_cfg_read empty 00:10.2 @0x0 -> 0xffffffff
pci_cfg_read empty 00:10.3 @0x0 -> 0xffffffff
pci_cfg_read empty 00:10.4 @0x0 -> 0xffffffff
pci_cfg_read empty 00:10.5 @0x0 -> 0xffffffff
pci_cfg_read empty 00:10.6 @0x0 -> 0xffffffff
pci_cfg_read empty 00:10.7 @0x0 -> 0xffffffff
pci_cfg_read empty 00:11.0 @0x0 -> 0xffffffff
pci_cfg_read empty 00:11.1 @0x0 -> 0xffffffff
pci_cfg_read empty 00:11.2 @0x0 -> 0xffffffff
pci_cfg_read empty 00:11.3 @0x0 -> 0xffffffff
pci_cfg_read empty 00:11.4 @0x0 -> 0xffffffff
pci_cfg_read empty 00:11.5 @0x0 -> 0xffffffff
pci_cfg_read empty 00:11.6 @0x0 -> 0xffffffff
pci_cfg_read empty 00:11.7 @0x0 -> 0xffffffff
pci_cfg_read empty 00:12.0 @0x0 -> 0xffffffff
pci_cfg_read empty 00:12.1 @0x0 -> 0xffffffff
pci_cfg_read empty 00:12.2 @0x0 -> 0xffffffff
pci_cfg_read empty 00:12.3 @0x0 -> 0xffffffff
pci_cfg_read empty 00:12.4 @0x0 -> 0xffffffff
pci_cfg_read empty 00:12.5 @0x0 -> 0xffffffff
pci_cfg_read empty 00:12.6 @0x0 -> 0xffffffff
pci_cfg_read empty 00:12.7 @0x0 -> 0xffffffff
pci_cfg_read empty 00:13.0 @0x0 -> 0xffffffff
pci_cfg_read empty 00:13.1 @0x0 -> 0xffffffff
pci_cfg_read empty 00:13.2 @0x0 -> 0xffffffff
pci_cfg_read empty 00:13.3 @0x0 -> 0xffffffff
pci_cfg_read empty 00:13.4 @0x0 -> 0xffffffff
pci_cfg_read empty 00:13.5 @0x0 -> 0xffffffff
pci_cfg_read empty 00:13.6 @0x0 -> 0xffffffff
pci_cfg_read empty 00:13.7 @0x0 -> 0xffffffff
pci_cfg_read empty 00:14.0 @0x0 -> 0xffffffff
pci_cfg_read empty 00:14.1 @0x0 -> 0xffffffff
pci_cfg_read empty 00:14.2 @0x0 -> 0xffffffff
pci_cfg_read empty 00:14.3 @0x0 -> 0xffffffff
pci_cfg_read empty 00:14.4 @0x0 -> 0xffffffff
pci_cfg_read empty 00:14.5 @0x0 -> 0xffffffff
pci_cfg_read empty 00:14.6 @0x0 -> 0xffffffff
pci_cfg_read empty 00:14.7 @0x0 -> 0xffffffff
pci_cfg_read empty 00:15.0 @0x0 -> 0xffffffff
pci_cfg_read empty 00:15.1 @0x0 -> 0xffffffff
pci_cfg_read empty 00:15.2 @0x0 -> 0xffffffff
pci_cfg_read empty 00:15.3 @0x0 -> 0xffffffff
pci_cfg_read empty 00:15.4 @0x0 -> 0xffffffff
pci_cfg_read empty 00:15.5 @0x0 -> 0xffffffff
pci_cfg_read empty 00:15.6 @0x0 -> 0xffffffff
pci_cfg_read empty 00:15.7 @0x0 -> 0xffffffff
pci_cfg_read empty 00:16.0 @0x0 -> 0xffffffff
pci_cfg_read empty 00:16.1 @0x0 -> 0xffffffff
pci_cfg_read empty 00:16.2 @0x0 -> 0xffffffff
pci_cfg_read empty 00:16.3 @0x0 -> 0xffffffff
pci_cfg_read empty 00:16.4 @0x0 -> 0xffffffff
pci_cfg_read empty 00:16.5 @0x0 -> 0xffffffff
pci_cfg_read empty 00:16.6 @0x0 -> 0xffffffff
pci_cfg_read empty 00:16.7 @0x0 -> 0xffffffff
pci_cfg_read empty 00:17.0 @0x0 -> 0xffffffff
pci_cfg_read empty 00:17.1 @0x0 -> 0xffffffff
pci_cfg_read empty 00:17.2 @0x0 -> 0xffffffff
pci_cfg_read empty 00:17.3 @0x0 -> 0xffffffff
pci_cfg_read empty 00:17.4 @0x0 -> 0xffffffff
pci_cfg_read empty 00:17.5 @0x0 -> 0xffffffff
pci_cfg_read empty 00:17.6 @0x0 -> 0xffffffff
pci_cfg_read empty 00:17.7 @0x0 -> 0xffffffff
pci_cfg_read empty 00:18.0 @0x0 -> 0xffffffff
pci_cfg_read empty 00:18.1 @0x0 -> 0xffffffff
pci_cfg_read empty 00:18.2 @0x0 -> 0xffffffff
pci_cfg_read empty 00:18.3 @0x0 -> 0xffffffff
pci_cfg_read empty 00:18.4 @0x0 -> 0xffffffff
pci_cfg_read empty 00:18.5 @0x0 -> 0xffffffff
pci_cfg_read empty 00:18.6 @0x0 -> 0xffffffff
pci_cfg_read empty 00:18.7 @0x0 -> 0xffffffff
pci_cfg_read empty 00:19.0 @0x0 -> 0xffffffff
pci_cfg_read empty 00:19.1 @0x0 -> 0xffffffff
pci_cfg_read empty 00:19.2 @0x0 -> 0xffffffff
pci_cfg_read empty 00:19.3 @0x0 -> 0xffffffff
pci_cfg_read empty 00:19.4 @0x0 -> 0xffffffff
pci_cfg_read empty 00:19.5 @0x0 -> 0xffffffff
pci_cfg_read empty 00:19.6 @0x0 -> 0xffffffff
pci_cfg_read empty 00:19.7 @0x0 -> 0xffffffff
pci_cfg_read empty 00:1a.0 @0x0 -> 0xffffffff
pci_cfg_read empty 00:1a.1 @0x0 -> 0xffffffff
pci_cfg_read empty 00:1a.2 @0x0 -> 0xffffffff
pci_cfg_read empty 00:1a.3 @0x0 -> 0xffffffff
pci_cfg_read empty 00:1a.4 @0x0 -> 0xffffffff
pci_cfg_read empty 00:1a.5 @0x0 -> 0xffffffff
pci_cfg_read empty 00:1a.6 @0x0 -> 0xffffffff
pci_cfg_read empty 00:1a.7 @0x0 -> 0xffffffff
pci_cfg_read empty 00:1b.0 @0x0 -> 0xffffffff
pci_cfg_read empty 00:1b.1 @0x0 -> 0xffffffff
pci_cfg_read empty 00:1b.2 @0x0 -> 0xffffffff
pci_cfg_read empty 00:1b.3 @0x0 -> 0xffffffff
pci_cfg_read empty 00:1b.4 @0x0 -> 0xffffffff
pci_cfg_read empty 00:1b.5 @0x0 -> 0xffffffff
pci_cfg_read empty 00:1b.6 @0x0 -> 0xffffffff
pci_cfg_read empty 00:1b.7 @0x0 -> 0xffffffff
pci_cfg_read empty 00:1c.0 @0x0 -> 0xffffffff
pci_cfg_read empty 00:1c.1 @0x0 -> 0xffffffff
pci_cfg_read empty 00:1c.2 @0x0 -> 0xffffffff
pci_cfg_read empty 00:1c.3 @0x0 -> 0xffffffff
pci_cfg_read empty 00:1c.4 @0x0 -> 0xffffffff
pci_cfg_read empty 00:1c.5 @0x0 -> 0xffffffff
pci_cfg_read empty 00:1c.6 @0x0 -> 0xffffffff
pci_cfg_read empty 00:1c.7 @0x0 -> 0xffffffff
pci_cfg_read empty 00:1d.0 @0x0 -> 0xffffffff
pci_cfg_read empty 00:1d.1 @0x0 -> 0xffffffff
pci_cfg_read empty 00:1d.2 @0x0 -> 0xffffffff
pci_cfg_read empty 00:1d.3 @0x0 -> 0xffffffff
pci_cfg_read empty 00:1d.4 @0x0 -> 0xffffffff
pci_cfg_read empty 00:1d.5 @0x0 -> 0xffffffff
pci_cfg_read empty 00:1d.6 @0x0 -> 0xffffffff
pci_cfg_read empty 00:1d.7 @0x0 -> 0xffffffff
pci_cfg_read empty 00:1e.0 @0x0 -> 0xffffffff
pci_cfg_read empty 00:1e.1 @0x0 -> 0xffffffff
pci_cfg_read empty 00:1e.2 @0x0 -> 0xffffffff
pci_cfg_read empty 00:1e.3 @0x0 -> 0xffffffff
pci_cfg_read empty 00:1e.4 @0x0 -> 0xffffffff
pci_cfg_read empty 00:1e.5 @0x0 -> 0xffffffff
pci_cfg_read empty 00:1e.6 @0x0 -> 0xffffffff
pci_cfg_read empty 00:1e.7 @0x0 -> 0xffffffff
pci_cfg_read ICH9-LPC 00:1f.0 @0x0 -> 0x29188086
pci_cfg_read ICH9-LPC 00:1f.0 @0x8 -> 0x6010002
pci_cfg_read ICH9-LPC 00:1f.0 @0xc -> 0x800000
pci_cfg_read empty 00:1f.1 @0x0 -> 0xffffffff
pci_cfg_read ich9-ahci 00:1f.2 @0x0 -> 0x29228086
pci_cfg_read ich9-ahci 00:1f.2 @0x8 -> 0x1060102
pci_cfg_read ich9-ahci 00:1f.2 @0xc -> 0x800000
pci_cfg_read ICH9-SMB 00:1f.3 @0x0 -> 0x29308086
pci_cfg_read ICH9-SMB 00:1f.3 @0x8 -> 0xc050002
pci_cfg_read ICH9-SMB 00:1f.3 @0xc -> 0x800000
pci_cfg_read empty 00:1f.4 @0x0 -> 0xffffffff
pci_cfg_read empty 00:1f.5 @0x0 -> 0xffffffff
pci_cfg_read empty 00:1f.6 @0x0 -> 0xffffffff
pci_cfg_read empty 00:1f.7 @0x0 -> 0xffffffff
pci_cfg_read virtio-blk-pci 00:05.0 @0x4 -> 0x100403
pci_cfg_write virtio-blk-pci 00:05.0 @0x4 <- 0x400
virtio_set_status vdev 0x56246085deb0 val 0
pci_cfg_read virtio-blk-pci 00:05.0 @0x10 -> 0x0
pci_cfg_write virtio-blk-pci 00:05.0 @0x10 <- 0xffffffff
pci_cfg_read virtio-blk-pci 00:05.0 @0x10 -> 0x0
pci_cfg_write virtio-blk-pci 00:05.0 @0x10 <- 0x0
pci_cfg_write virtio-blk-pci 00:05.0 @0x4 <- 0x403
virtio_set_status vdev 0x56246085deb0 val 0
pci_cfg_read virtio-blk-pci 00:05.0 @0x4 -> 0x100403
pci_cfg_write virtio-blk-pci 00:05.0 @0x4 <- 0x400
virtio_set_status vdev 0x56246085deb0 val 0
pci_cfg_read virtio-blk-pci 00:05.0 @0x14 -> 0x0
pci_cfg_write virtio-blk-pci 00:05.0 @0x14 <- 0xffffffff
pci_cfg_read virtio-blk-pci 00:05.0 @0x14 -> 0x0
pci_cfg_write virtio-blk-pci 00:05.0 @0x14 <- 0x0
pci_cfg_write virtio-blk-pci 00:05.0 @0x4 <- 0x403
virtio_set_status vdev 0x56246085deb0 val 0
pci_cfg_read virtio-blk-pci 00:05.0 @0x4 -> 0x100403
pci_cfg_write virtio-blk-pci 00:05.0 @0x4 <- 0x400
virtio_set_status vdev 0x56246085deb0 val 0
pci_cfg_read virtio-blk-pci 00:05.0 @0x18 -> 0x0
pci_cfg_write virtio-blk-pci 00:05.0 @0x18 <- 0xffffffff
pci_cfg_read virtio-blk-pci 00:05.0 @0x18 -> 0x0
pci_cfg_write virtio-blk-pci 00:05.0 @0x18 <- 0x0
pci_cfg_write virtio-blk-pci 00:05.0 @0x4 <- 0x403
virtio_set_status vdev 0x56246085deb0 val 0
pci_cfg_read virtio-blk-pci 00:05.0 @0x4 -> 0x100403
pci_cfg_write virtio-blk-pci 00:05.0 @0x4 <- 0x400
virtio_set_status vdev 0x56246085deb0 val 0
pci_cfg_read virtio-blk-pci 00:05.0 @0x1c -> 0x0
pci_cfg_write virtio-blk-pci 00:05.0 @0x1c <- 0xffffffff
pci_cfg_read virtio-blk-pci 00:05.0 @0x1c -> 0x0
pci_cfg_write virtio-blk-pci 00:05.0 @0x1c <- 0x0
pci_cfg_write virtio-blk-pci 00:05.0 @0x4 <- 0x403
virtio_set_status vdev 0x56246085deb0 val 0
pci_cfg_read virtio-blk-pci 00:05.0 @0x4 -> 0x100403
pci_cfg_write virtio-blk-pci 00:05.0 @0x4 <- 0x400
virtio_set_status vdev 0x56246085deb0 val 0
pci_cfg_read virtio-blk-pci 00:05.0 @0x20 -> 0xc
pci_cfg_write virtio-blk-pci 00:05.0 @0x20 <- 0xffffffff
pci_cfg_read virtio-blk-pci 00:05.0 @0x20 -> 0xffffc00c
pci_cfg_read virtio-blk-pci 00:05.0 @0x24 -> 0x8
pci_cfg_write virtio-blk-pci 00:05.0 @0x24 <- 0xffffffff
pci_cfg_read virtio-blk-pci 00:05.0 @0x24 -> 0xffffffff
pci_cfg_write virtio-blk-pci 00:05.0 @0x24 <- 0x8
pci_cfg_write virtio-blk-pci 00:05.0 @0x20 <- 0xc
pci_cfg_write virtio-blk-pci 00:05.0 @0x4 <- 0x403
virtio_set_status vdev 0x56246085deb0 val 0
pci_cfg_read virtio-blk-pci 00:05.0 @0x3c -> 0x10a
pci_cfg_read virtio-blk-pci 00:05.0 @0x4 -> 0x100403
pci_cfg_write virtio-blk-pci 00:05.0 @0x4 <- 0x403
virtio_set_status vdev 0x56246085deb0 val 0
pci_cfg_read virtio-blk-pci 00:05.0 @0x4 -> 0x100403
pci_cfg_read virtio-blk-pci 00:05.0 @0x0 -> 0x10421af4
pci_cfg_read virtio-blk-pci 00:05.0 @0x4 -> 0x100403
pci_cfg_read virtio-blk-pci 00:05.0 @0x34 -> 0x84
pci_cfg_read virtio-blk-pci 00:05.0 @0x84 -> 0x5147009
pci_cfg_read virtio-blk-pci 00:05.0 @0x88 -> 0x0
pci_cfg_read virtio-blk-pci 00:05.0 @0x8c -> 0x0
pci_cfg_read virtio-blk-pci 00:05.0 @0x90 -> 0x0
pci_cfg_read virtio-blk-pci 00:05.0 @0x70 -> 0x2146009
pci_cfg_read virtio-blk-pci 00:05.0 @0x74 -> 0x4
pci_cfg_read virtio-blk-pci 00:05.0 @0x78 -> 0x3000
pci_cfg_read virtio-blk-pci 00:05.0 @0x7c -> 0x1000
pci_cfg_read virtio-blk-pci 00:05.0 @0x80 -> 0x4
pci_cfg_read virtio-blk-pci 00:05.0 @0x60 -> 0x4105009
pci_cfg_read virtio-blk-pci 00:05.0 @0x64 -> 0x4
pci_cfg_read virtio-blk-pci 00:05.0 @0x68 -> 0x2000
pci_cfg_read virtio-blk-pci 00:05.0 @0x6c -> 0x1000
pci_cfg_read virtio-blk-pci 00:05.0 @0x50 -> 0x3104009
pci_cfg_read virtio-blk-pci 00:05.0 @0x54 -> 0x4
pci_cfg_read virtio-blk-pci 00:05.0 @0x58 -> 0x1000
pci_cfg_read virtio-blk-pci 00:05.0 @0x5c -> 0x1000
pci_cfg_read virtio-blk-pci 00:05.0 @0x40 -> 0x1100009
pci_cfg_read virtio-blk-pci 00:05.0 @0x44 -> 0x4
pci_cfg_read virtio-blk-pci 00:05.0 @0x48 -> 0x0
pci_cfg_read virtio-blk-pci 00:05.0 @0x4c -> 0x1000
pci_cfg_read virtio-blk-pci 00:05.0 @0x4 -> 0x100403
pci_cfg_write virtio-blk-pci 00:05.0 @0x4 <- 0x400
virtio_set_status vdev 0x56246085deb0 val 0
pci_cfg_read virtio-blk-pci 00:05.0 @0x20 -> 0xc
pci_cfg_write virtio-blk-pci 00:05.0 @0x20 <- 0xffffffff
pci_cfg_read virtio-blk-pci 00:05.0 @0x20 -> 0xffffc00c
pci_cfg_read virtio-blk-pci 00:05.0 @0x24 -> 0x8
pci_cfg_write virtio-blk-pci 00:05.0 @0x24 <- 0xffffffff
pci_cfg_read virtio-blk-pci 00:05.0 @0x24 -> 0xffffffff
pci_cfg_write virtio-blk-pci 00:05.0 @0x24 <- 0x8
pci_cfg_write virtio-blk-pci 00:05.0 @0x20 <- 0xc
pci_cfg_write virtio-blk-pci 00:05.0 @0x4 <- 0x403
virtio_set_status vdev 0x56246085deb0 val 0
pci_cfg_read virtio-blk-pci 00:05.0 @0x4 -> 0x100403
pci_cfg_write virtio-blk-pci 00:05.0 @0x4 <- 0x400
virtio_set_status vdev 0x56246085deb0 val 0
pci_cfg_read virtio-blk-pci 00:05.0 @0x20 -> 0xc
pci_cfg_write virtio-blk-pci 00:05.0 @0x20 <- 0xffffffff
pci_cfg_read virtio-blk-pci 00:05.0 @0x20 -> 0xffffc00c
pci_cfg_read virtio-blk-pci 00:05.0 @0x24 -> 0x8
pci_cfg_write virtio-blk-pci 00:05.0 @0x24 <- 0xffffffff
pci_cfg_read virtio-blk-pci 00:05.0 @0x24 -> 0xffffffff
pci_cfg_write virtio-blk-pci 00:05.0 @0x24 <- 0x8
pci_cfg_write virtio-blk-pci 00:05.0 @0x20 <- 0xc
pci_cfg_write virtio-blk-pci 00:05.0 @0x4 <- 0x403
virtio_set_status vdev 0x56246085deb0 val 0
pci_cfg_read virtio-blk-pci 00:05.0 @0x4 -> 0x100403
pci_cfg_write virtio-blk-pci 00:05.0 @0x4 <- 0x400
virtio_set_status vdev 0x56246085deb0 val 0
pci_cfg_read virtio-blk-pci 00:05.0 @0x20 -> 0xc
pci_cfg_write virtio-blk-pci 00:05.0 @0x20 <- 0xffffffff
pci_cfg_read virtio-blk-pci 00:05.0 @0x20 -> 0xffffc00c
pci_cfg_read virtio-blk-pci 00:05.0 @0x24 -> 0x8
pci_cfg_write virtio-blk-pci 00:05.0 @0x24 <- 0xffffffff
pci_cfg_read virtio-blk-pci 00:05.0 @0x24 -> 0xffffffff
pci_cfg_write virtio-blk-pci 00:05.0 @0x24 <- 0x8
pci_cfg_write virtio-blk-pci 00:05.0 @0x20 <- 0xc
pci_cfg_write virtio-blk-pci 00:05.0 @0x4 <- 0x403
virtio_set_status vdev 0x56246085deb0 val 0
pci_cfg_read virtio-blk-pci 00:05.0 @0x4 -> 0x100403
pci_cfg_write virtio-blk-pci 00:05.0 @0x4 <- 0x400
virtio_set_status vdev 0x56246085deb0 val 0
pci_cfg_read virtio-blk-pci 00:05.0 @0x20 -> 0xc
pci_cfg_write virtio-blk-pci 00:05.0 @0x20 <- 0xffffffff
pci_cfg_read virtio-blk-pci 00:05.0 @0x20 -> 0xffffc00c
pci_cfg_read virtio-blk-pci 00:05.0 @0x24 -> 0x8
pci_cfg_write virtio-blk-pci 00:05.0 @0x24 <- 0xffffffff
pci_cfg_read virtio-blk-pci 00:05.0 @0x24 -> 0xffffffff
pci_cfg_write virtio-blk-pci 00:05.0 @0x24 <- 0x8
pci_cfg_write virtio-blk-pci 00:05.0 @0x20 <- 0xc
pci_cfg_write virtio-blk-pci 00:05.0 @0x4 <- 0x403
virtio_set_status vdev 0x56246085deb0 val 0
virtio_set_status vdev 0x56246085deb0 val 0
virtio_set_status vdev 0x56246085deb0 val 0
pci_cfg_read virtio-blk-pci 00:05.0 @0x4 -> 0x100403
pci_cfg_read virtio-blk-pci 00:05.0 @0x4 -> 0x100403
virtio_set_status vdev 0x56246085deb0 val 0
virtio_set_status vdev 0x56246085deb0 val 0
vtd_inv_desc_iotlb_global iotlb invalidate global
vtd_inv_desc_wait_irq IM in IECTL_REG is set, new event not generated
virtio_set_status vdev 0x56246085deb0 val 0
