Warning: Profile-enabled algorithms contain disabled 'RSA-1024-sign(SHA1, pkcs1-pss)'
Warning: Setting OPENSSL_ENABLE_SHA1_SIGNATURES=1
  Tested: camellia-128
  Tested: camellia-256
  Tested: tdes
  Tested: RSA-1024-sign(SHA1, pkcs1-pss)
  Tested: RSA-1024-sign(SHA1, pkcs1)
  Tested: RSA-2048-sign(SHA1, pkcs1-pss)
  Tested: RSA-2048-sign(SHA1, pkcs1)
 Ctrl Cmd: length 4
 00 00 00 10 
 Ctrl Rsp: length 4
 00 00 00 00 
 SWTPM_IO_Read: length 10
 80 01 00 00 00 0A 00 00 01 81 
    IsEnEnabled(0x181 = 'ReadClock'): 1
 SWTPM_IO_Write: length 10
 80 01 00 00 00 0A 00 00 01 00 
 Ctrl Cmd: length 4
 00 00 00 01 
 Ctrl Rsp: length 8
 00 00 00 00 00 01 FF FF 
 Ctrl Cmd: length 4
 00 00 00 0E 
 Ctrl Rsp: length 4
 00 00 00 00 
 Ctrl Cmd: length 8
 00 00 00 11 00 00 00 00 
 Ctrl Rsp: length 16
 00 00 00 00 00 00 10 00 00 00 0A F8 00 00 10 00 
 Ctrl Cmd: length 4
 00 00 00 0E 
 Ctrl Rsp: length 4
 00 00 00 00 
 Ctrl Cmd: length 8
 00 00 00 11 00 00 10 00 
 Ctrl Rsp: length 16
 00 00 00 00 00 00 10 00 00 00 0A F8 00 00 10 00 
 Ctrl Cmd: length 8
 00 00 00 02 00 00 00 00 
  Tested: RSA-1024-sign(SHA1, pkcs1-pss)
  Tested: RSA-1024-sign(SHA1, pkcs1)
  Tested: RSA-2048-sign(SHA1, pkcs1-pss)
  Tested: RSA-2048-sign(SHA1, pkcs1)
  Tested: camellia-128
  Tested: camellia-256
  Tested: tdes
 Ctrl Rsp: length 4
 00 00 00 00 
 Ctrl Cmd: length 4
 00 00 00 04 
 Ctrl Rsp: length 8
 00 00 00 00 00 00 00 00 
 Ctrl Cmd: length 8
 00 00 00 05 00 00 00 00 
 Ctrl Rsp: length 4
 00 00 00 00 
 SWTPM_IO_Read: length 12
 80 01 00 00 00 0C 00 00 01 44 00 00 
    IsEnEnabled(0x144 = 'Startup'): 1
 SWTPM_IO_Write: length 10
 80 01 00 00 00 0A 00 00 00 00 
 SWTPM_IO_Read: length 14
 80 01 00 00 00 0E 00 00 01 69 01 80 01 00 
    IsEnEnabled(0x169 = 'NV_ReadPublic'): 1
 SWTPM_IO_Write: length 94
 80 01 00 00 00 5E 00 00 00 00 00 2E 01 80 01 00 
 00 0B 62 04 04 14 00 20 47 CE 30 32 D8 BA D1 F3 
 08 9C B0 C0 90 88 DE 43 50 14 91 D4 60 40 2B 90 
 CD 1B 7F C0 B6 8C A9 2F 00 08 00 22 00 0B C1 0D 
 A5 71 71 0D C0 EF 34 03 98 76 52 A2 A1 AA E0 1C 
 A0 C7 A6 3A 2D 8E DE F2 34 F2 EC AA D3 3D 
 SWTPM_IO_Read: length 14
 80 01 00 00 00 0E 00 00 01 69 01 80 01 01 
    IsEnEnabled(0x169 = 'NV_ReadPublic'): 1
 SWTPM_IO_Write: length 94
 80 01 00 00 00 5E 00 00 00 00 00 2E 01 80 01 01 
 00 0B 42 04 14 04 00 20 47 CE 30 32 D8 BA D1 F3 
 08 9C B0 C0 90 88 DE 43 50 14 91 D4 60 40 2B 90 
 CD 1B 7F C0 B6 8C A9 2F 00 B4 00 22 00 0B 6B D9 
 43 76 11 F6 77 D3 1C 85 0B C8 A6 7E FE A0 C5 A4 
 E3 E4 E3 7D CC 38 C4 C3 A5 9E 45 F5 11 C3 
 SWTPM_IO_Read: length 14
 80 01 00 00 00 0E 00 00 01 69 01 80 01 02 
    IsEnEnabled(0x169 = 'NV_ReadPublic'): 1
 SWTPM_IO_Write: length 94
 80 01 00 00 00 5E 00 00 00 00 00 2E 01 80 01 02 
 00 0B 62 04 14 04 00 20 47 CE 30 32 D8 BA D1 F3 
 08 9C B0 C0 90 88 DE 43 50 14 91 D4 60 40 2B 90 
 CD 1B 7F C0 B6 8C A9 2F 00 B4 00 22 00 0B 2A 9A 
 FE FE 5E 5D 33 57 E1 50 C8 04 FA E1 C4 93 88 0A 
 4A 05 92 CD E3 AD 8C 2D 84 BB 33 07 27 E8 
 SWTPM_IO_Read: length 14
 80 01 00 00 00 0E 00 00 01 69 01 80 01 03 
    IsEnEnabled(0x169 = 'NV_ReadPublic'): 1
 SWTPM_IO_Write: length 94
 80 01 00 00 00 5E 00 00 00 00 00 2E 01 80 01 03 
 00 0B 62 04 04 14 00 20 47 CE 30 32 D8 BA D1 F3 
 08 9C B0 C0 90 88 DE 43 50 14 91 D4 60 40 2B 90 
 CD 1B 7F C0 B6 8C A9 2F 00 08 00 22 00 0B 7A 79 
 C8 38 E2 C0 97 B8 E8 F3 B1 6C DF 2B 76 FD DF 55 
 BB 33 8E 92 22 2B A8 2B 2D 77 F6 EA 6E B0 
 SWTPM_IO_Read: length 14
 80 01 00 00 00 0E 00 00 01 69 01 80 01 04 
    IsEnEnabled(0x169 = 'NV_ReadPublic'): 1
 SWTPM_IO_Write: length 94
 80 01 00 00 00 5E 00 00 00 00 00 2E 01 80 01 04 
 00 0B 42 04 14 04 00 20 47 CE 30 32 D8 BA D1 F3 
 08 9C B0 C0 90 88 DE 43 50 14 91 D4 60 40 2B 90 
 CD 1B 7F C0 B6 8C A9 2F 00 8C 00 22 00 0B A2 68 
 7E 71 D2 AE A7 1E 19 A6 06 4A 10 89 27 1A 27 0B 
 CE 63 54 48 8B DD C1 E3 75 C0 37 D9 37 F9 
 SWTPM_IO_Read: length 14
 80 01 00 00 00 0E 00 00 01 69 01 80 01 05 
    IsEnEnabled(0x169 = 'NV_ReadPublic'): 1
 SWTPM_IO_Write: length 94
 80 01 00 00 00 5E 00 00 00 00 00 2E 01 80 01 05 
 00 0B 62 04 14 04 00 20 47 CE 30 32 D8 BA D1 F3 
 08 9C B0 C0 90 88 DE 43 50 14 91 D4 60 40 2B 90 
 CD 1B 7F C0 B6 8C A9 2F 00 8C 00 22 00 0B 9F 57 
 47 9A 60 C8 7F EF 0C B5 C9 E6 F9 CE 89 60 6D 20 
 21 70 1C 55 93 90 F1 14 82 75 F0 CC F1 D5 
 SWTPM_IO_Read: length 35
 80 02 00 00 00 23 00 00 01 4E 01 80 01 00 01 80 
 01 00 00 00 00 09 40 00 00 09 00 00 00 00 00 00 
 08 00 00 
    IsEnEnabled(0x14e = 'NV_Read'): 1
 SWTPM_IO_Write: length 29
 80 02 00 00 00 1D 00 00 00 00 00 00 00 0A 00 08 
 00 00 00 00 00 00 00 01 00 00 01 00 00 
 SWTPM_IO_Read: length 35
 80 02 00 00 00 23 00 00 01 4E 01 80 01 02 01 80 
 01 02 00 00 00 09 40 00 00 09 00 00 00 00 00 00 
 B4 00 00 
    IsEnEnabled(0x14e = 'NV_Read'): 1
 SWTPM_IO_Write: length 201
 80 02 00 00 00 C9 00 00 00 00 00 00 00 B6 00 B4 
 43 53 45 52 54 50 4D 31 00 01 01 00 00 00 00 00 
 00 00 00 01 F6 A4 B0 7C 1E 17 36 1A A6 2B BC A2 
 C6 57 9B 38 0F DE 43 BE 44 F3 88 24 A3 DB 42 E8 
 28 55 C1 73 00 00 00 00 00 00 00 01 00 00 00 00 
 00 00 00 01 00 00 00 00 00 00 00 01 00 00 00 00 
 00 00 00 01 00 00 00 00 00 00 00 01 00 00 00 00 
 00 00 00 01 00 00 00 00 00 00 00 01 00 00 00 00 
 00 00 00 00 00 00 00 00 00 00 00 00 00 00 00 00 
 00 00 00 00 00 00 00 00 00 00 00 00 00 00 00 00 
 00 00 00 00 F6 70 FC 66 E7 CF 85 91 E8 E0 B8 D9 
 16 B5 29 94 1D 71 5B 3D EE 63 4E A4 90 8D B0 50 
 58 79 BD 5C 00 00 01 00 00 
 SWTPM_IO_Read: length 35
 80 02 00 00 00 23 00 00 01 4E 01 80 01 03 01 80 
 01 03 00 00 00 09 40 00 00 09 00 00 00 00 00 00 
 08 00 00 
    IsEnEnabled(0x14e = 'NV_Read'): 1
 SWTPM_IO_Write: length 29
 80 02 00 00 00 1D 00 00 00 00 00 00 00 0A 00 08 
 00 00 00 00 00 00 00 01 00 00 01 00 00 
 SWTPM_IO_Read: length 35
 80 02 00 00 00 23 00 00 01 4E 01 80 01 05 01 80 
 01 05 00 00 00 09 40 00 00 09 00 00 00 00 00 00 
 8C 00 00 
    IsEnEnabled(0x14e = 'NV_Read'): 1
 SWTPM_IO_Write: length 161
 80 02 00 00 00 A1 00 00 00 00 00 00 00 8E 00 8C 
 43 53 45 52 54 50 4D 31 00 01 02 00 00 00 00 00 
 00 00 00 01 F6 A4 B0 7C 1E 17 36 1A A6 2B BC A2 
 C6 57 9B 38 0F DE 43 BE 44 F3 88 24 A3 DB 42 E8 
 28 55 C1 73 00 00 00 00 00 00 00 01 00 00 00 00 
 00 00 00 01 00 00 00 00 00 00 00 01 00 00 00 00 
 00 00 00 01 00 00 00 00 00 00 00 01 00 00 00 00 
 00 00 00 01 00 00 00 00 00 00 00 01 2B 0E FE 62 
 D7 22 59 17 B3 9C C4 02 8B 6A E2 9E 59 D5 AA C0 
 56 B9 B6 54 65 70 E7 2A 77 39 BE F0 00 00 01 00 
 00 
 SWTPM_IO_Read: length 14
 80 01 00 00 00 0E 00 00 01 69 01 80 01 00 
    IsEnEnabled(0x169 = 'NV_ReadPublic'): 1
 SWTPM_IO_Write: length 94
 80 01 00 00 00 5E 00 00 00 00 00 2E 01 80 01 00 
 00 0B 62 04 04 14 00 20 47 CE 30 32 D8 BA D1 F3 
 08 9C B0 C0 90 88 DE 43 50 14 91 D4 60 40 2B 90 
 CD 1B 7F C0 B6 8C A9 2F 00 08 00 22 00 0B C1 0D 
 A5 71 71 0D C0 EF 34 03 98 76 52 A2 A1 AA E0 1C 
 A0 C7 A6 3A 2D 8E DE F2 34 F2 EC AA D3 3D 
 SWTPM_IO_Read: length 14
 80 01 00 00 00 0E 00 00 01 69 01 80 01 01 
    IsEnEnabled(0x169 = 'NV_ReadPublic'): 1
 SWTPM_IO_Write: length 94
 80 01 00 00 00 5E 00 00 00 00 00 2E 01 80 01 01 
 00 0B 42 04 14 04 00 20 47 CE 30 32 D8 BA D1 F3 
 08 9C B0 C0 90 88 DE 43 50 14 91 D4 60 40 2B 90 
 CD 1B 7F C0 B6 8C A9 2F 00 B4 00 22 00 0B 6B D9 
 43 76 11 F6 77 D3 1C 85 0B C8 A6 7E FE A0 C5 A4 
 E3 E4 E3 7D CC 38 C4 C3 A5 9E 45 F5 11 C3 
 SWTPM_IO_Read: length 14
 80 01 00 00 00 0E 00 00 01 69 01 80 01 02 
    IsEnEnabled(0x169 = 'NV_ReadPublic'): 1
 SWTPM_IO_Write: length 94
 80 01 00 00 00 5E 00 00 00 00 00 2E 01 80 01 02 
 00 0B 62 04 14 04 00 20 47 CE 30 32 D8 BA D1 F3 
 08 9C B0 C0 90 88 DE 43 50 14 91 D4 60 40 2B 90 
 CD 1B 7F C0 B6 8C A9 2F 00 B4 00 22 00 0B 2A 9A 
 FE FE 5E 5D 33 57 E1 50 C8 04 FA E1 C4 93 88 0A 
 4A 05 92 CD E3 AD 8C 2D 84 BB 33 07 27 E8 
 SWTPM_IO_Read: length 14
 80 01 00 00 00 0E 00 00 01 69 01 80 01 03 
    IsEnEnabled(0x169 = 'NV_ReadPublic'): 1
 SWTPM_IO_Write: length 94
 80 01 00 00 00 5E 00 00 00 00 00 2E 01 80 01 03 
 00 0B 62 04 04 14 00 20 47 CE 30 32 D8 BA D1 F3 
 08 9C B0 C0 90 88 DE 43 50 14 91 D4 60 40 2B 90 
 CD 1B 7F C0 B6 8C A9 2F 00 08 00 22 00 0B 7A 79 
 C8 38 E2 C0 97 B8 E8 F3 B1 6C DF 2B 76 FD DF 55 
 BB 33 8E 92 22 2B A8 2B 2D 77 F6 EA 6E B0 
 SWTPM_IO_Read: length 14
 80 01 00 00 00 0E 00 00 01 69 01 80 01 04 
    IsEnEnabled(0x169 = 'NV_ReadPublic'): 1
 SWTPM_IO_Write: length 94
 80 01 00 00 00 5E 00 00 00 00 00 2E 01 80 01 04 
 00 0B 42 04 14 04 00 20 47 CE 30 32 D8 BA D1 F3 
 08 9C B0 C0 90 88 DE 43 50 14 91 D4 60 40 2B 90 
 CD 1B 7F C0 B6 8C A9 2F 00 8C 00 22 00 0B A2 68 
 7E 71 D2 AE A7 1E 19 A6 06 4A 10 89 27 1A 27 0B 
 CE 63 54 48 8B DD C1 E3 75 C0 37 D9 37 F9 
 SWTPM_IO_Read: length 14
 80 01 00 00 00 0E 00 00 01 69 01 80 01 05 
    IsEnEnabled(0x169 = 'NV_ReadPublic'): 1
 SWTPM_IO_Write: length 94
 80 01 00 00 00 5E 00 00 00 00 00 2E 01 80 01 05 
 00 0B 62 04 14 04 00 20 47 CE 30 32 D8 BA D1 F3 
 08 9C B0 C0 90 88 DE 43 50 14 91 D4 60 40 2B 90 
 CD 1B 7F C0 B6 8C A9 2F 00 8C 00 22 00 0B 9F 57 
 47 9A 60 C8 7F EF 0C B5 C9 E6 F9 CE 89 60 6D 20 
 21 70 1C 55 93 90 F1 14 82 75 F0 CC F1 D5 
 SWTPM_IO_Read: length 35
 80 02 00 00 00 23 00 00 01 4E 01 80 01 00 01 80 
 01 00 00 00 00 09 40 00 00 09 00 00 00 00 00 00 
 08 00 00 
    IsEnEnabled(0x14e = 'NV_Read'): 1
 SWTPM_IO_Write: length 29
 80 02 00 00 00 1D 00 00 00 00 00 00 00 0A 00 08 
 00 00 00 00 00 00 00 01 00 00 01 00 00 
 SWTPM_IO_Read: length 35
 80 02 00 00 00 23 00 00 01 4E 01 80 01 02 01 80 
 01 02 00 00 00 09 40 00 00 09 00 00 00 00 00 00 
 B4 00 00 
    IsEnEnabled(0x14e = 'NV_Read'): 1
 SWTPM_IO_Write: length 201
 80 02 00 00 00 C9 00 00 00 00 00 00 00 B6 00 B4 
 43 53 45 52 54 50 4D 31 00 01 01 00 00 00 00 00 
 00 00 00 01 F6 A4 B0 7C 1E 17 36 1A A6 2B BC A2 
 C6 57 9B 38 0F DE 43 BE 44 F3 88 24 A3 DB 42 E8 
 28 55 C1 73 00 00 00 00 00 00 00 01 00 00 00 00 
 00 00 00 01 00 00 00 00 00 00 00 01 00 00 00 00 
 00 00 00 01 00 00 00 00 00 00 00 01 00 00 00 00 
 00 00 00 01 00 00 00 00 00 00 00 01 00 00 00 00 
 00 00 00 00 00 00 00 00 00 00 00 00 00 00 00 00 
 00 00 00 00 00 00 00 00 00 00 00 00 00 00 00 00 
 00 00 00 00 F6 70 FC 66 E7 CF 85 91 E8 E0 B8 D9 
 16 B5 29 94 1D 71 5B 3D EE 63 4E A4 90 8D B0 50 
 58 79 BD 5C 00 00 01 00 00 
 SWTPM_IO_Read: length 35
 80 02 00 00 00 23 00 00 01 4E 01 80 01 03 01 80 
 01 03 00 00 00 09 40 00 00 09 00 00 00 00 00 00 
 08 00 00 
    IsEnEnabled(0x14e = 'NV_Read'): 1
 SWTPM_IO_Write: length 29
 80 02 00 00 00 1D 00 00 00 00 00 00 00 0A 00 08 
 00 00 00 00 00 00 00 01 00 00 01 00 00 
 SWTPM_IO_Read: length 35
 80 02 00 00 00 23 00 00 01 4E 01 80 01 05 01 80 
 01 05 00 00 00 09 40 00 00 09 00 00 00 00 00 00 
 8C 00 00 
    IsEnEnabled(0x14e = 'NV_Read'): 1
 SWTPM_IO_Write: length 161
 80 02 00 00 00 A1 00 00 00 00 00 00 00 8E 00 8C 
 43 53 45 52 54 50 4D 31 00 01 02 00 00 00 00 00 
 00 00 00 01 F6 A4 B0 7C 1E 17 36 1A A6 2B BC A2 
 C6 57 9B 38 0F DE 43 BE 44 F3 88 24 A3 DB 42 E8 
 28 55 C1 73 00 00 00 00 00 00 00 01 00 00 00 00 
 00 00 00 01 00 00 00 00 00 00 00 01 00 00 00 00 
 00 00 00 01 00 00 00 00 00 00 00 01 00 00 00 00 
 00 00 00 01 00 00 00 00 00 00 00 01 2B 0E FE 62 
 D7 22 59 17 B3 9C C4 02 8B 6A E2 9E 59 D5 AA C0 
 56 B9 B6 54 65 70 E7 2A 77 39 BE F0 00 00 01 00 
 00 
 SWTPM_IO_Read: length 175
 80 02 00 00 00 AF 00 00 01 37 01 80 01 04 01 80 
 01 04 00 00 00 09 40 00 00 09 00 00 00 00 00 00 
 8C 43 53 45 52 54 50 4D 31 00 01 02 00 00 00 00 
 00 00 00 00 02 F6 A4 B0 7C 1E 17 36 1A A6 2B BC 
 A2 C6 57 9B 38 0F DE 43 BE 44 F3 88 24 A3 DB 42 
 E8 28 55 C1 73 00 00 00 00 00 00 00 01 00 00 00 
 00 00 00 00 01 00 00 00 00 00 00 00 02 00 00 00 
 00 00 00 00 01 00 00 00 00 00 00 00 01 00 00 00 
 00 00 00 00 02 00 00 00 00 00 00 00 02 9C 4D 44 
 E3 78 EF 03 3D F1 57 0F 05 69 7C A2 DA B5 73 84 
 55 10 EE DC 50 09 F9 AE 3D E9 C1 36 26 00 00 
    IsEnEnabled(0x137 = 'NV_Write'): 1
 SWTPM_IO_Write: length 19
 80 02 00 00 00 13 00 00 00 00 00 00 00 00 00 00 
 01 00 00 
 SWTPM_IO_Read: length 35
 80 02 00 00 00 23 00 00 01 4E 01 80 01 04 01 80 
 01 04 00 00 00 09 40 00 00 09 00 00 00 00 00 00 
 8C 00 00 
    IsEnEnabled(0x14e = 'NV_Read'): 1
 SWTPM_IO_Write: length 161
 80 02 00 00 00 A1 00 00 00 00 00 00 00 8E 00 8C 
 43 53 45 52 54 50 4D 31 00 01 02 00 00 00 00 00 
 00 00 00 02 F6 A4 B0 7C 1E 17 36 1A A6 2B BC A2 
 C6 57 9B 38 0F DE 43 BE 44 F3 88 24 A3 DB 42 E8 
 28 55 C1 73 00 00 00 00 00 00 00 01 00 00 00 00 
 00 00 00 01 00 00 00 00 00 00 00 02 00 00 00 00 
 00 00 00 01 00 00 00 00 00 00 00 01 00 00 00 00 
 00 00 00 02 00 00 00 00 00 00 00 02 9C 4D 44 E3 
 78 EF 03 3D F1 57 0F 05 69 7C A2 DA B5 73 84 55 
 10 EE DC 50 09 F9 AE 3D E9 C1 36 26 00 00 01 00 
 00 
 SWTPM_IO_Read: length 31
 80 02 00 00 00 1F 00 00 01 34 01 80 01 03 01 80 
 01 03 00 00 00 09 40 00 00 09 00 00 00 00 00 
    IsEnEnabled(0x134 = 'NV_Increment'): 1
 SWTPM_IO_Write: length 19
 80 02 00 00 00 13 00 00 00 00 00 00 00 00 00 00 
 01 00 00 
 SWTPM_IO_Read: length 35
 80 02 00 00 00 23 00 00 01 4E 01 80 01 03 01 80 
 01 03 00 00 00 09 40 00 00 09 00 00 00 00 00 00 
 08 00 00 
    IsEnEnabled(0x14e = 'NV_Read'): 1
 SWTPM_IO_Write: length 29
 80 02 00 00 00 1D 00 00 00 00 00 00 00 0A 00 08 
 00 00 00 00 00 00 00 02 00 00 01 00 00 
 SWTPM_IO_Read: length 14
 80 01 00 00 00 0E 00 00 01 69 01 80 01 00 
    IsEnEnabled(0x169 = 'NV_ReadPublic'): 1
 SWTPM_IO_Write: length 94
 80 01 00 00 00 5E 00 00 00 00 00 2E 01 80 01 00 
 00 0B 62 04 04 14 00 20 47 CE 30 32 D8 BA D1 F3 
 08 9C B0 C0 90 88 DE 43 50 14 91 D4 60 40 2B 90 
 CD 1B 7F C0 B6 8C A9 2F 00 08 00 22 00 0B C1 0D 
 A5 71 71 0D C0 EF 34 03 98 76 52 A2 A1 AA E0 1C 
 A0 C7 A6 3A 2D 8E DE F2 34 F2 EC AA D3 3D 
 SWTPM_IO_Read: length 14
 80 01 00 00 00 0E 00 00 01 69 01 80 01 01 
    IsEnEnabled(0x169 = 'NV_ReadPublic'): 1
 SWTPM_IO_Write: length 94
 80 01 00 00 00 5E 00 00 00 00 00 2E 01 80 01 01 
 00 0B 42 04 14 04 00 20 47 CE 30 32 D8 BA D1 F3 
 08 9C B0 C0 90 88 DE 43 50 14 91 D4 60 40 2B 90 
 CD 1B 7F C0 B6 8C A9 2F 00 B4 00 22 00 0B 6B D9 
 43 76 11 F6 77 D3 1C 85 0B C8 A6 7E FE A0 C5 A4 
 E3 E4 E3 7D CC 38 C4 C3 A5 9E 45 F5 11 C3 
 SWTPM_IO_Read: length 14
 80 01 00 00 00 0E 00 00 01 69 01 80 01 02 
    IsEnEnabled(0x169 = 'NV_ReadPublic'): 1
 SWTPM_IO_Write: length 94
 80 01 00 00 00 5E 00 00 00 00 00 2E 01 80 01 02 
 00 0B 62 04 14 04 00 20 47 CE 30 32 D8 BA D1 F3 
 08 9C B0 C0 90 88 DE 43 50 14 91 D4 60 40 2B 90 
 CD 1B 7F C0 B6 8C A9 2F 00 B4 00 22 00 0B 2A 9A 
 FE FE 5E 5D 33 57 E1 50 C8 04 FA E1 C4 93 88 0A 
 4A 05 92 CD E3 AD 8C 2D 84 BB 33 07 27 E8 
 SWTPM_IO_Read: length 14
 80 01 00 00 00 0E 00 00 01 69 01 80 01 03 
    IsEnEnabled(0x169 = 'NV_ReadPublic'): 1
 SWTPM_IO_Write: length 94
 80 01 00 00 00 5E 00 00 00 00 00 2E 01 80 01 03 
 00 0B 62 04 04 14 00 20 47 CE 30 32 D8 BA D1 F3 
 08 9C B0 C0 90 88 DE 43 50 14 91 D4 60 40 2B 90 
 CD 1B 7F C0 B6 8C A9 2F 00 08 00 22 00 0B 7A 79 
 C8 38 E2 C0 97 B8 E8 F3 B1 6C DF 2B 76 FD DF 55 
 BB 33 8E 92 22 2B A8 2B 2D 77 F6 EA 6E B0 
 SWTPM_IO_Read: length 14
 80 01 00 00 00 0E 00 00 01 69 01 80 01 04 
    IsEnEnabled(0x169 = 'NV_ReadPublic'): 1
 SWTPM_IO_Write: length 94
 80 01 00 00 00 5E 00 00 00 00 00 2E 01 80 01 04 
 00 0B 62 04 14 04 00 20 47 CE 30 32 D8 BA D1 F3 
 08 9C B0 C0 90 88 DE 43 50 14 91 D4 60 40 2B 90 
 CD 1B 7F C0 B6 8C A9 2F 00 8C 00 22 00 0B 71 EF 
 44 50 1B 87 8C 5C 3C 0A 28 E2 38 93 CD 2B FA 86 
 21 68 21 E8 7D 6B C8 B5 59 BE 8C 97 DC 5D 
 SWTPM_IO_Read: length 14
 80 01 00 00 00 0E 00 00 01 69 01 80 01 05 
    IsEnEnabled(0x169 = 'NV_ReadPublic'): 1
 SWTPM_IO_Write: length 94
 80 01 00 00 00 5E 00 00 00 00 00 2E 01 80 01 05 
 00 0B 62 04 14 04 00 20 47 CE 30 32 D8 BA D1 F3 
 08 9C B0 C0 90 88 DE 43 50 14 91 D4 60 40 2B 90 
 CD 1B 7F C0 B6 8C A9 2F 00 8C 00 22 00 0B 9F 57 
 47 9A 60 C8 7F EF 0C B5 C9 E6 F9 CE 89 60 6D 20 
 21 70 1C 55 93 90 F1 14 82 75 F0 CC F1 D5 
 SWTPM_IO_Read: length 35
 80 02 00 00 00 23 00 00 01 4E 01 80 01 00 01 80 
 01 00 00 00 00 09 40 00 00 09 00 00 00 00 00 00 
 08 00 00 
    IsEnEnabled(0x14e = 'NV_Read'): 1
 SWTPM_IO_Write: length 29
 80 02 00 00 00 1D 00 00 00 00 00 00 00 0A 00 08 
 00 00 00 00 00 00 00 01 00 00 01 00 00 
 SWTPM_IO_Read: length 35
 80 02 00 00 00 23 00 00 01 4E 01 80 01 02 01 80 
 01 02 00 00 00 09 40 00 00 09 00 00 00 00 00 00 
 B4 00 00 
    IsEnEnabled(0x14e = 'NV_Read'): 1
 SWTPM_IO_Write: length 201
 80 02 00 00 00 C9 00 00 00 00 00 00 00 B6 00 B4 
 43 53 45 52 54 50 4D 31 00 01 01 00 00 00 00 00 
 00 00 00 01 F6 A4 B0 7C 1E 17 36 1A A6 2B BC A2 
 C6 57 9B 38 0F DE 43 BE 44 F3 88 24 A3 DB 42 E8 
 28 55 C1 73 00 00 00 00 00 00 00 01 00 00 00 00 
 00 00 00 01 00 00 00 00 00 00 00 01 00 00 00 00 
 00 00 00 01 00 00 00 00 00 00 00 01 00 00 00 00 
 00 00 00 01 00 00 00 00 00 00 00 01 00 00 00 00 
 00 00 00 00 00 00 00 00 00 00 00 00 00 00 00 00 
 00 00 00 00 00 00 00 00 00 00 00 00 00 00 00 00 
 00 00 00 00 F6 70 FC 66 E7 CF 85 91 E8 E0 B8 D9 
 16 B5 29 94 1D 71 5B 3D EE 63 4E A4 90 8D B0 50 
 58 79 BD 5C 00 00 01 00 00 
 SWTPM_IO_Read: length 35
 80 02 00 00 00 23 00 00 01 4E 01 80 01 03 01 80 
 01 03 00 00 00 09 40 00 00 09 00 00 00 00 00 00 
 08 00 00 
    IsEnEnabled(0x14e = 'NV_Read'): 1
 SWTPM_IO_Write: length 29
 80 02 00 00 00 1D 00 00 00 00 00 00 00 0A 00 08 
 00 00 00 00 00 00 00 02 00 00 01 00 00 
 SWTPM_IO_Read: length 35
 80 02 00 00 00 23 00 00 01 4E 01 80 01 04 01 80 
 01 04 00 00 00 09 40 00 00 09 00 00 00 00 00 00 
 8C 00 00 
    IsEnEnabled(0x14e = 'NV_Read'): 1
 SWTPM_IO_Write: length 161
 80 02 00 00 00 A1 00 00 00 00 00 00 00 8E 00 8C 
 43 53 45 52 54 50 4D 31 00 01 02 00 00 00 00 00 
 00 00 00 02 F6 A4 B0 7C 1E 17 36 1A A6 2B BC A2 
 C6 57 9B 38 0F DE 43 BE 44 F3 88 24 A3 DB 42 E8 
 28 55 C1 73 00 00 00 00 00 00 00 01 00 00 00 00 
 00 00 00 01 00 00 00 00 00 00 00 02 00 00 00 00 
 00 00 00 01 00 00 00 00 00 00 00 01 00 00 00 00 
 00 00 00 02 00 00 00 00 00 00 00 02 9C 4D 44 E3 
 78 EF 03 3D F1 57 0F 05 69 7C A2 DA B5 73 84 55 
 10 EE DC 50 09 F9 AE 3D E9 C1 36 26 00 00 01 00 
 00 
 SWTPM_IO_Read: length 215
 80 02 00 00 00 D7 00 00 01 37 01 80 01 01 01 80 
 01 01 00 00 00 09 40 00 00 09 00 00 00 00 00 00 
 B4 43 53 45 52 54 50 4D 31 00 01 01 00 00 00 00 
 00 00 00 00 02 F6 A4 B0 7C 1E 17 36 1A A6 2B BC 
 A2 C6 57 9B 38 0F DE 43 BE 44 F3 88 24 A3 DB 42 
 E8 28 55 C1 73 00 00 00 00 00 00 00 01 00 00 00 
 00 00 00 00 01 00 00 00 00 00 00 00 02 00 00 00 
 00 00 00 00 01 00 00 00 00 00 00 00 01 00 00 00 
 00 00 00 00 02 00 00 00 00 00 00 00 02 00 00 00 
 00 00 00 00 01 AD 25 70 62 1F 28 88 35 41 B8 23 
 B5 04 5E B0 D6 AA 53 3C 95 DE 21 AD 13 B7 C5 77 
 66 03 1B 81 ED C0 FF 6A 53 45 C8 AC D4 47 F8 7B 
 17 B1 38 17 15 0E 69 7C 25 5B 68 84 FE 5D 9D 53 
 EB 5F B5 ED 71 00 00 
    IsEnEnabled(0x137 = 'NV_Write'): 1
 SWTPM_IO_Write: length 19
 80 02 00 00 00 13 00 00 00 00 00 00 00 00 00 00 
 01 00 00 
 SWTPM_IO_Read: length 35
 80 02 00 00 00 23 00 00 01 4E 01 80 01 01 01 80 
 01 01 00 00 00 09 40 00 00 09 00 00 00 00 00 00 
 B4 00 00 
    IsEnEnabled(0x14e = 'NV_Read'): 1
 SWTPM_IO_Write: length 201
 80 02 00 00 00 C9 00 00 00 00 00 00 00 B6 00 B4 
 43 53 45 52 54 50 4D 31 00 01 01 00 00 00 00 00 
 00 00 00 02 F6 A4 B0 7C 1E 17 36 1A A6 2B BC A2 
 C6 57 9B 38 0F DE 43 BE 44 F3 88 24 A3 DB 42 E8 
 28 55 C1 73 00 00 00 00 00 00 00 01 00 00 00 00 
 00 00 00 01 00 00 00 00 00 00 00 02 00 00 00 00 
 00 00 00 01 00 00 00 00 00 00 00 01 00 00 00 00 
 00 00 00 02 00 00 00 00 00 00 00 02 00 00 00 00 
 00 00 00 01 AD 25 70 62 1F 28 88 35 41 B8 23 B5 
 04 5E B0 D6 AA 53 3C 95 DE 21 AD 13 B7 C5 77 66 
 03 1B 81 ED C0 FF 6A 53 45 C8 AC D4 47 F8 7B 17 
 B1 38 17 15 0E 69 7C 25 5B 68 84 FE 5D 9D 53 EB 
 5F B5 ED 71 00 00 01 00 00 
 SWTPM_IO_Read: length 31
 80 02 00 00 00 1F 00 00 01 34 01 80 01 00 01 80 
 01 00 00 00 00 09 40 00 00 09 00 00 00 00 00 
    IsEnEnabled(0x134 = 'NV_Increment'): 1
 SWTPM_IO_Write: length 19
 80 02 00 00 00 13 00 00 00 00 00 00 00 00 00 00 
 01 00 00 
 SWTPM_IO_Read: length 35
 80 02 00 00 00 23 00 00 01 4E 01 80 01 00 01 80 
 01 00 00 00 00 09 40 00 00 09 00 00 00 00 00 00 
 08 00 00 
    IsEnEnabled(0x14e = 'NV_Read'): 1
 SWTPM_IO_Write: length 29
 80 02 00 00 00 1D 00 00 00 00 00 00 00 0A 00 08 
 00 00 00 00 00 00 00 02 00 00 01 00 00 
 SWTPM_IO_Read: length 14
 80 01 00 00 00 0E 00 00 01 69 01 80 01 00 
    IsEnEnabled(0x169 = 'NV_ReadPublic'): 1
 SWTPM_IO_Write: length 94
 80 01 00 00 00 5E 00 00 00 00 00 2E 01 80 01 00 
 00 0B 62 04 04 14 00 20 47 CE 30 32 D8 BA D1 F3 
 08 9C B0 C0 90 88 DE 43 50 14 91 D4 60 40 2B 90 
 CD 1B 7F C0 B6 8C A9 2F 00 08 00 22 00 0B C1 0D 
 A5 71 71 0D C0 EF 34 03 98 76 52 A2 A1 AA E0 1C 
 A0 C7 A6 3A 2D 8E DE F2 34 F2 EC AA D3 3D 
 SWTPM_IO_Read: length 14
 80 01 00 00 00 0E 00 00 01 69 01 80 01 01 
    IsEnEnabled(0x169 = 'NV_ReadPublic'): 1
 SWTPM_IO_Write: length 94
 80 01 00 00 00 5E 00 00 00 00 00 2E 01 80 01 01 
 00 0B 62 04 14 04 00 20 47 CE 30 32 D8 BA D1 F3 
 08 9C B0 C0 90 88 DE 43 50 14 91 D4 60 40 2B 90 
 CD 1B 7F C0 B6 8C A9 2F 00 B4 00 22 00 0B 61 A3 
 FC 9A 66 53 70 0A 3F E3 E3 E1 EA 84 C9 69 FD 04 
 5F 2D D7 7B 23 4C E6 CD 3B B8 BF 1A 39 F7 
 SWTPM_IO_Read: length 14
 80 01 00 00 00 0E 00 00 01 69 01 80 01 02 
    IsEnEnabled(0x169 = 'NV_ReadPublic'): 1
 SWTPM_IO_Write: length 94
 80 01 00 00 00 5E 00 00 00 00 00 2E 01 80 01 02 
 00 0B 62 04 14 04 00 20 47 CE 30 32 D8 BA D1 F3 
 08 9C B0 C0 90 88 DE 43 50 14 91 D4 60 40 2B 90 
 CD 1B 7F C0 B6 8C A9 2F 00 B4 00 22 00 0B 2A 9A 
 FE FE 5E 5D 33 57 E1 50 C8 04 FA E1 C4 93 88 0A 
 4A 05 92 CD E3 AD 8C 2D 84 BB 33 07 27 E8 
 SWTPM_IO_Read: length 14
 80 01 00 00 00 0E 00 00 01 69 01 80 01 03 
    IsEnEnabled(0x169 = 'NV_ReadPublic'): 1
 SWTPM_IO_Write: length 94
 80 01 00 00 00 5E 00 00 00 00 00 2E 01 80 01 03 
 00 0B 62 04 04 14 00 20 47 CE 30 32 D8 BA D1 F3 
 08 9C B0 C0 90 88 DE 43 50 14 91 D4 60 40 2B 90 
 CD 1B 7F C0 B6 8C A9 2F 00 08 00 22 00 0B 7A 79 
 C8 38 E2 C0 97 B8 E8 F3 B1 6C DF 2B 76 FD DF 55 
 BB 33 8E 92 22 2B A8 2B 2D 77 F6 EA 6E B0 
 SWTPM_IO_Read: length 14
 80 01 00 00 00 0E 00 00 01 69 01 80 01 04 
    IsEnEnabled(0x169 = 'NV_ReadPublic'): 1
 SWTPM_IO_Write: length 94
 80 01 00 00 00 5E 00 00 00 00 00 2E 01 80 01 04 
 00 0B 62 04 14 04 00 20 47 CE 30 32 D8 BA D1 F3 
 08 9C B0 C0 90 88 DE 43 50 14 91 D4 60 40 2B 90 
 CD 1B 7F C0 B6 8C A9 2F 00 8C 00 22 00 0B 71 EF 
 44 50 1B 87 8C 5C 3C 0A 28 E2 38 93 CD 2B FA 86 
 21 68 21 E8 7D 6B C8 B5 59 BE 8C 97 DC 5D 
 SWTPM_IO_Read: length 14
 80 01 00 00 00 0E 00 00 01 69 01 80 01 05 
    IsEnEnabled(0x169 = 'NV_ReadPublic'): 1
 SWTPM_IO_Write: length 94
 80 01 00 00 00 5E 00 00 00 00 00 2E 01 80 01 05 
 00 0B 62 04 14 04 00 20 47 CE 30 32 D8 BA D1 F3 
 08 9C B0 C0 90 88 DE 43 50 14 91 D4 60 40 2B 90 
 CD 1B 7F C0 B6 8C A9 2F 00 8C 00 22 00 0B 9F 57 
 47 9A 60 C8 7F EF 0C B5 C9 E6 F9 CE 89 60 6D 20 
 21 70 1C 55 93 90 F1 14 82 75 F0 CC F1 D5 
 SWTPM_IO_Read: length 35
 80 02 00 00 00 23 00 00 01 4E 01 80 01 00 01 80 
 01 00 00 00 00 09 40 00 00 09 00 00 00 00 00 00 
 08 00 00 
    IsEnEnabled(0x14e = 'NV_Read'): 1
 SWTPM_IO_Write: length 29
 80 02 00 00 00 1D 00 00 00 00 00 00 00 0A 00 08 
 00 00 00 00 00 00 00 02 00 00 01 00 00 
 SWTPM_IO_Read: length 35
 80 02 00 00 00 23 00 00 01 4E 01 80 01 01 01 80 
 01 01 00 00 00 09 40 00 00 09 00 00 00 00 00 00 
 B4 00 00 
    IsEnEnabled(0x14e = 'NV_Read'): 1
 SWTPM_IO_Write: length 201
 80 02 00 00 00 C9 00 00 00 00 00 00 00 B6 00 B4 
 43 53 45 52 54 50 4D 31 00 01 01 00 00 00 00 00 
 00 00 00 02 F6 A4 B0 7C 1E 17 36 1A A6 2B BC A2 
 C6 57 9B 38 0F DE 43 BE 44 F3 88 24 A3 DB 42 E8 
 28 55 C1 73 00 00 00 00 00 00 00 01 00 00 00 00 
 00 00 00 01 00 00 00 00 00 00 00 02 00 00 00 00 
 00 00 00 01 00 00 00 00 00 00 00 01 00 00 00 00 
 00 00 00 02 00 00 00 00 00 00 00 02 00 00 00 00 
 00 00 00 01 AD 25 70 62 1F 28 88 35 41 B8 23 B5 
 04 5E B0 D6 AA 53 3C 95 DE 21 AD 13 B7 C5 77 66 
 03 1B 81 ED C0 FF 6A 53 45 C8 AC D4 47 F8 7B 17 
 B1 38 17 15 0E 69 7C 25 5B 68 84 FE 5D 9D 53 EB 
 5F B5 ED 71 00 00 01 00 00 
 SWTPM_IO_Read: length 35
 80 02 00 00 00 23 00 00 01 4E 01 80 01 03 01 80 
 01 03 00 00 00 09 40 00 00 09 00 00 00 00 00 00 
 08 00 00 
    IsEnEnabled(0x14e = 'NV_Read'): 1
 SWTPM_IO_Write: length 29
 80 02 00 00 00 1D 00 00 00 00 00 00 00 0A 00 08 
 00 00 00 00 00 00 00 02 00 00 01 00 00 
 SWTPM_IO_Read: length 35
 80 02 00 00 00 23 00 00 01 4E 01 80 01 04 01 80 
 01 04 00 00 00 09 40 00 00 09 00 00 00 00 00 00 
 8C 00 00 
    IsEnEnabled(0x14e = 'NV_Read'): 1
 SWTPM_IO_Write: length 161
 80 02 00 00 00 A1 00 00 00 00 00 00 00 8E 00 8C 
 43 53 45 52 54 50 4D 31 00 01 02 00 00 00 00 00 
 00 00 00 02 F6 A4 B0 7C 1E 17 36 1A A6 2B BC A2 
 C6 57 9B 38 0F DE 43 BE 44 F3 88 24 A3 DB 42 E8 
 28 55 C1 73 00 00 00 00 00 00 00 01 00 00 00 00 
 00 00 00 01 00 00 00 00 00 00 00 02 00 00 00 00 
 00 00 00 01 00 00 00 00 00 00 00 01 00 00 00 00 
 00 00 00 02 00 00 00 00 00 00 00 02 9C 4D 44 E3 
 78 EF 03 3D F1 57 0F 05 69 7C A2 DA B5 73 84 55 
 10 EE DC 50 09 F9 AE 3D E9 C1 36 26 00 00 01 00 
 00 
 SWTPM_IO_Read: length 215
 80 02 00 00 00 D7 00 00 01 37 01 80 01 02 01 80 
 01 02 00 00 00 09 40 00 00 09 00 00 00 00 00 00 
 B4 43 53 45 52 54 50 4D 31 00 01 01 00 00 00 00 
 00 00 00 00 03 F6 A4 B0 7C 1E 17 36 1A A6 2B BC 
 A2 C6 57 9B 38 0F DE 43 BE 44 F3 88 24 A3 DB 42 
 E8 28 55 C1 73 00 00 00 00 00 00 00 01 00 00 00 
 00 00 00 00 01 00 00 00 00 00 00 00 02 00 00 00 
 00 00 00 00 01 00 00 00 00 00 00 00 01 00 00 00 
 00 00 00 00 02 00 00 00 00 00 00 00 02 00 00 00 
 00 00 00 00 02 A7 02 09 99 FC 3B BB DA 8F EA 1D 
 24 E5 1F BE DA 37 84 A0 79 2F 97 B6 A3 0F DB 7E 
 A0 C0 0E 9D E3 21 93 28 D7 F3 3D C4 44 DB 77 6E 
 79 FE BD 9C 9E DD D7 25 69 D0 79 E9 F4 77 76 37 
 5E 4A 52 FA 4D 00 00 
    IsEnEnabled(0x137 = 'NV_Write'): 1
 SWTPM_IO_Write: length 19
 80 02 00 00 00 13 00 00 00 00 00 00 00 00 00 00 
 01 00 00 
 SWTPM_IO_Read: length 35
 80 02 00 00 00 23 00 00 01 4E 01 80 01 02 01 80 
 01 02 00 00 00 09 40 00 00 09 00 00 00 00 00 00 
 B4 00 00 
    IsEnEnabled(0x14e = 'NV_Read'): 1
 SWTPM_IO_Write: length 201
 80 02 00 00 00 C9 00 00 00 00 00 00 00 B6 00 B4 
 43 53 45 52 54 50 4D 31 00 01 01 00 00 00 00 00 
 00 00 00 03 F6 A4 B0 7C 1E 17 36 1A A6 2B BC A2 
 C6 57 9B 38 0F DE 43 BE 44 F3 88 24 A3 DB 42 E8 
 28 55 C1 73 00 00 00 00 00 00 00 01 00 00 00 00 
 00 00 00 01 00 00 00 00 00 00 00 02 00 00 00 00 
 00 00 00 01 00 00 00 00 00 00 00 01 00 00 00 00 
 00 00 00 02 00 00 00 00 00 00 00 02 00 00 00 00 
 00 00 00 02 A7 02 09 99 FC 3B BB DA 8F EA 1D 24 
 E5 1F BE DA 37 84 A0 79 2F 97 B6 A3 0F DB 7E A0 
 C0 0E 9D E3 21 93 28 D7 F3 3D C4 44 DB 77 6E 79 
 FE BD 9C 9E DD D7 25 69 D0 79 E9 F4 77 76 37 5E 
 4A 52 FA 4D 00 00 01 00 00 
 SWTPM_IO_Read: length 31
 80 02 00 00 00 1F 00 00 01 34 01 80 01 00 01 80 
 01 00 00 00 00 09 40 00 00 09 00 00 00 00 00 
    IsEnEnabled(0x134 = 'NV_Increment'): 1
 SWTPM_IO_Write: length 19
 80 02 00 00 00 13 00 00 00 00 00 00 00 00 00 00 
 01 00 00 
 SWTPM_IO_Read: length 35
 80 02 00 00 00 23 00 00 01 4E 01 80 01 00 01 80 
 01 00 00 00 00 09 40 00 00 09 00 00 00 00 00 00 
 08 00 00 
    IsEnEnabled(0x14e = 'NV_Read'): 1
 SWTPM_IO_Write: length 29
 80 02 00 00 00 1D 00 00 00 00 00 00 00 0A 00 08 
 00 00 00 00 00 00 00 03 00 00 01 00 00 
 SWTPM_IO_Read: length 14
 80 01 00 00 00 0E 00 00 01 69 01 80 01 00 
    IsEnEnabled(0x169 = 'NV_ReadPublic'): 1
 SWTPM_IO_Write: length 94
 80 01 00 00 00 5E 00 00 00 00 00 2E 01 80 01 00 
 00 0B 62 04 04 14 00 20 47 CE 30 32 D8 BA D1 F3 
 08 9C B0 C0 90 88 DE 43 50 14 91 D4 60 40 2B 90 
 CD 1B 7F C0 B6 8C A9 2F 00 08 00 22 00 0B C1 0D 
 A5 71 71 0D C0 EF 34 03 98 76 52 A2 A1 AA E0 1C 
 A0 C7 A6 3A 2D 8E DE F2 34 F2 EC AA D3 3D 
 SWTPM_IO_Read: length 14
 80 01 00 00 00 0E 00 00 01 69 01 80 01 01 
    IsEnEnabled(0x169 = 'NV_ReadPublic'): 1
 SWTPM_IO_Write: length 94
 80 01 00 00 00 5E 00 00 00 00 00 2E 01 80 01 01 
 00 0B 62 04 14 04 00 20 47 CE 30 32 D8 BA D1 F3 
 08 9C B0 C0 90 88 DE 43 50 14 91 D4 60 40 2B 90 
 CD 1B 7F C0 B6 8C A9 2F 00 B4 00 22 00 0B 61 A3 
 FC 9A 66 53 70 0A 3F E3 E3 E1 EA 84 C9 69 FD 04 
 5F 2D D7 7B 23 4C E6 CD 3B B8 BF 1A 39 F7 
 SWTPM_IO_Read: length 14
 80 01 00 00 00 0E 00 00 01 69 01 80 01 02 
    IsEnEnabled(0x169 = 'NV_ReadPublic'): 1
 SWTPM_IO_Write: length 94
 80 01 00 00 00 5E 00 00 00 00 00 2E 01 80 01 02 
 00 0B 62 04 14 04 00 20 47 CE 30 32 D8 BA D1 F3 
 08 9C B0 C0 90 88 DE 43 50 14 91 D4 60 40 2B 90 
 CD 1B 7F C0 B6 8C A9 2F 00 B4 00 22 00 0B 2A 9A 
 FE FE 5E 5D 33 57 E1 50 C8 04 FA E1 C4 93 88 0A 
 4A 05 92 CD E3 AD 8C 2D 84 BB 33 07 27 E8 
 SWTPM_IO_Read: length 14
 80 01 00 00 00 0E 00 00 01 69 01 80 01 03 
    IsEnEnabled(0x169 = 'NV_ReadPublic'): 1
 SWTPM_IO_Write: length 94
 80 01 00 00 00 5E 00 00 00 00 00 2E 01 80 01 03 
 00 0B 62 04 04 14 00 20 47 CE 30 32 D8 BA D1 F3 
 08 9C B0 C0 90 88 DE 43 50 14 91 D4 60 40 2B 90 
 CD 1B 7F C0 B6 8C A9 2F 00 08 00 22 00 0B 7A 79 
 C8 38 E2 C0 97 B8 E8 F3 B1 6C DF 2B 76 FD DF 55 
 BB 33 8E 92 22 2B A8 2B 2D 77 F6 EA 6E B0 
 SWTPM_IO_Read: length 14
 80 01 00 00 00 0E 00 00 01 69 01 80 01 04 
    IsEnEnabled(0x169 = 'NV_ReadPublic'): 1
 SWTPM_IO_Write: length 94
 80 01 00 00 00 5E 00 00 00 00 00 2E 01 80 01 04 
 00 0B 62 04 14 04 00 20 47 CE 30 32 D8 BA D1 F3 
 08 9C B0 C0 90 88 DE 43 50 14 91 D4 60 40 2B 90 
 CD 1B 7F C0 B6 8C A9 2F 00 8C 00 22 00 0B 71 EF 
 44 50 1B 87 8C 5C 3C 0A 28 E2 38 93 CD 2B FA 86 
 21 68 21 E8 7D 6B C8 B5 59 BE 8C 97 DC 5D 
 SWTPM_IO_Read: length 14
 80 01 00 00 00 0E 00 00 01 69 01 80 01 05 
    IsEnEnabled(0x169 = 'NV_ReadPublic'): 1
 SWTPM_IO_Write: length 94
 80 01 00 00 00 5E 00 00 00 00 00 2E 01 80 01 05 
 00 0B 62 04 14 04 00 20 47 CE 30 32 D8 BA D1 F3 
 08 9C B0 C0 90 88 DE 43 50 14 91 D4 60 40 2B 90 
 CD 1B 7F C0 B6 8C A9 2F 00 8C 00 22 00 0B 9F 57 
 47 9A 60 C8 7F EF 0C B5 C9 E6 F9 CE 89 60 6D 20 
 21 70 1C 55 93 90 F1 14 82 75 F0 CC F1 D5 
 SWTPM_IO_Read: length 35
 80 02 00 00 00 23 00 00 01 4E 01 80 01 00 01 80 
 01 00 00 00 00 09 40 00 00 09 00 00 00 00 00 00 
 08 00 00 
    IsEnEnabled(0x14e = 'NV_Read'): 1
 SWTPM_IO_Write: length 29
 80 02 00 00 00 1D 00 00 00 00 00 00 00 0A 00 08 
 00 00 00 00 00 00 00 03 00 00 01 00 00 
 SWTPM_IO_Read: length 35
 80 02 00 00 00 23 00 00 01 4E 01 80 01 02 01 80 
 01 02 00 00 00 09 40 00 00 09 00 00 00 00 00 00 
 B4 00 00 
    IsEnEnabled(0x14e = 'NV_Read'): 1
 SWTPM_IO_Write: length 201
 80 02 00 00 00 C9 00 00 00 00 00 00 00 B6 00 B4 
 43 53 45 52 54 50 4D 31 00 01 01 00 00 00 00 00 
 00 00 00 03 F6 A4 B0 7C 1E 17 36 1A A6 2B BC A2 
 C6 57 9B 38 0F DE 43 BE 44 F3 88 24 A3 DB 42 E8 
 28 55 C1 73 00 00 00 00 00 00 00 01 00 00 00 00 
 00 00 00 01 00 00 00 00 00 00 00 02 00 00 00 00 
 00 00 00 01 00 00 00 00 00 00 00 01 00 00 00 00 
 00 00 00 02 00 00 00 00 00 00 00 02 00 00 00 00 
 00 00 00 02 A7 02 09 99 FC 3B BB DA 8F EA 1D 24 
 E5 1F BE DA 37 84 A0 79 2F 97 B6 A3 0F DB 7E A0 
 C0 0E 9D E3 21 93 28 D7 F3 3D C4 44 DB 77 6E 79 
 FE BD 9C 9E DD D7 25 69 D0 79 E9 F4 77 76 37 5E 
 4A 52 FA 4D 00 00 01 00 00 
 SWTPM_IO_Read: length 35
 80 02 00 00 00 23 00 00 01 4E 01 80 01 03 01 80 
 01 03 00 00 00 09 40 00 00 09 00 00 00 00 00 00 
 08 00 00 
    IsEnEnabled(0x14e = 'NV_Read'): 1
 SWTPM_IO_Write: length 29
 80 02 00 00 00 1D 00 00 00 00 00 00 00 0A 00 08 
 00 00 00 00 00 00 00 02 00 00 01 00 00 
 SWTPM_IO_Read: length 35
 80 02 00 00 00 23 00 00 01 4E 01 80 01 04 01 80 
 01 04 00 00 00 09 40 00 00 09 00 00 00 00 00 00 
 8C 00 00 
    IsEnEnabled(0x14e = 'NV_Read'): 1
 SWTPM_IO_Write: length 161
 80 02 00 00 00 A1 00 00 00 00 00 00 00 8E 00 8C 
 43 53 45 52 54 50 4D 31 00 01 02 00 00 00 00 00 
 00 00 00 02 F6 A4 B0 7C 1E 17 36 1A A6 2B BC A2 
 C6 57 9B 38 0F DE 43 BE 44 F3 88 24 A3 DB 42 E8 
 28 55 C1 73 00 00 00 00 00 00 00 01 00 00 00 00 
 00 00 00 01 00 00 00 00 00 00 00 02 00 00 00 00 
 00 00 00 01 00 00 00 00 00 00 00 01 00 00 00 00 
 00 00 00 02 00 00 00 00 00 00 00 02 9C 4D 44 E3 
 78 EF 03 3D F1 57 0F 05 69 7C A2 DA B5 73 84 55 
 10 EE DC 50 09 F9 AE 3D E9 C1 36 26 00 00 01 00 
 00 
 SWTPM_IO_Read: length 215
 80 02 00 00 00 D7 00 00 01 37 01 80 01 01 01 80 
 01 01 00 00 00 09 40 00 00 09 00 00 00 00 00 00 
 B4 43 53 45 52 54 50 4D 31 00 01 01 00 00 00 00 
 00 00 00 00 04 F6 A4 B0 7C 1E 17 36 1A A6 2B BC 
 A2 C6 57 9B 38 0F DE 43 BE 44 F3 88 24 A3 DB 42 
 E8 28 55 C1 73 00 00 00 00 00 00 00 01 00 00 00 
 00 00 00 00 01 00 00 00 00 00 00 00 02 00 00 00 
 00 00 00 00 01 00 00 00 00 00 00 00 01 00 00 00 
 00 00 00 00 02 00 00 00 00 00 00 00 02 00 00 00 
 00 00 00 00 03 35 E2 0B 13 A1 15 34 0A 11 57 1B 
 D4 3F 96 E2 EC E3 95 F3 E1 40 E9 2A 2B 84 EC 90 
 BC 4B F8 35 9D 9F B6 AD 6D F7 35 D4 D5 5A E3 2F 
 19 E5 A1 7F 2D B2 AF B1 33 DF E7 5C 22 D7 81 DB 
 F4 81 66 95 0B 00 00 
    IsEnEnabled(0x137 = 'NV_Write'): 1
 SWTPM_IO_Write: length 19
 80 02 00 00 00 13 00 00 00 00 00 00 00 00 00 00 
 01 00 00 
 SWTPM_IO_Read: length 35
 80 02 00 00 00 23 00 00 01 4E 01 80 01 01 01 80 
 01 01 00 00 00 09 40 00 00 09 00 00 00 00 00 00 
 B4 00 00 
    IsEnEnabled(0x14e = 'NV_Read'): 1
 SWTPM_IO_Write: length 201
 80 02 00 00 00 C9 00 00 00 00 00 00 00 B6 00 B4 
 43 53 45 52 54 50 4D 31 00 01 01 00 00 00 00 00 
 00 00 00 04 F6 A4 B0 7C 1E 17 36 1A A6 2B BC A2 
 C6 57 9B 38 0F DE 43 BE 44 F3 88 24 A3 DB 42 E8 
 28 55 C1 73 00 00 00 00 00 00 00 01 00 00 00 00 
 00 00 00 01 00 00 00 00 00 00 00 02 00 00 00 00 
 00 00 00 01 00 00 00 00 00 00 00 01 00 00 00 00 
 00 00 00 02 00 00 00 00 00 00 00 02 00 00 00 00 
 00 00 00 03 35 E2 0B 13 A1 15 34 0A 11 57 1B D4 
 3F 96 E2 EC E3 95 F3 E1 40 E9 2A 2B 84 EC 90 BC 
 4B F8 35 9D 9F B6 AD 6D F7 35 D4 D5 5A E3 2F 19 
 E5 A1 7F 2D B2 AF B1 33 DF E7 5C 22 D7 81 DB F4 
 81 66 95 0B 00 00 01 00 00 
 SWTPM_IO_Read: length 31
 80 02 00 00 00 1F 00 00 01 34 01 80 01 00 01 80 
 01 00 00 00 00 09 40 00 00 09 00 00 00 00 00 
    IsEnEnabled(0x134 = 'NV_Increment'): 1
 SWTPM_IO_Write: length 19
 80 02 00 00 00 13 00 00 00 00 00 00 00 00 00 00 
 01 00 00 
 SWTPM_IO_Read: length 35
 80 02 00 00 00 23 00 00 01 4E 01 80 01 00 01 80 
 01 00 00 00 00 09 40 00 00 09 00 00 00 00 00 00 
 08 00 00 
    IsEnEnabled(0x14e = 'NV_Read'): 1
 SWTPM_IO_Write: length 29
 80 02 00 00 00 1D 00 00 00 00 00 00 00 0A 00 08 
 00 00 00 00 00 00 00 04 00 00 01 00 00 
 SWTPM_IO_Read: length 14
 80 01 00 00 00 0E 00 00 01 69 01 80 01 00 
    IsEnEnabled(0x169 = 'NV_ReadPublic'): 1
 SWTPM_IO_Write: length 94
 80 01 00 00 00 5E 00 00 00 00 00 2E 01 80 01 00 
 00 0B 62 04 04 14 00 20 47 CE 30 32 D8 BA D1 F3 
 08 9C B0 C0 90 88 DE 43 50 14 91 D4 60 40 2B 90 
 CD 1B 7F C0 B6 8C A9 2F 00 08 00 22 00 0B C1 0D 
 A5 71 71 0D C0 EF 34 03 98 76 52 A2 A1 AA E0 1C 
 A0 C7 A6 3A 2D 8E DE F2 34 F2 EC AA D3 3D 
 SWTPM_IO_Read: length 14
 80 01 00 00 00 0E 00 00 01 69 01 80 01 01 
    IsEnEnabled(0x169 = 'NV_ReadPublic'): 1
 SWTPM_IO_Write: length 94
 80 01 00 00 00 5E 00 00 00 00 00 2E 01 80 01 01 
 00 0B 62 04 14 04 00 20 47 CE 30 32 D8 BA D1 F3 
 08 9C B0 C0 90 88 DE 43 50 14 91 D4 60 40 2B 90 
 CD 1B 7F C0 B6 8C A9 2F 00 B4 00 22 00 0B 61 A3 
 FC 9A 66 53 70 0A 3F E3 E3 E1 EA 84 C9 69 FD 04 
 5F 2D D7 7B 23 4C E6 CD 3B B8 BF 1A 39 F7 
 SWTPM_IO_Read: length 14
 80 01 00 00 00 0E 00 00 01 69 01 80 01 02 
    IsEnEnabled(0x169 = 'NV_ReadPublic'): 1
 SWTPM_IO_Write: length 94
 80 01 00 00 00 5E 00 00 00 00 00 2E 01 80 01 02 
 00 0B 62 04 14 04 00 20 47 CE 30 32 D8 BA D1 F3 
 08 9C B0 C0 90 88 DE 43 50 14 91 D4 60 40 2B 90 
 CD 1B 7F C0 B6 8C A9 2F 00 B4 00 22 00 0B 2A 9A 
 FE FE 5E 5D 33 57 E1 50 C8 04 FA E1 C4 93 88 0A 
 4A 05 92 CD E3 AD 8C 2D 84 BB 33 07 27 E8 
 SWTPM_IO_Read: length 14
 80 01 00 00 00 0E 00 00 01 69 01 80 01 03 
    IsEnEnabled(0x169 = 'NV_ReadPublic'): 1
 SWTPM_IO_Write: length 94
 80 01 00 00 00 5E 00 00 00 00 00 2E 01 80 01 03 
 00 0B 62 04 04 14 00 20 47 CE 30 32 D8 BA D1 F3 
 08 9C B0 C0 90 88 DE 43 50 14 91 D4 60 40 2B 90 
 CD 1B 7F C0 B6 8C A9 2F 00 08 00 22 00 0B 7A 79 
 C8 38 E2 C0 97 B8 E8 F3 B1 6C DF 2B 76 FD DF 55 
 BB 33 8E 92 22 2B A8 2B 2D 77 F6 EA 6E B0 
 SWTPM_IO_Read: length 14
 80 01 00 00 00 0E 00 00 01 69 01 80 01 04 
    IsEnEnabled(0x169 = 'NV_ReadPublic'): 1
 SWTPM_IO_Write: length 94
 80 01 00 00 00 5E 00 00 00 00 00 2E 01 80 01 04 
 00 0B 62 04 14 04 00 20 47 CE 30 32 D8 BA D1 F3 
 08 9C B0 C0 90 88 DE 43 50 14 91 D4 60 40 2B 90 
 CD 1B 7F C0 B6 8C A9 2F 00 8C 00 22 00 0B 71 EF 
 44 50 1B 87 8C 5C 3C 0A 28 E2 38 93 CD 2B FA 86 
 21 68 21 E8 7D 6B C8 B5 59 BE 8C 97 DC 5D 
 SWTPM_IO_Read: length 14
 80 01 00 00 00 0E 00 00 01 69 01 80 01 05 
    IsEnEnabled(0x169 = 'NV_ReadPublic'): 1
 SWTPM_IO_Write: length 94
 80 01 00 00 00 5E 00 00 00 00 00 2E 01 80 01 05 
 00 0B 62 04 14 04 00 20 47 CE 30 32 D8 BA D1 F3 
 08 9C B0 C0 90 88 DE 43 50 14 91 D4 60 40 2B 90 
 CD 1B 7F C0 B6 8C A9 2F 00 8C 00 22 00 0B 9F 57 
 47 9A 60 C8 7F EF 0C B5 C9 E6 F9 CE 89 60 6D 20 
 21 70 1C 55 93 90 F1 14 82 75 F0 CC F1 D5 
 SWTPM_IO_Read: length 35
 80 02 00 00 00 23 00 00 01 4E 01 80 01 00 01 80 
 01 00 00 00 00 09 40 00 00 09 00 00 00 00 00 00 
 08 00 00 
    IsEnEnabled(0x14e = 'NV_Read'): 1
 SWTPM_IO_Write: length 29
 80 02 00 00 00 1D 00 00 00 00 00 00 00 0A 00 08 
 00 00 00 00 00 00 00 04 00 00 01 00 00 
 SWTPM_IO_Read: length 35
 80 02 00 00 00 23 00 00 01 4E 01 80 01 01 01 80 
 01 01 00 00 00 09 40 00 00 09 00 00 00 00 00 00 
 B4 00 00 
    IsEnEnabled(0x14e = 'NV_Read'): 1
 SWTPM_IO_Write: length 201
 80 02 00 00 00 C9 00 00 00 00 00 00 00 B6 00 B4 
 43 53 45 52 54 50 4D 31 00 01 01 00 00 00 00 00 
 00 00 00 04 F6 A4 B0 7C 1E 17 36 1A A6 2B BC A2 
 C6 57 9B 38 0F DE 43 BE 44 F3 88 24 A3 DB 42 E8 
 28 55 C1 73 00 00 00 00 00 00 00 01 00 00 00 00 
 00 00 00 01 00 00 00 00 00 00 00 02 00 00 00 00 
 00 00 00 01 00 00 00 00 00 00 00 01 00 00 00 00 
 00 00 00 02 00 00 00 00 00 00 00 02 00 00 00 00 
 00 00 00 03 35 E2 0B 13 A1 15 34 0A 11 57 1B D4 
 3F 96 E2 EC E3 95 F3 E1 40 E9 2A 2B 84 EC 90 BC 
 4B F8 35 9D 9F B6 AD 6D F7 35 D4 D5 5A E3 2F 19 
 E5 A1 7F 2D B2 AF B1 33 DF E7 5C 22 D7 81 DB F4 
 81 66 95 0B 00 00 01 00 00 
 SWTPM_IO_Read: length 35
 80 02 00 00 00 23 00 00 01 4E 01 80 01 03 01 80 
 01 03 00 00 00 09 40 00 00 09 00 00 00 00 00 00 
 08 00 00 
    IsEnEnabled(0x14e = 'NV_Read'): 1
 SWTPM_IO_Write: length 29
 80 02 00 00 00 1D 00 00 00 00 00 00 00 0A 00 08 
 00 00 00 00 00 00 00 02 00 00 01 00 00 
 SWTPM_IO_Read: length 35
 80 02 00 00 00 23 00 00 01 4E 01 80 01 04 01 80 
 01 04 00 00 00 09 40 00 00 09 00 00 00 00 00 00 
 8C 00 00 
    IsEnEnabled(0x14e = 'NV_Read'): 1
 SWTPM_IO_Write: length 161
 80 02 00 00 00 A1 00 00 00 00 00 00 00 8E 00 8C 
 43 53 45 52 54 50 4D 31 00 01 02 00 00 00 00 00 
 00 00 00 02 F6 A4 B0 7C 1E 17 36 1A A6 2B BC A2 
 C6 57 9B 38 0F DE 43 BE 44 F3 88 24 A3 DB 42 E8 
 28 55 C1 73 00 00 00 00 00 00 00 01 00 00 00 00 
 00 00 00 01 00 00 00 00 00 00 00 02 00 00 00 00 
 00 00 00 01 00 00 00 00 00 00 00 01 00 00 00 00 
 00 00 00 02 00 00 00 00 00 00 00 02 9C 4D 44 E3 
 78 EF 03 3D F1 57 0F 05 69 7C A2 DA B5 73 84 55 
 10 EE DC 50 09 F9 AE 3D E9 C1 36 26 00 00 01 00 
 00 
 SWTPM_IO_Read: length 215
 80 02 00 00 00 D7 00 00 01 37 01 80 01 02 01 80 
 01 02 00 00 00 09 40 00 00 09 00 00 00 00 00 00 
 B4 43 53 45 52 54 50 4D 31 00 01 01 00 00 00 00 
 00 00 00 00 05 F6 A4 B0 7C 1E 17 36 1A A6 2B BC 
 A2 C6 57 9B 38 0F DE 43 BE 44 F3 88 24 A3 DB 42 
 E8 28 55 C1 73 00 00 00 00 00 00 00 01 00 00 00 
 00 00 00 00 01 00 00 00 00 00 00 00 02 00 00 00 
 00 00 00 00 01 00 00 00 00 00 00 00 01 00 00 00 
 00 00 00 00 02 00 00 00 00 00 00 00 02 00 00 00 
 00 00 00 00 04 01 4F 88 C6 03 C0 86 91 17 F1 FE 
 48 94 52 7C 18 6C E8 DF D6 43 01 5B 2E 4F 1D 4F 
 3D A3 76 14 D3 A4 A3 75 15 9E D2 D1 A0 39 03 EB 
 B8 CE 41 6E 40 16 46 17 2E 50 D9 A0 79 5F 4F 9D 
 D2 EA 2E EF 24 00 00 
    IsEnEnabled(0x137 = 'NV_Write'): 1
 SWTPM_IO_Write: length 19
 80 02 00 00 00 13 00 00 00 00 00 00 00 00 00 00 
 01 00 00 
 SWTPM_IO_Read: length 35
 80 02 00 00 00 23 00 00 01 4E 01 80 01 02 01 80 
 01 02 00 00 00 09 40 00 00 09 00 00 00 00 00 00 
 B4 00 00 
    IsEnEnabled(0x14e = 'NV_Read'): 1
 SWTPM_IO_Write: length 201
 80 02 00 00 00 C9 00 00 00 00 00 00 00 B6 00 B4 
 43 53 45 52 54 50 4D 31 00 01 01 00 00 00 00 00 
 00 00 00 05 F6 A4 B0 7C 1E 17 36 1A A6 2B BC A2 
 C6 57 9B 38 0F DE 43 BE 44 F3 88 24 A3 DB 42 E8 
 28 55 C1 73 00 00 00 00 00 00 00 01 00 00 00 00 
 00 00 00 01 00 00 00 00 00 00 00 02 00 00 00 00 
 00 00 00 01 00 00 00 00 00 00 00 01 00 00 00 00 
 00 00 00 02 00 00 00 00 00 00 00 02 00 00 00 00 
 00 00 00 04 01 4F 88 C6 03 C0 86 91 17 F1 FE 48 
 94 52 7C 18 6C E8 DF D6 43 01 5B 2E 4F 1D 4F 3D 
 A3 76 14 D3 A4 A3 75 15 9E D2 D1 A0 39 03 EB B8 
 CE 41 6E 40 16 46 17 2E 50 D9 A0 79 5F 4F 9D D2 
 EA 2E EF 24 00 00 01 00 00 
 SWTPM_IO_Read: length 31
 80 02 00 00 00 1F 00 00 01 34 01 80 01 00 01 80 
 01 00 00 00 00 09 40 00 00 09 00 00 00 00 00 
    IsEnEnabled(0x134 = 'NV_Increment'): 1
 SWTPM_IO_Write: length 19
 80 02 00 00 00 13 00 00 00 00 00 00 00 00 00 00 
 01 00 00 
 SWTPM_IO_Read: length 35
 80 02 00 00 00 23 00 00 01 4E 01 80 01 00 01 80 
 01 00 00 00 00 09 40 00 00 09 00 00 00 00 00 00 
 08 00 00 
    IsEnEnabled(0x14e = 'NV_Read'): 1
 SWTPM_IO_Write: length 29
 80 02 00 00 00 1D 00 00 00 00 00 00 00 0A 00 08 
 00 00 00 00 00 00 00 05 00 00 01 00 00 
 SWTPM_IO_Read: length 14
 80 01 00 00 00 0E 00 00 01 69 01 80 01 00 
    IsEnEnabled(0x169 = 'NV_ReadPublic'): 1
 SWTPM_IO_Write: length 94
 80 01 00 00 00 5E 00 00 00 00 00 2E 01 80 01 00 
 00 0B 62 04 04 14 00 20 47 CE 30 32 D8 BA D1 F3 
 08 9C B0 C0 90 88 DE 43 50 14 91 D4 60 40 2B 90 
 CD 1B 7F C0 B6 8C A9 2F 00 08 00 22 00 0B C1 0D 
 A5 71 71 0D C0 EF 34 03 98 76 52 A2 A1 AA E0 1C 
 A0 C7 A6 3A 2D 8E DE F2 34 F2 EC AA D3 3D 
 SWTPM_IO_Read: length 14
 80 01 00 00 00 0E 00 00 01 69 01 80 01 01 
    IsEnEnabled(0x169 = 'NV_ReadPublic'): 1
 SWTPM_IO_Write: length 94
 80 01 00 00 00 5E 00 00 00 00 00 2E 01 80 01 01 
 00 0B 62 04 14 04 00 20 47 CE 30 32 D8 BA D1 F3 
 08 9C B0 C0 90 88 DE 43 50 14 91 D4 60 40 2B 90 
 CD 1B 7F C0 B6 8C A9 2F 00 B4 00 22 00 0B 61 A3 
 FC 9A 66 53 70 0A 3F E3 E3 E1 EA 84 C9 69 FD 04 
 5F 2D D7 7B 23 4C E6 CD 3B B8 BF 1A 39 F7 
 SWTPM_IO_Read: length 14
 80 01 00 00 00 0E 00 00 01 69 01 80 01 02 
    IsEnEnabled(0x169 = 'NV_ReadPublic'): 1
 SWTPM_IO_Write: length 94
 80 01 00 00 00 5E 00 00 00 00 00 2E 01 80 01 02 
 00 0B 62 04 14 04 00 20 47 CE 30 32 D8 BA D1 F3 
 08 9C B0 C0 90 88 DE 43 50 14 91 D4 60 40 2B 90 
 CD 1B 7F C0 B6 8C A9 2F 00 B4 00 22 00 0B 2A 9A 
 FE FE 5E 5D 33 57 E1 50 C8 04 FA E1 C4 93 88 0A 
 4A 05 92 CD E3 AD 8C 2D 84 BB 33 07 27 E8 
 SWTPM_IO_Read: length 14
 80 01 00 00 00 0E 00 00 01 69 01 80 01 03 
    IsEnEnabled(0x169 = 'NV_ReadPublic'): 1
 SWTPM_IO_Write: length 94
 80 01 00 00 00 5E 00 00 00 00 00 2E 01 80 01 03 
 00 0B 62 04 04 14 00 20 47 CE 30 32 D8 BA D1 F3 
 08 9C B0 C0 90 88 DE 43 50 14 91 D4 60 40 2B 90 
 CD 1B 7F C0 B6 8C A9 2F 00 08 00 22 00 0B 7A 79 
 C8 38 E2 C0 97 B8 E8 F3 B1 6C DF 2B 76 FD DF 55 
 BB 33 8E 92 22 2B A8 2B 2D 77 F6 EA 6E B0 
 SWTPM_IO_Read: length 14
 80 01 00 00 00 0E 00 00 01 69 01 80 01 04 
    IsEnEnabled(0x169 = 'NV_ReadPublic'): 1
 SWTPM_IO_Write: length 94
 80 01 00 00 00 5E 00 00 00 00 00 2E 01 80 01 04 
 00 0B 62 04 14 04 00 20 47 CE 30 32 D8 BA D1 F3 
 08 9C B0 C0 90 88 DE 43 50 14 91 D4 60 40 2B 90 
 CD 1B 7F C0 B6 8C A9 2F 00 8C 00 22 00 0B 71 EF 
 44 50 1B 87 8C 5C 3C 0A 28 E2 38 93 CD 2B FA 86 
 21 68 21 E8 7D 6B C8 B5 59 BE 8C 97 DC 5D 
 SWTPM_IO_Read: length 14
 80 01 00 00 00 0E 00 00 01 69 01 80 01 05 
    IsEnEnabled(0x169 = 'NV_ReadPublic'): 1
 SWTPM_IO_Write: length 94
 80 01 00 00 00 5E 00 00 00 00 00 2E 01 80 01 05 
 00 0B 62 04 14 04 00 20 47 CE 30 32 D8 BA D1 F3 
 08 9C B0 C0 90 88 DE 43 50 14 91 D4 60 40 2B 90 
 CD 1B 7F C0 B6 8C A9 2F 00 8C 00 22 00 0B 9F 57 
 47 9A 60 C8 7F EF 0C B5 C9 E6 F9 CE 89 60 6D 20 
 21 70 1C 55 93 90 F1 14 82 75 F0 CC F1 D5 
 SWTPM_IO_Read: length 35
 80 02 00 00 00 23 00 00 01 4E 01 80 01 00 01 80 
 01 00 00 00 00 09 40 00 00 09 00 00 00 00 00 00 
 08 00 00 
    IsEnEnabled(0x14e = 'NV_Read'): 1
 SWTPM_IO_Write: length 29
 80 02 00 00 00 1D 00 00 00 00 00 00 00 0A 00 08 
 00 00 00 00 00 00 00 05 00 00 01 00 00 
 SWTPM_IO_Read: length 35
 80 02 00 00 00 23 00 00 01 4E 01 80 01 02 01 80 
 01 02 00 00 00 09 40 00 00 09 00 00 00 00 00 00 
 B4 00 00 
    IsEnEnabled(0x14e = 'NV_Read'): 1
 SWTPM_IO_Write: length 201
 80 02 00 00 00 C9 00 00 00 00 00 00 00 B6 00 B4 
 43 53 45 52 54 50 4D 31 00 01 01 00 00 00 00 00 
 00 00 00 05 F6 A4 B0 7C 1E 17 36 1A A6 2B BC A2 
 C6 57 9B 38 0F DE 43 BE 44 F3 88 24 A3 DB 42 E8 
 28 55 C1 73 00 00 00 00 00 00 00 01 00 00 00 00 
 00 00 00 01 00 00 00 00 00 00 00 02 00 00 00 00 
 00 00 00 01 00 00 00 00 00 00 00 01 00 00 00 00 
 00 00 00 02 00 00 00 00 00 00 00 02 00 00 00 00 
 00 00 00 04 01 4F 88 C6 03 C0 86 91 17 F1 FE 48 
 94 52 7C 18 6C E8 DF D6 43 01 5B 2E 4F 1D 4F 3D 
 A3 76 14 D3 A4 A3 75 15 9E D2 D1 A0 39 03 EB B8 
 CE 41 6E 40 16 46 17 2E 50 D9 A0 79 5F 4F 9D D2 
 EA 2E EF 24 00 00 01 00 00 
 SWTPM_IO_Read: length 35
 80 02 00 00 00 23 00 00 01 4E 01 80 01 03 01 80 
 01 03 00 00 00 09 40 00 00 09 00 00 00 00 00 00 
 08 00 00 
    IsEnEnabled(0x14e = 'NV_Read'): 1
 SWTPM_IO_Write: length 29
 80 02 00 00 00 1D 00 00 00 00 00 00 00 0A 00 08 
 00 00 00 00 00 00 00 02 00 00 01 00 00 
 SWTPM_IO_Read: length 35
 80 02 00 00 00 23 00 00 01 4E 01 80 01 04 01 80 
 01 04 00 00 00 09 40 00 00 09 00 00 00 00 00 00 
 8C 00 00 
    IsEnEnabled(0x14e = 'NV_Read'): 1
 SWTPM_IO_Write: length 161
 80 02 00 00 00 A1 00 00 00 00 00 00 00 8E 00 8C 
 43 53 45 52 54 50 4D 31 00 01 02 00 00 00 00 00 
 00 00 00 02 F6 A4 B0 7C 1E 17 36 1A A6 2B BC A2 
 C6 57 9B 38 0F DE 43 BE 44 F3 88 24 A3 DB 42 E8 
 28 55 C1 73 00 00 00 00 00 00 00 01 00 00 00 00 
 00 00 00 01 00 00 00 00 00 00 00 02 00 00 00 00 
 00 00 00 01 00 00 00 00 00 00 00 01 00 00 00 00 
 00 00 00 02 00 00 00 00 00 00 00 02 9C 4D 44 E3 
 78 EF 03 3D F1 57 0F 05 69 7C A2 DA B5 73 84 55 
 10 EE DC 50 09 F9 AE 3D E9 C1 36 26 00 00 01 00 
 00 
 SWTPM_IO_Read: length 215
 80 02 00 00 00 D7 00 00 01 37 01 80 01 01 01 80 
 01 01 00 00 00 09 40 00 00 09 00 00 00 00 00 00 
 B4 43 53 45 52 54 50 4D 31 00 01 01 00 00 00 00 
 00 00 00 00 06 F6 A4 B0 7C 1E 17 36 1A A6 2B BC 
 A2 C6 57 9B 38 0F DE 43 BE 44 F3 88 24 A3 DB 42 
 E8 28 55 C1 73 00 00 00 00 00 00 00 01 00 00 00 
 00 00 00 00 01 00 00 00 00 00 00 00 02 00 00 00 
 00 00 00 00 01 00 00 00 00 00 00 00 01 00 00 00 
 00 00 00 00 02 00 00 00 00 00 00 00 02 00 00 00 
 00 00 00 00 05 22 EE AC 69 93 AE 44 66 CE CB 8A 
 19 60 D5 F1 4B 76 BD EF B4 12 09 B1 96 55 72 86 
 47 9F FB 21 BF 4E C0 95 00 71 8A BC C0 32 CC B0 
 C7 B0 48 C3 29 F0 09 48 28 E0 30 5E 47 6D 63 B7 
 26 E4 A9 5C 98 00 00 
    IsEnEnabled(0x137 = 'NV_Write'): 1
 SWTPM_IO_Write: length 19
 80 02 00 00 00 13 00 00 00 00 00 00 00 00 00 00 
 01 00 00 
 SWTPM_IO_Read: length 35
 80 02 00 00 00 23 00 00 01 4E 01 80 01 01 01 80 
 01 01 00 00 00 09 40 00 00 09 00 00 00 00 00 00 
 B4 00 00 
    IsEnEnabled(0x14e = 'NV_Read'): 1
 SWTPM_IO_Write: length 201
 80 02 00 00 00 C9 00 00 00 00 00 00 00 B6 00 B4 
 43 53 45 52 54 50 4D 31 00 01 01 00 00 00 00 00 
 00 00 00 06 F6 A4 B0 7C 1E 17 36 1A A6 2B BC A2 
 C6 57 9B 38 0F DE 43 BE 44 F3 88 24 A3 DB 42 E8 
 28 55 C1 73 00 00 00 00 00 00 00 01 00 00 00 00 
 00 00 00 01 00 00 00 00 00 00 00 02 00 00 00 00 
 00 00 00 01 00 00 00 00 00 00 00 01 00 00 00 00 
 00 00 00 02 00 00 00 00 00 00 00 02 00 00 00 00 
 00 00 00 05 22 EE AC 69 93 AE 44 66 CE CB 8A 19 
 60 D5 F1 4B 76 BD EF B4 12 09 B1 96 55 72 86 47 
 9F FB 21 BF 4E C0 95 00 71 8A BC C0 32 CC B0 C7 
 B0 48 C3 29 F0 09 48 28 E0 30 5E 47 6D 63 B7 26 
 E4 A9 5C 98 00 00 01 00 00 
 SWTPM_IO_Read: length 31
 80 02 00 00 00 1F 00 00 01 34 01 80 01 00 01 80 
 01 00 00 00 00 09 40 00 00 09 00 00 00 00 00 
    IsEnEnabled(0x134 = 'NV_Increment'): 1
 SWTPM_IO_Write: length 19
 80 02 00 00 00 13 00 00 00 00 00 00 00 00 00 00 
 01 00 00 
 SWTPM_IO_Read: length 35
 80 02 00 00 00 23 00 00 01 4E 01 80 01 00 01 80 
 01 00 00 00 00 09 40 00 00 09 00 00 00 00 00 00 
 08 00 00 
    IsEnEnabled(0x14e = 'NV_Read'): 1
 SWTPM_IO_Write: length 29
 80 02 00 00 00 1D 00 00 00 00 00 00 00 0A 00 08 
 00 00 00 00 00 00 00 06 00 00 01 00 00 
 SWTPM_IO_Read: length 14
 80 01 00 00 00 0E 00 00 01 69 01 80 01 00 
    IsEnEnabled(0x169 = 'NV_ReadPublic'): 1
 SWTPM_IO_Write: length 94
 80 01 00 00 00 5E 00 00 00 00 00 2E 01 80 01 00 
 00 0B 62 04 04 14 00 20 47 CE 30 32 D8 BA D1 F3 
 08 9C B0 C0 90 88 DE 43 50 14 91 D4 60 40 2B 90 
 CD 1B 7F C0 B6 8C A9 2F 00 08 00 22 00 0B C1 0D 
 A5 71 71 0D C0 EF 34 03 98 76 52 A2 A1 AA E0 1C 
 A0 C7 A6 3A 2D 8E DE F2 34 F2 EC AA D3 3D 
 SWTPM_IO_Read: length 14
 80 01 00 00 00 0E 00 00 01 69 01 80 01 01 
    IsEnEnabled(0x169 = 'NV_ReadPublic'): 1
 SWTPM_IO_Write: length 94
 80 01 00 00 00 5E 00 00 00 00 00 2E 01 80 01 01 
 00 0B 62 04 14 04 00 20 47 CE 30 32 D8 BA D1 F3 
 08 9C B0 C0 90 88 DE 43 50 14 91 D4 60 40 2B 90 
 CD 1B 7F C0 B6 8C A9 2F 00 B4 00 22 00 0B 61 A3 
 FC 9A 66 53 70 0A 3F E3 E3 E1 EA 84 C9 69 FD 04 
 5F 2D D7 7B 23 4C E6 CD 3B B8 BF 1A 39 F7 
 SWTPM_IO_Read: length 14
 80 01 00 00 00 0E 00 00 01 69 01 80 01 02 
    IsEnEnabled(0x169 = 'NV_ReadPublic'): 1
 SWTPM_IO_Write: length 94
 80 01 00 00 00 5E 00 00 00 00 00 2E 01 80 01 02 
 00 0B 62 04 14 04 00 20 47 CE 30 32 D8 BA D1 F3 
 08 9C B0 C0 90 88 DE 43 50 14 91 D4 60 40 2B 90 
 CD 1B 7F C0 B6 8C A9 2F 00 B4 00 22 00 0B 2A 9A 
 FE FE 5E 5D 33 57 E1 50 C8 04 FA E1 C4 93 88 0A 
 4A 05 92 CD E3 AD 8C 2D 84 BB 33 07 27 E8 
 SWTPM_IO_Read: length 14
 80 01 00 00 00 0E 00 00 01 69 01 80 01 03 
    IsEnEnabled(0x169 = 'NV_ReadPublic'): 1
 SWTPM_IO_Write: length 94
 80 01 00 00 00 5E 00 00 00 00 00 2E 01 80 01 03 
 00 0B 62 04 04 14 00 20 47 CE 30 32 D8 BA D1 F3 
 08 9C B0 C0 90 88 DE 43 50 14 91 D4 60 40 2B 90 
 CD 1B 7F C0 B6 8C A9 2F 00 08 00 22 00 0B 7A 79 
 C8 38 E2 C0 97 B8 E8 F3 B1 6C DF 2B 76 FD DF 55 
 BB 33 8E 92 22 2B A8 2B 2D 77 F6 EA 6E B0 
 SWTPM_IO_Read: length 14
 80 01 00 00 00 0E 00 00 01 69 01 80 01 04 
    IsEnEnabled(0x169 = 'NV_ReadPublic'): 1
 SWTPM_IO_Write: length 94
 80 01 00 00 00 5E 00 00 00 00 00 2E 01 80 01 04 
 00 0B 62 04 14 04 00 20 47 CE 30 32 D8 BA D1 F3 
 08 9C B0 C0 90 88 DE 43 50 14 91 D4 60 40 2B 90 
 CD 1B 7F C0 B6 8C A9 2F 00 8C 00 22 00 0B 71 EF 
 44 50 1B 87 8C 5C 3C 0A 28 E2 38 93 CD 2B FA 86 
 21 68 21 E8 7D 6B C8 B5 59 BE 8C 97 DC 5D 
 SWTPM_IO_Read: length 14
 80 01 00 00 00 0E 00 00 01 69 01 80 01 05 
    IsEnEnabled(0x169 = 'NV_ReadPublic'): 1
 SWTPM_IO_Write: length 94
 80 01 00 00 00 5E 00 00 00 00 00 2E 01 80 01 05 
 00 0B 62 04 14 04 00 20 47 CE 30 32 D8 BA D1 F3 
 08 9C B0 C0 90 88 DE 43 50 14 91 D4 60 40 2B 90 
 CD 1B 7F C0 B6 8C A9 2F 00 8C 00 22 00 0B 9F 57 
 47 9A 60 C8 7F EF 0C B5 C9 E6 F9 CE 89 60 6D 20 
 21 70 1C 55 93 90 F1 14 82 75 F0 CC F1 D5 
 SWTPM_IO_Read: length 35
 80 02 00 00 00 23 00 00 01 4E 01 80 01 00 01 80 
 01 00 00 00 00 09 40 00 00 09 00 00 00 00 00 00 
 08 00 00 
    IsEnEnabled(0x14e = 'NV_Read'): 1
 SWTPM_IO_Write: length 29
 80 02 00 00 00 1D 00 00 00 00 00 00 00 0A 00 08 
 00 00 00 00 00 00 00 06 00 00 01 00 00 
 SWTPM_IO_Read: length 35
 80 02 00 00 00 23 00 00 01 4E 01 80 01 01 01 80 
 01 01 00 00 00 09 40 00 00 09 00 00 00 00 00 00 
 B4 00 00 
    IsEnEnabled(0x14e = 'NV_Read'): 1
 SWTPM_IO_Write: length 201
 80 02 00 00 00 C9 00 00 00 00 00 00 00 B6 00 B4 
 43 53 45 52 54 50 4D 31 00 01 01 00 00 00 00 00 
 00 00 00 06 F6 A4 B0 7C 1E 17 36 1A A6 2B BC A2 
 C6 57 9B 38 0F DE 43 BE 44 F3 88 24 A3 DB 42 E8 
 28 55 C1 73 00 00 00 00 00 00 00 01 00 00 00 00 
 00 00 00 01 00 00 00 00 00 00 00 02 00 00 00 00 
 00 00 00 01 00 00 00 00 00 00 00 01 00 00 00 00 
 00 00 00 02 00 00 00 00 00 00 00 02 00 00 00 00 
 00 00 00 05 22 EE AC 69 93 AE 44 66 CE CB 8A 19 
 60 D5 F1 4B 76 BD EF B4 12 09 B1 96 55 72 86 47 
 9F FB 21 BF 4E C0 95 00 71 8A BC C0 32 CC B0 C7 
 B0 48 C3 29 F0 09 48 28 E0 30 5E 47 6D 63 B7 26 
 E4 A9 5C 98 00 00 01 00 00 
 SWTPM_IO_Read: length 35
 80 02 00 00 00 23 00 00 01 4E 01 80 01 03 01 80 
 01 03 00 00 00 09 40 00 00 09 00 00 00 00 00 00 
 08 00 00 
    IsEnEnabled(0x14e = 'NV_Read'): 1
 SWTPM_IO_Write: length 29
 80 02 00 00 00 1D 00 00 00 00 00 00 00 0A 00 08 
 00 00 00 00 00 00 00 02 00 00 01 00 00 
 SWTPM_IO_Read: length 35
 80 02 00 00 00 23 00 00 01 4E 01 80 01 04 01 80 
 01 04 00 00 00 09 40 00 00 09 00 00 00 00 00 00 
 8C 00 00 
    IsEnEnabled(0x14e = 'NV_Read'): 1
 SWTPM_IO_Write: length 161
 80 02 00 00 00 A1 00 00 00 00 00 00 00 8E 00 8C 
 43 53 45 52 54 50 4D 31 00 01 02 00 00 00 00 00 
 00 00 00 02 F6 A4 B0 7C 1E 17 36 1A A6 2B BC A2 
 C6 57 9B 38 0F DE 43 BE 44 F3 88 24 A3 DB 42 E8 
 28 55 C1 73 00 00 00 00 00 00 00 01 00 00 00 00 
 00 00 00 01 00 00 00 00 00 00 00 02 00 00 00 00 
 00 00 00 01 00 00 00 00 00 00 00 01 00 00 00 00 
 00 00 00 02 00 00 00 00 00 00 00 02 9C 4D 44 E3 
 78 EF 03 3D F1 57 0F 05 69 7C A2 DA B5 73 84 55 
 10 EE DC 50 09 F9 AE 3D E9 C1 36 26 00 00 01 00 
 00 
 SWTPM_IO_Read: length 215
 80 02 00 00 00 D7 00 00 01 37 01 80 01 02 01 80 
 01 02 00 00 00 09 40 00 00 09 00 00 00 00 00 00 
 B4 43 53 45 52 54 50 4D 31 00 01 01 00 00 00 00 
 00 00 00 00 07 F6 A4 B0 7C 1E 17 36 1A A6 2B BC 
 A2 C6 57 9B 38 0F DE 43 BE 44 F3 88 24 A3 DB 42 
 E8 28 55 C1 73 00 00 00 00 00 00 00 01 00 00 00 
 00 00 00 00 01 00 00 00 00 00 00 00 02 00 00 00 
 00 00 00 00 01 00 00 00 00 00 00 00 01 00 00 00 
 00 00 00 00 02 00 00 00 00 00 00 00 02 00 00 00 
 00 00 00 00 06 C2 86 51 CC F4 AF CA C4 AF 46 99 
 D6 DC 36 B8 C2 DE AE 3D 4C 6B F7 5E 5C BD 35 40 
 F5 88 85 31 D9 B9 E5 5D CD 8B 86 5F 69 EE BA 0C 
 BE C1 1A 69 B8 58 C6 6A 1C D3 E5 72 67 7E 45 C0 
 F7 77 8A C1 D6 00 00 
    IsEnEnabled(0x137 = 'NV_Write'): 1
 SWTPM_IO_Write: length 19
 80 02 00 00 00 13 00 00 00 00 00 00 00 00 00 00 
 01 00 00 
 SWTPM_IO_Read: length 35
 80 02 00 00 00 23 00 00 01 4E 01 80 01 02 01 80 
 01 02 00 00 00 09 40 00 00 09 00 00 00 00 00 00 
 B4 00 00 
    IsEnEnabled(0x14e = 'NV_Read'): 1
 SWTPM_IO_Write: length 201
 80 02 00 00 00 C9 00 00 00 00 00 00 00 B6 00 B4 
 43 53 45 52 54 50 4D 31 00 01 01 00 00 00 00 00 
 00 00 00 07 F6 A4 B0 7C 1E 17 36 1A A6 2B BC A2 
 C6 57 9B 38 0F DE 43 BE 44 F3 88 24 A3 DB 42 E8 
 28 55 C1 73 00 00 00 00 00 00 00 01 00 00 00 00 
 00 00 00 01 00 00 00 00 00 00 00 02 00 00 00 00 
 00 00 00 01 00 00 00 00 00 00 00 01 00 00 00 00 
 00 00 00 02 00 00 00 00 00 00 00 02 00 00 00 00 
 00 00 00 06 C2 86 51 CC F4 AF CA C4 AF 46 99 D6 
 DC 36 B8 C2 DE AE 3D 4C 6B F7 5E 5C BD 35 40 F5 
 88 85 31 D9 B9 E5 5D CD 8B 86 5F 69 EE BA 0C BE 
 C1 1A 69 B8 58 C6 6A 1C D3 E5 72 67 7E 45 C0 F7 
 77 8A C1 D6 00 00 01 00 00 
 SWTPM_IO_Read: length 31
 80 02 00 00 00 1F 00 00 01 34 01 80 01 00 01 80 
 01 00 00 00 00 09 40 00 00 09 00 00 00 00 00 
    IsEnEnabled(0x134 = 'NV_Increment'): 1
 SWTPM_IO_Write: length 19
 80 02 00 00 00 13 00 00 00 00 00 00 00 00 00 00 
 01 00 00 
 SWTPM_IO_Read: length 35
 80 02 00 00 00 23 00 00 01 4E 01 80 01 00 01 80 
 01 00 00 00 00 09 40 00 00 09 00 00 00 00 00 00 
 08 00 00 
    IsEnEnabled(0x14e = 'NV_Read'): 1
 SWTPM_IO_Write: length 29
 80 02 00 00 00 1D 00 00 00 00 00 00 00 0A 00 08 
 00 00 00 00 00 00 00 07 00 00 01 00 00 
 SWTPM_IO_Read: length 14
 80 01 00 00 00 0E 00 00 01 69 01 80 01 00 
    IsEnEnabled(0x169 = 'NV_ReadPublic'): 1
 SWTPM_IO_Write: length 94
 80 01 00 00 00 5E 00 00 00 00 00 2E 01 80 01 00 
 00 0B 62 04 04 14 00 20 47 CE 30 32 D8 BA D1 F3 
 08 9C B0 C0 90 88 DE 43 50 14 91 D4 60 40 2B 90 
 CD 1B 7F C0 B6 8C A9 2F 00 08 00 22 00 0B C1 0D 
 A5 71 71 0D C0 EF 34 03 98 76 52 A2 A1 AA E0 1C 
 A0 C7 A6 3A 2D 8E DE F2 34 F2 EC AA D3 3D 
 SWTPM_IO_Read: length 14
 80 01 00 00 00 0E 00 00 01 69 01 80 01 01 
    IsEnEnabled(0x169 = 'NV_ReadPublic'): 1
 SWTPM_IO_Write: length 94
 80 01 00 00 00 5E 00 00 00 00 00 2E 01 80 01 01 
 00 0B 62 04 14 04 00 20 47 CE 30 32 D8 BA D1 F3 
 08 9C B0 C0 90 88 DE 43 50 14 91 D4 60 40 2B 90 
 CD 1B 7F C0 B6 8C A9 2F 00 B4 00 22 00 0B 61 A3 
 FC 9A 66 53 70 0A 3F E3 E3 E1 EA 84 C9 69 FD 04 
 5F 2D D7 7B 23 4C E6 CD 3B B8 BF 1A 39 F7 
 SWTPM_IO_Read: length 14
 80 01 00 00 00 0E 00 00 01 69 01 80 01 02 
    IsEnEnabled(0x169 = 'NV_ReadPublic'): 1
 SWTPM_IO_Write: length 94
 80 01 00 00 00 5E 00 00 00 00 00 2E 01 80 01 02 
 00 0B 62 04 14 04 00 20 47 CE 30 32 D8 BA D1 F3 
 08 9C B0 C0 90 88 DE 43 50 14 91 D4 60 40 2B 90 
 CD 1B 7F C0 B6 8C A9 2F 00 B4 00 22 00 0B 2A 9A 
 FE FE 5E 5D 33 57 E1 50 C8 04 FA E1 C4 93 88 0A 
 4A 05 92 CD E3 AD 8C 2D 84 BB 33 07 27 E8 
 SWTPM_IO_Read: length 14
 80 01 00 00 00 0E 00 00 01 69 01 80 01 03 
    IsEnEnabled(0x169 = 'NV_ReadPublic'): 1
 SWTPM_IO_Write: length 94
 80 01 00 00 00 5E 00 00 00 00 00 2E 01 80 01 03 
 00 0B 62 04 04 14 00 20 47 CE 30 32 D8 BA D1 F3 
 08 9C B0 C0 90 88 DE 43 50 14 91 D4 60 40 2B 90 
 CD 1B 7F C0 B6 8C A9 2F 00 08 00 22 00 0B 7A 79 
 C8 38 E2 C0 97 B8 E8 F3 B1 6C DF 2B 76 FD DF 55 
 BB 33 8E 92 22 2B A8 2B 2D 77 F6 EA 6E B0 
 SWTPM_IO_Read: length 14
 80 01 00 00 00 0E 00 00 01 69 01 80 01 04 
    IsEnEnabled(0x169 = 'NV_ReadPublic'): 1
 SWTPM_IO_Write: length 94
 80 01 00 00 00 5E 00 00 00 00 00 2E 01 80 01 04 
 00 0B 62 04 14 04 00 20 47 CE 30 32 D8 BA D1 F3 
 08 9C B0 C0 90 88 DE 43 50 14 91 D4 60 40 2B 90 
 CD 1B 7F C0 B6 8C A9 2F 00 8C 00 22 00 0B 71 EF 
 44 50 1B 87 8C 5C 3C 0A 28 E2 38 93 CD 2B FA 86 
 21 68 21 E8 7D 6B C8 B5 59 BE 8C 97 DC 5D 
 SWTPM_IO_Read: length 14
 80 01 00 00 00 0E 00 00 01 69 01 80 01 05 
    IsEnEnabled(0x169 = 'NV_ReadPublic'): 1
 SWTPM_IO_Write: length 94
 80 01 00 00 00 5E 00 00 00 00 00 2E 01 80 01 05 
 00 0B 62 04 14 04 00 20 47 CE 30 32 D8 BA D1 F3 
 08 9C B0 C0 90 88 DE 43 50 14 91 D4 60 40 2B 90 
 CD 1B 7F C0 B6 8C A9 2F 00 8C 00 22 00 0B 9F 57 
 47 9A 60 C8 7F EF 0C B5 C9 E6 F9 CE 89 60 6D 20 
 21 70 1C 55 93 90 F1 14 82 75 F0 CC F1 D5 
 SWTPM_IO_Read: length 35
 80 02 00 00 00 23 00 00 01 4E 01 80 01 00 01 80 
 01 00 00 00 00 09 40 00 00 09 00 00 00 00 00 00 
 08 00 00 
    IsEnEnabled(0x14e = 'NV_Read'): 1
 SWTPM_IO_Write: length 29
 80 02 00 00 00 1D 00 00 00 00 00 00 00 0A 00 08 
 00 00 00 00 00 00 00 07 00 00 01 00 00 
 SWTPM_IO_Read: length 35
 80 02 00 00 00 23 00 00 01 4E 01 80 01 02 01 80 
 01 02 00 00 00 09 40 00 00 09 00 00 00 00 00 00 
 B4 00 00 
    IsEnEnabled(0x14e = 'NV_Read'): 1
 SWTPM_IO_Write: length 201
 80 02 00 00 00 C9 00 00 00 00 00 00 00 B6 00 B4 
 43 53 45 52 54 50 4D 31 00 01 01 00 00 00 00 00 
 00 00 00 07 F6 A4 B0 7C 1E 17 36 1A A6 2B BC A2 
 C6 57 9B 38 0F DE 43 BE 44 F3 88 24 A3 DB 42 E8 
 28 55 C1 73 00 00 00 00 00 00 00 01 00 00 00 00 
 00 00 00 01 00 00 00 00 00 00 00 02 00 00 00 00 
 00 00 00 01 00 00 00 00 00 00 00 01 00 00 00 00 
 00 00 00 02 00 00 00 00 00 00 00 02 00 00 00 00 
 00 00 00 06 C2 86 51 CC F4 AF CA C4 AF 46 99 D6 
 DC 36 B8 C2 DE AE 3D 4C 6B F7 5E 5C BD 35 40 F5 
 88 85 31 D9 B9 E5 5D CD 8B 86 5F 69 EE BA 0C BE 
 C1 1A 69 B8 58 C6 6A 1C D3 E5 72 67 7E 45 C0 F7 
 77 8A C1 D6 00 00 01 00 00 
 SWTPM_IO_Read: length 35
 80 02 00 00 00 23 00 00 01 4E 01 80 01 03 01 80 
 01 03 00 00 00 09 40 00 00 09 00 00 00 00 00 00 
 08 00 00 
    IsEnEnabled(0x14e = 'NV_Read'): 1
 SWTPM_IO_Write: length 29
 80 02 00 00 00 1D 00 00 00 00 00 00 00 0A 00 08 
 00 00 00 00 00 00 00 02 00 00 01 00 00 
 SWTPM_IO_Read: length 35
 80 02 00 00 00 23 00 00 01 4E 01 80 01 04 01 80 
 01 04 00 00 00 09 40 00 00 09 00 00 00 00 00 00 
 8C 00 00 
    IsEnEnabled(0x14e = 'NV_Read'): 1
 SWTPM_IO_Write: length 161
 80 02 00 00 00 A1 00 00 00 00 00 00 00 8E 00 8C 
 43 53 45 52 54 50 4D 31 00 01 02 00 00 00 00 00 
 00 00 00 02 F6 A4 B0 7C 1E 17 36 1A A6 2B BC A2 
 C6 57 9B 38 0F DE 43 BE 44 F3 88 24 A3 DB 42 E8 
 28 55 C1 73 00 00 00 00 00 00 00 01 00 00 00 00 
 00 00 00 01 00 00 00 00 00 00 00 02 00 00 00 00 
 00 00 00 01 00 00 00 00 00 00 00 01 00 00 00 00 
 00 00 00 02 00 00 00 00 00 00 00 02 9C 4D 44 E3 
 78 EF 03 3D F1 57 0F 05 69 7C A2 DA B5 73 84 55 
 10 EE DC 50 09 F9 AE 3D E9 C1 36 26 00 00 01 00 
 00 
 SWTPM_IO_Read: length 215
 80 02 00 00 00 D7 00 00 01 37 01 80 01 01 01 80 
 01 01 00 00 00 09 40 00 00 09 00 00 00 00 00 00 
 B4 43 53 45 52 54 50 4D 31 00 01 01 00 00 00 00 
 00 00 00 00 08 F6 A4 B0 7C 1E 17 36 1A A6 2B BC 
 A2 C6 57 9B 38 0F DE 43 BE 44 F3 88 24 A3 DB 42 
 E8 28 55 C1 73 00 00 00 00 00 00 00 01 00 00 00 
 00 00 00 00 01 00 00 00 00 00 00 00 02 00 00 00 
 00 00 00 00 01 00 00 00 00 00 00 00 01 00 00 00 
 00 00 00 00 02 00 00 00 00 00 00 00 02 00 00 00 
 00 00 00 00 07 7C 31 26 E0 D1 84 90 F6 D8 A8 C0 
 9F 45 1B 17 CA 9D F5 A3 EC 44 96 68 6A 56 8A 8C 
 4F F3 D3 92 6D 17 4A D4 DA F9 61 CA FB 82 20 E2 
 C6 51 A8 FB B7 61 AF 7D 8B A6 0D 48 D6 06 45 33 
 49 93 EC DD CA 00 00 
    IsEnEnabled(0x137 = 'NV_Write'): 1
 SWTPM_IO_Write: length 19
 80 02 00 00 00 13 00 00 00 00 00 00 00 00 00 00 
 01 00 00 
 SWTPM_IO_Read: length 35
 80 02 00 00 00 23 00 00 01 4E 01 80 01 01 01 80 
 01 01 00 00 00 09 40 00 00 09 00 00 00 00 00 00 
 B4 00 00 
    IsEnEnabled(0x14e = 'NV_Read'): 1
 SWTPM_IO_Write: length 201
 80 02 00 00 00 C9 00 00 00 00 00 00 00 B6 00 B4 
 43 53 45 52 54 50 4D 31 00 01 01 00 00 00 00 00 
 00 00 00 08 F6 A4 B0 7C 1E 17 36 1A A6 2B BC A2 
 C6 57 9B 38 0F DE 43 BE 44 F3 88 24 A3 DB 42 E8 
 28 55 C1 73 00 00 00 00 00 00 00 01 00 00 00 00 
 00 00 00 01 00 00 00 00 00 00 00 02 00 00 00 00 
 00 00 00 01 00 00 00 00 00 00 00 01 00 00 00 00 
 00 00 00 02 00 00 00 00 00 00 00 02 00 00 00 00 
 00 00 00 07 7C 31 26 E0 D1 84 90 F6 D8 A8 C0 9F 
 45 1B 17 CA 9D F5 A3 EC 44 96 68 6A 56 8A 8C 4F 
 F3 D3 92 6D 17 4A D4 DA F9 61 CA FB 82 20 E2 C6 
 51 A8 FB B7 61 AF 7D 8B A6 0D 48 D6 06 45 33 49 
 93 EC DD CA 00 00 01 00 00 
 SWTPM_IO_Read: length 31
 80 02 00 00 00 1F 00 00 01 34 01 80 01 00 01 80 
 01 00 00 00 00 09 40 00 00 09 00 00 00 00 00 
    IsEnEnabled(0x134 = 'NV_Increment'): 1
 SWTPM_IO_Write: length 19
 80 02 00 00 00 13 00 00 00 00 00 00 00 00 00 00 
 01 00 00 
 SWTPM_IO_Read: length 35
 80 02 00 00 00 23 00 00 01 4E 01 80 01 00 01 80 
 01 00 00 00 00 09 40 00 00 09 00 00 00 00 00 00 
 08 00 00 
    IsEnEnabled(0x14e = 'NV_Read'): 1
 SWTPM_IO_Write: length 29
 80 02 00 00 00 1D 00 00 00 00 00 00 00 0A 00 08 
 00 00 00 00 00 00 00 08 00 00 01 00 00 
 SWTPM_IO_Read: length 14
 80 01 00 00 00 0E 00 00 01 69 01 80 01 00 
    IsEnEnabled(0x169 = 'NV_ReadPublic'): 1
 SWTPM_IO_Write: length 94
 80 01 00 00 00 5E 00 00 00 00 00 2E 01 80 01 00 
 00 0B 62 04 04 14 00 20 47 CE 30 32 D8 BA D1 F3 
 08 9C B0 C0 90 88 DE 43 50 14 91 D4 60 40 2B 90 
 CD 1B 7F C0 B6 8C A9 2F 00 08 00 22 00 0B C1 0D 
 A5 71 71 0D C0 EF 34 03 98 76 52 A2 A1 AA E0 1C 
 A0 C7 A6 3A 2D 8E DE F2 34 F2 EC AA D3 3D 
 SWTPM_IO_Read: length 14
 80 01 00 00 00 0E 00 00 01 69 01 80 01 01 
    IsEnEnabled(0x169 = 'NV_ReadPublic'): 1
 SWTPM_IO_Write: length 94
 80 01 00 00 00 5E 00 00 00 00 00 2E 01 80 01 01 
 00 0B 62 04 14 04 00 20 47 CE 30 32 D8 BA D1 F3 
 08 9C B0 C0 90 88 DE 43 50 14 91 D4 60 40 2B 90 
 CD 1B 7F C0 B6 8C A9 2F 00 B4 00 22 00 0B 61 A3 
 FC 9A 66 53 70 0A 3F E3 E3 E1 EA 84 C9 69 FD 04 
 5F 2D D7 7B 23 4C E6 CD 3B B8 BF 1A 39 F7 
 SWTPM_IO_Read: length 14
 80 01 00 00 00 0E 00 00 01 69 01 80 01 02 
    IsEnEnabled(0x169 = 'NV_ReadPublic'): 1
 SWTPM_IO_Write: length 94
 80 01 00 00 00 5E 00 00 00 00 00 2E 01 80 01 02 
 00 0B 62 04 14 04 00 20 47 CE 30 32 D8 BA D1 F3 
 08 9C B0 C0 90 88 DE 43 50 14 91 D4 60 40 2B 90 
 CD 1B 7F C0 B6 8C A9 2F 00 B4 00 22 00 0B 2A 9A 
 FE FE 5E 5D 33 57 E1 50 C8 04 FA E1 C4 93 88 0A 
 4A 05 92 CD E3 AD 8C 2D 84 BB 33 07 27 E8 
 SWTPM_IO_Read: length 14
 80 01 00 00 00 0E 00 00 01 69 01 80 01 03 
    IsEnEnabled(0x169 = 'NV_ReadPublic'): 1
 SWTPM_IO_Write: length 94
 80 01 00 00 00 5E 00 00 00 00 00 2E 01 80 01 03 
 00 0B 62 04 04 14 00 20 47 CE 30 32 D8 BA D1 F3 
 08 9C B0 C0 90 88 DE 43 50 14 91 D4 60 40 2B 90 
 CD 1B 7F C0 B6 8C A9 2F 00 08 00 22 00 0B 7A 79 
 C8 38 E2 C0 97 B8 E8 F3 B1 6C DF 2B 76 FD DF 55 
 BB 33 8E 92 22 2B A8 2B 2D 77 F6 EA 6E B0 
 SWTPM_IO_Read: length 14
 80 01 00 00 00 0E 00 00 01 69 01 80 01 04 
    IsEnEnabled(0x169 = 'NV_ReadPublic'): 1
 SWTPM_IO_Write: length 94
 80 01 00 00 00 5E 00 00 00 00 00 2E 01 80 01 04 
 00 0B 62 04 14 04 00 20 47 CE 30 32 D8 BA D1 F3 
 08 9C B0 C0 90 88 DE 43 50 14 91 D4 60 40 2B 90 
 CD 1B 7F C0 B6 8C A9 2F 00 8C 00 22 00 0B 71 EF 
 44 50 1B 87 8C 5C 3C 0A 28 E2 38 93 CD 2B FA 86 
 21 68 21 E8 7D 6B C8 B5 59 BE 8C 97 DC 5D 
 SWTPM_IO_Read: length 14
 80 01 00 00 00 0E 00 00 01 69 01 80 01 05 
    IsEnEnabled(0x169 = 'NV_ReadPublic'): 1
 SWTPM_IO_Write: length 94
 80 01 00 00 00 5E 00 00 00 00 00 2E 01 80 01 05 
 00 0B 62 04 14 04 00 20 47 CE 30 32 D8 BA D1 F3 
 08 9C B0 C0 90 88 DE 43 50 14 91 D4 60 40 2B 90 
 CD 1B 7F C0 B6 8C A9 2F 00 8C 00 22 00 0B 9F 57 
 47 9A 60 C8 7F EF 0C B5 C9 E6 F9 CE 89 60 6D 20 
 21 70 1C 55 93 90 F1 14 82 75 F0 CC F1 D5 
 SWTPM_IO_Read: length 35
 80 02 00 00 00 23 00 00 01 4E 01 80 01 00 01 80 
 01 00 00 00 00 09 40 00 00 09 00 00 00 00 00 00 
 08 00 00 
    IsEnEnabled(0x14e = 'NV_Read'): 1
 SWTPM_IO_Write: length 29
 80 02 00 00 00 1D 00 00 00 00 00 00 00 0A 00 08 
 00 00 00 00 00 00 00 08 00 00 01 00 00 
 SWTPM_IO_Read: length 35
 80 02 00 00 00 23 00 00 01 4E 01 80 01 01 01 80 
 01 01 00 00 00 09 40 00 00 09 00 00 00 00 00 00 
 B4 00 00 
    IsEnEnabled(0x14e = 'NV_Read'): 1
 SWTPM_IO_Write: length 201
 80 02 00 00 00 C9 00 00 00 00 00 00 00 B6 00 B4 
 43 53 45 52 54 50 4D 31 00 01 01 00 00 00 00 00 
 00 00 00 08 F6 A4 B0 7C 1E 17 36 1A A6 2B BC A2 
 C6 57 9B 38 0F DE 43 BE 44 F3 88 24 A3 DB 42 E8 
 28 55 C1 73 00 00 00 00 00 00 00 01 00 00 00 00 
 00 00 00 01 00 00 00 00 00 00 00 02 00 00 00 00 
 00 00 00 01 00 00 00 00 00 00 00 01 00 00 00 00 
 00 00 00 02 00 00 00 00 00 00 00 02 00 00 00 00 
 00 00 00 07 7C 31 26 E0 D1 84 90 F6 D8 A8 C0 9F 
 45 1B 17 CA 9D F5 A3 EC 44 96 68 6A 56 8A 8C 4F 
 F3 D3 92 6D 17 4A D4 DA F9 61 CA FB 82 20 E2 C6 
 51 A8 FB B7 61 AF 7D 8B A6 0D 48 D6 06 45 33 49 
 93 EC DD CA 00 00 01 00 00 
 SWTPM_IO_Read: length 35
 80 02 00 00 00 23 00 00 01 4E 01 80 01 03 01 80 
 01 03 00 00 00 09 40 00 00 09 00 00 00 00 00 00 
 08 00 00 
    IsEnEnabled(0x14e = 'NV_Read'): 1
 SWTPM_IO_Write: length 29
 80 02 00 00 00 1D 00 00 00 00 00 00 00 0A 00 08 
 00 00 00 00 00 00 00 02 00 00 01 00 00 
 SWTPM_IO_Read: length 35
 80 02 00 00 00 23 00 00 01 4E 01 80 01 04 01 80 
 01 04 00 00 00 09 40 00 00 09 00 00 00 00 00 00 
 8C 00 00 
    IsEnEnabled(0x14e = 'NV_Read'): 1
 SWTPM_IO_Write: length 161
 80 02 00 00 00 A1 00 00 00 00 00 00 00 8E 00 8C 
 43 53 45 52 54 50 4D 31 00 01 02 00 00 00 00 00 
 00 00 00 02 F6 A4 B0 7C 1E 17 36 1A A6 2B BC A2 
 C6 57 9B 38 0F DE 43 BE 44 F3 88 24 A3 DB 42 E8 
 28 55 C1 73 00 00 00 00 00 00 00 01 00 00 00 00 
 00 00 00 01 00 00 00 00 00 00 00 02 00 00 00 00 
 00 00 00 01 00 00 00 00 00 00 00 01 00 00 00 00 
 00 00 00 02 00 00 00 00 00 00 00 02 9C 4D 44 E3 
 78 EF 03 3D F1 57 0F 05 69 7C A2 DA B5 73 84 55 
 10 EE DC 50 09 F9 AE 3D E9 C1 36 26 00 00 01 00 
 00 
 SWTPM_IO_Read: length 215
 80 02 00 00 00 D7 00 00 01 37 01 80 01 02 01 80 
 01 02 00 00 00 09 40 00 00 09 00 00 00 00 00 00 
 B4 43 53 45 52 54 50 4D 31 00 01 01 00 00 00 00 
 00 00 00 00 09 F6 A4 B0 7C 1E 17 36 1A A6 2B BC 
 A2 C6 57 9B 38 0F DE 43 BE 44 F3 88 24 A3 DB 42 
 E8 28 55 C1 73 00 00 00 00 00 00 00 01 00 00 00 
 00 00 00 00 01 00 00 00 00 00 00 00 02 00 00 00 
 00 00 00 00 01 00 00 00 00 00 00 00 01 00 00 00 
 00 00 00 00 02 00 00 00 00 00 00 00 02 00 00 00 
 00 00 00 00 08 37 89 EF 10 62 E4 A1 C8 E9 96 2E 
 93 51 2D F2 EC AC 6D E8 B9 20 14 B2 BE 39 81 63 
 7B 47 3C AA B4 0D 4A C9 02 13 B6 DD 77 9F 77 D8 
 9B 72 CC D3 A0 D7 F2 E0 56 81 E3 9B 12 13 38 B0 
 41 31 7C 57 B4 00 00 
    IsEnEnabled(0x137 = 'NV_Write'): 1
 SWTPM_IO_Write: length 19
 80 02 00 00 00 13 00 00 00 00 00 00 00 00 00 00 
 01 00 00 
 SWTPM_IO_Read: length 35
 80 02 00 00 00 23 00 00 01 4E 01 80 01 02 01 80 
 01 02 00 00 00 09 40 00 00 09 00 00 00 00 00 00 
 B4 00 00 
    IsEnEnabled(0x14e = 'NV_Read'): 1
 SWTPM_IO_Write: length 201
 80 02 00 00 00 C9 00 00 00 00 00 00 00 B6 00 B4 
 43 53 45 52 54 50 4D 31 00 01 01 00 00 00 00 00 
 00 00 00 09 F6 A4 B0 7C 1E 17 36 1A A6 2B BC A2 
 C6 57 9B 38 0F DE 43 BE 44 F3 88 24 A3 DB 42 E8 
 28 55 C1 73 00 00 00 00 00 00 00 01 00 00 00 00 
 00 00 00 01 00 00 00 00 00 00 00 02 00 00 00 00 
 00 00 00 01 00 00 00 00 00 00 00 01 00 00 00 00 
 00 00 00 02 00 00 00 00 00 00 00 02 00 00 00 00 
 00 00 00 08 37 89 EF 10 62 E4 A1 C8 E9 96 2E 93 
 51 2D F2 EC AC 6D E8 B9 20 14 B2 BE 39 81 63 7B 
 47 3C AA B4 0D 4A C9 02 13 B6 DD 77 9F 77 D8 9B 
 72 CC D3 A0 D7 F2 E0 56 81 E3 9B 12 13 38 B0 41 
 31 7C 57 B4 00 00 01 00 00 
 SWTPM_IO_Read: length 31
 80 02 00 00 00 1F 00 00 01 34 01 80 01 00 01 80 
 01 00 00 00 00 09 40 00 00 09 00 00 00 00 00 
    IsEnEnabled(0x134 = 'NV_Increment'): 1
 SWTPM_IO_Write: length 19
 80 02 00 00 00 13 00 00 00 00 00 00 00 00 00 00 
 01 00 00 
 SWTPM_IO_Read: length 35
 80 02 00 00 00 23 00 00 01 4E 01 80 01 00 01 80 
 01 00 00 00 00 09 40 00 00 09 00 00 00 00 00 00 
 08 00 00 
    IsEnEnabled(0x14e = 'NV_Read'): 1
 SWTPM_IO_Write: length 29
 80 02 00 00 00 1D 00 00 00 00 00 00 00 0A 00 08 
 00 00 00 00 00 00 00 09 00 00 01 00 00 
 SWTPM_IO_Read: length 14
 80 01 00 00 00 0E 00 00 01 69 01 80 01 00 
    IsEnEnabled(0x169 = 'NV_ReadPublic'): 1
 SWTPM_IO_Write: length 94
 80 01 00 00 00 5E 00 00 00 00 00 2E 01 80 01 00 
 00 0B 62 04 04 14 00 20 47 CE 30 32 D8 BA D1 F3 
 08 9C B0 C0 90 88 DE 43 50 14 91 D4 60 40 2B 90 
 CD 1B 7F C0 B6 8C A9 2F 00 08 00 22 00 0B C1 0D 
 A5 71 71 0D C0 EF 34 03 98 76 52 A2 A1 AA E0 1C 
 A0 C7 A6 3A 2D 8E DE F2 34 F2 EC AA D3 3D 
 SWTPM_IO_Read: length 14
 80 01 00 00 00 0E 00 00 01 69 01 80 01 01 
    IsEnEnabled(0x169 = 'NV_ReadPublic'): 1
 SWTPM_IO_Write: length 94
 80 01 00 00 00 5E 00 00 00 00 00 2E 01 80 01 01 
 00 0B 62 04 14 04 00 20 47 CE 30 32 D8 BA D1 F3 
 08 9C B0 C0 90 88 DE 43 50 14 91 D4 60 40 2B 90 
 CD 1B 7F C0 B6 8C A9 2F 00 B4 00 22 00 0B 61 A3 
 FC 9A 66 53 70 0A 3F E3 E3 E1 EA 84 C9 69 FD 04 
 5F 2D D7 7B 23 4C E6 CD 3B B8 BF 1A 39 F7 
 SWTPM_IO_Read: length 14
 80 01 00 00 00 0E 00 00 01 69 01 80 01 02 
    IsEnEnabled(0x169 = 'NV_ReadPublic'): 1
 SWTPM_IO_Write: length 94
 80 01 00 00 00 5E 00 00 00 00 00 2E 01 80 01 02 
 00 0B 62 04 14 04 00 20 47 CE 30 32 D8 BA D1 F3 
 08 9C B0 C0 90 88 DE 43 50 14 91 D4 60 40 2B 90 
 CD 1B 7F C0 B6 8C A9 2F 00 B4 00 22 00 0B 2A 9A 
 FE FE 5E 5D 33 57 E1 50 C8 04 FA E1 C4 93 88 0A 
 4A 05 92 CD E3 AD 8C 2D 84 BB 33 07 27 E8 
 SWTPM_IO_Read: length 14
 80 01 00 00 00 0E 00 00 01 69 01 80 01 03 
    IsEnEnabled(0x169 = 'NV_ReadPublic'): 1
 SWTPM_IO_Write: length 94
 80 01 00 00 00 5E 00 00 00 00 00 2E 01 80 01 03 
 00 0B 62 04 04 14 00 20 47 CE 30 32 D8 BA D1 F3 
 08 9C B0 C0 90 88 DE 43 50 14 91 D4 60 40 2B 90 
 CD 1B 7F C0 B6 8C A9 2F 00 08 00 22 00 0B 7A 79 
 C8 38 E2 C0 97 B8 E8 F3 B1 6C DF 2B 76 FD DF 55 
 BB 33 8E 92 22 2B A8 2B 2D 77 F6 EA 6E B0 
 SWTPM_IO_Read: length 14
 80 01 00 00 00 0E 00 00 01 69 01 80 01 04 
    IsEnEnabled(0x169 = 'NV_ReadPublic'): 1
 SWTPM_IO_Write: length 94
 80 01 00 00 00 5E 00 00 00 00 00 2E 01 80 01 04 
 00 0B 62 04 14 04 00 20 47 CE 30 32 D8 BA D1 F3 
 08 9C B0 C0 90 88 DE 43 50 14 91 D4 60 40 2B 90 
 CD 1B 7F C0 B6 8C A9 2F 00 8C 00 22 00 0B 71 EF 
 44 50 1B 87 8C 5C 3C 0A 28 E2 38 93 CD 2B FA 86 
 21 68 21 E8 7D 6B C8 B5 59 BE 8C 97 DC 5D 
 SWTPM_IO_Read: length 14
 80 01 00 00 00 0E 00 00 01 69 01 80 01 05 
    IsEnEnabled(0x169 = 'NV_ReadPublic'): 1
 SWTPM_IO_Write: length 94
 80 01 00 00 00 5E 00 00 00 00 00 2E 01 80 01 05 
 00 0B 62 04 14 04 00 20 47 CE 30 32 D8 BA D1 F3 
 08 9C B0 C0 90 88 DE 43 50 14 91 D4 60 40 2B 90 
 CD 1B 7F C0 B6 8C A9 2F 00 8C 00 22 00 0B 9F 57 
 47 9A 60 C8 7F EF 0C B5 C9 E6 F9 CE 89 60 6D 20 
 21 70 1C 55 93 90 F1 14 82 75 F0 CC F1 D5 
 SWTPM_IO_Read: length 35
 80 02 00 00 00 23 00 00 01 4E 01 80 01 00 01 80 
 01 00 00 00 00 09 40 00 00 09 00 00 00 00 00 00 
 08 00 00 
    IsEnEnabled(0x14e = 'NV_Read'): 1
 SWTPM_IO_Write: length 29
 80 02 00 00 00 1D 00 00 00 00 00 00 00 0A 00 08 
 00 00 00 00 00 00 00 09 00 00 01 00 00 
 SWTPM_IO_Read: length 35
 80 02 00 00 00 23 00 00 01 4E 01 80 01 02 01 80 
 01 02 00 00 00 09 40 00 00 09 00 00 00 00 00 00 
 B4 00 00 
    IsEnEnabled(0x14e = 'NV_Read'): 1
 SWTPM_IO_Write: length 201
 80 02 00 00 00 C9 00 00 00 00 00 00 00 B6 00 B4 
 43 53 45 52 54 50 4D 31 00 01 01 00 00 00 00 00 
 00 00 00 09 F6 A4 B0 7C 1E 17 36 1A A6 2B BC A2 
 C6 57 9B 38 0F DE 43 BE 44 F3 88 24 A3 DB 42 E8 
 28 55 C1 73 00 00 00 00 00 00 00 01 00 00 00 00 
 00 00 00 01 00 00 00 00 00 00 00 02 00 00 00 00 
 00 00 00 01 00 00 00 00 00 00 00 01 00 00 00 00 
 00 00 00 02 00 00 00 00 00 00 00 02 00 00 00 00 
 00 00 00 08 37 89 EF 10 62 E4 A1 C8 E9 96 2E 93 
 51 2D F2 EC AC 6D E8 B9 20 14 B2 BE 39 81 63 7B 
 47 3C AA B4 0D 4A C9 02 13 B6 DD 77 9F 77 D8 9B 
 72 CC D3 A0 D7 F2 E0 56 81 E3 9B 12 13 38 B0 41 
 31 7C 57 B4 00 00 01 00 00 
 SWTPM_IO_Read: length 35
 80 02 00 00 00 23 00 00 01 4E 01 80 01 03 01 80 
 01 03 00 00 00 09 40 00 00 09 00 00 00 00 00 00 
 08 00 00 
    IsEnEnabled(0x14e = 'NV_Read'): 1
 SWTPM_IO_Write: length 29
 80 02 00 00 00 1D 00 00 00 00 00 00 00 0A 00 08 
 00 00 00 00 00 00 00 02 00 00 01 00 00 
 SWTPM_IO_Read: length 35
 80 02 00 00 00 23 00 00 01 4E 01 80 01 04 01 80 
 01 04 00 00 00 09 40 00 00 09 00 00 00 00 00 00 
 8C 00 00 
    IsEnEnabled(0x14e = 'NV_Read'): 1
 SWTPM_IO_Write: length 161
 80 02 00 00 00 A1 00 00 00 00 00 00 00 8E 00 8C 
 43 53 45 52 54 50 4D 31 00 01 02 00 00 00 00 00 
 00 00 00 02 F6 A4 B0 7C 1E 17 36 1A A6 2B BC A2 
 C6 57 9B 38 0F DE 43 BE 44 F3 88 24 A3 DB 42 E8 
 28 55 C1 73 00 00 00 00 00 00 00 01 00 00 00 00 
 00 00 00 01 00 00 00 00 00 00 00 02 00 00 00 00 
 00 00 00 01 00 00 00 00 00 00 00 01 00 00 00 00 
 00 00 00 02 00 00 00 00 00 00 00 02 9C 4D 44 E3 
 78 EF 03 3D F1 57 0F 05 69 7C A2 DA B5 73 84 55 
 10 EE DC 50 09 F9 AE 3D E9 C1 36 26 00 00 01 00 
 00 
 SWTPM_IO_Read: length 215
 80 02 00 00 00 D7 00 00 01 37 01 80 01 01 01 80 
 01 01 00 00 00 09 40 00 00 09 00 00 00 00 00 00 
 B4 43 53 45 52 54 50 4D 31 00 01 01 00 00 00 00 
 00 00 00 00 0A F6 A4 B0 7C 1E 17 36 1A A6 2B BC 
 A2 C6 57 9B 38 0F DE 43 BE 44 F3 88 24 A3 DB 42 
 E8 28 55 C1 73 00 00 00 00 00 00 00 01 00 00 00 
 00 00 00 00 01 00 00 00 00 00 00 00 02 00 00 00 
 00 00 00 00 01 00 00 00 00 00 00 00 01 00 00 00 
 00 00 00 00 02 00 00 00 00 00 00 00 02 00 00 00 
 00 00 00 00 09 37 E6 2E E5 CA 67 6F C2 6B 96 83 
 E0 8A D8 9A F3 5A 64 3E E8 10 74 6F B7 2B 81 58 
 4E 95 B9 0A 40 24 11 96 04 4A 7E 6F 68 0D F0 4A 
 53 6C C5 F8 97 01 9B FB 24 FC E0 0A C6 C0 09 13 
 4B F2 00 FC 5E 00 00 
    IsEnEnabled(0x137 = 'NV_Write'): 1
 SWTPM_IO_Write: length 19
 80 02 00 00 00 13 00 00 00 00 00 00 00 00 00 00 
 01 00 00 
 SWTPM_IO_Read: length 35
 80 02 00 00 00 23 00 00 01 4E 01 80 01 01 01 80 
 01 01 00 00 00 09 40 00 00 09 00 00 00 00 00 00 
 B4 00 00 
    IsEnEnabled(0x14e = 'NV_Read'): 1
 SWTPM_IO_Write: length 201
 80 02 00 00 00 C9 00 00 00 00 00 00 00 B6 00 B4 
 43 53 45 52 54 50 4D 31 00 01 01 00 00 00 00 00 
 00 00 00 0A F6 A4 B0 7C 1E 17 36 1A A6 2B BC A2 
 C6 57 9B 38 0F DE 43 BE 44 F3 88 24 A3 DB 42 E8 
 28 55 C1 73 00 00 00 00 00 00 00 01 00 00 00 00 
 00 00 00 01 00 00 00 00 00 00 00 02 00 00 00 00 
 00 00 00 01 00 00 00 00 00 00 00 01 00 00 00 00 
 00 00 00 02 00 00 00 00 00 00 00 02 00 00 00 00 
 00 00 00 09 37 E6 2E E5 CA 67 6F C2 6B 96 83 E0 
 8A D8 9A F3 5A 64 3E E8 10 74 6F B7 2B 81 58 4E 
 95 B9 0A 40 24 11 96 04 4A 7E 6F 68 0D F0 4A 53 
 6C C5 F8 97 01 9B FB 24 FC E0 0A C6 C0 09 13 4B 
 F2 00 FC 5E 00 00 01 00 00 
 SWTPM_IO_Read: length 31
 80 02 00 00 00 1F 00 00 01 34 01 80 01 00 01 80 
 01 00 00 00 00 09 40 00 00 09 00 00 00 00 00 
    IsEnEnabled(0x134 = 'NV_Increment'): 1
 SWTPM_IO_Write: length 19
 80 02 00 00 00 13 00 00 00 00 00 00 00 00 00 00 
 01 00 00 
 SWTPM_IO_Read: length 35
 80 02 00 00 00 23 00 00 01 4E 01 80 01 00 01 80 
 01 00 00 00 00 09 40 00 00 09 00 00 00 00 00 00 
 08 00 00 
    IsEnEnabled(0x14e = 'NV_Read'): 1
 SWTPM_IO_Write: length 29
 80 02 00 00 00 1D 00 00 00 00 00 00 00 0A 00 08 
 00 00 00 00 00 00 00 0A 00 00 01 00 00 
 SWTPM_IO_Read: length 14
 80 01 00 00 00 0E 00 00 01 69 01 80 01 00 
    IsEnEnabled(0x169 = 'NV_ReadPublic'): 1
 SWTPM_IO_Write: length 94
 80 01 00 00 00 5E 00 00 00 00 00 2E 01 80 01 00 
 00 0B 62 04 04 14 00 20 47 CE 30 32 D8 BA D1 F3 
 08 9C B0 C0 90 88 DE 43 50 14 91 D4 60 40 2B 90 
 CD 1B 7F C0 B6 8C A9 2F 00 08 00 22 00 0B C1 0D 
 A5 71 71 0D C0 EF 34 03 98 76 52 A2 A1 AA E0 1C 
 A0 C7 A6 3A 2D 8E DE F2 34 F2 EC AA D3 3D 
 SWTPM_IO_Read: length 14
 80 01 00 00 00 0E 00 00 01 69 01 80 01 01 
    IsEnEnabled(0x169 = 'NV_ReadPublic'): 1
 SWTPM_IO_Write: length 94
 80 01 00 00 00 5E 00 00 00 00 00 2E 01 80 01 01 
 00 0B 62 04 14 04 00 20 47 CE 30 32 D8 BA D1 F3 
 08 9C B0 C0 90 88 DE 43 50 14 91 D4 60 40 2B 90 
 CD 1B 7F C0 B6 8C A9 2F 00 B4 00 22 00 0B 61 A3 
 FC 9A 66 53 70 0A 3F E3 E3 E1 EA 84 C9 69 FD 04 
 5F 2D D7 7B 23 4C E6 CD 3B B8 BF 1A 39 F7 
 SWTPM_IO_Read: length 14
 80 01 00 00 00 0E 00 00 01 69 01 80 01 02 
    IsEnEnabled(0x169 = 'NV_ReadPublic'): 1
 SWTPM_IO_Write: length 94
 80 01 00 00 00 5E 00 00 00 00 00 2E 01 80 01 02 
 00 0B 62 04 14 04 00 20 47 CE 30 32 D8 BA D1 F3 
 08 9C B0 C0 90 88 DE 43 50 14 91 D4 60 40 2B 90 
 CD 1B 7F C0 B6 8C A9 2F 00 B4 00 22 00 0B 2A 9A 
 FE FE 5E 5D 33 57 E1 50 C8 04 FA E1 C4 93 88 0A 
 4A 05 92 CD E3 AD 8C 2D 84 BB 33 07 27 E8 
 SWTPM_IO_Read: length 14
 80 01 00 00 00 0E 00 00 01 69 01 80 01 03 
    IsEnEnabled(0x169 = 'NV_ReadPublic'): 1
 SWTPM_IO_Write: length 94
 80 01 00 00 00 5E 00 00 00 00 00 2E 01 80 01 03 
 00 0B 62 04 04 14 00 20 47 CE 30 32 D8 BA D1 F3 
 08 9C B0 C0 90 88 DE 43 50 14 91 D4 60 40 2B 90 
 CD 1B 7F C0 B6 8C A9 2F 00 08 00 22 00 0B 7A 79 
 C8 38 E2 C0 97 B8 E8 F3 B1 6C DF 2B 76 FD DF 55 
 BB 33 8E 92 22 2B A8 2B 2D 77 F6 EA 6E B0 
 SWTPM_IO_Read: length 14
 80 01 00 00 00 0E 00 00 01 69 01 80 01 04 
    IsEnEnabled(0x169 = 'NV_ReadPublic'): 1
 SWTPM_IO_Write: length 94
 80 01 00 00 00 5E 00 00 00 00 00 2E 01 80 01 04 
 00 0B 62 04 14 04 00 20 47 CE 30 32 D8 BA D1 F3 
 08 9C B0 C0 90 88 DE 43 50 14 91 D4 60 40 2B 90 
 CD 1B 7F C0 B6 8C A9 2F 00 8C 00 22 00 0B 71 EF 
 44 50 1B 87 8C 5C 3C 0A 28 E2 38 93 CD 2B FA 86 
 21 68 21 E8 7D 6B C8 B5 59 BE 8C 97 DC 5D 
 SWTPM_IO_Read: length 14
 80 01 00 00 00 0E 00 00 01 69 01 80 01 05 
    IsEnEnabled(0x169 = 'NV_ReadPublic'): 1
 SWTPM_IO_Write: length 94
 80 01 00 00 00 5E 00 00 00 00 00 2E 01 80 01 05 
 00 0B 62 04 14 04 00 20 47 CE 30 32 D8 BA D1 F3 
 08 9C B0 C0 90 88 DE 43 50 14 91 D4 60 40 2B 90 
 CD 1B 7F C0 B6 8C A9 2F 00 8C 00 22 00 0B 9F 57 
 47 9A 60 C8 7F EF 0C B5 C9 E6 F9 CE 89 60 6D 20 
 21 70 1C 55 93 90 F1 14 82 75 F0 CC F1 D5 
 SWTPM_IO_Read: length 35
 80 02 00 00 00 23 00 00 01 4E 01 80 01 00 01 80 
 01 00 00 00 00 09 40 00 00 09 00 00 00 00 00 00 
 08 00 00 
    IsEnEnabled(0x14e = 'NV_Read'): 1
 SWTPM_IO_Write: length 29
 80 02 00 00 00 1D 00 00 00 00 00 00 00 0A 00 08 
 00 00 00 00 00 00 00 0A 00 00 01 00 00 
 SWTPM_IO_Read: length 35
 80 02 00 00 00 23 00 00 01 4E 01 80 01 01 01 80 
 01 01 00 00 00 09 40 00 00 09 00 00 00 00 00 00 
 B4 00 00 
    IsEnEnabled(0x14e = 'NV_Read'): 1
 SWTPM_IO_Write: length 201
 80 02 00 00 00 C9 00 00 00 00 00 00 00 B6 00 B4 
 43 53 45 52 54 50 4D 31 00 01 01 00 00 00 00 00 
 00 00 00 0A F6 A4 B0 7C 1E 17 36 1A A6 2B BC A2 
 C6 57 9B 38 0F DE 43 BE 44 F3 88 24 A3 DB 42 E8 
 28 55 C1 73 00 00 00 00 00 00 00 01 00 00 00 00 
 00 00 00 01 00 00 00 00 00 00 00 02 00 00 00 00 
 00 00 00 01 00 00 00 00 00 00 00 01 00 00 00 00 
 00 00 00 02 00 00 00 00 00 00 00 02 00 00 00 00 
 00 00 00 09 37 E6 2E E5 CA 67 6F C2 6B 96 83 E0 
 8A D8 9A F3 5A 64 3E E8 10 74 6F B7 2B 81 58 4E 
 95 B9 0A 40 24 11 96 04 4A 7E 6F 68 0D F0 4A 53 
 6C C5 F8 97 01 9B FB 24 FC E0 0A C6 C0 09 13 4B 
 F2 00 FC 5E 00 00 01 00 00 
 SWTPM_IO_Read: length 35
 80 02 00 00 00 23 00 00 01 4E 01 80 01 03 01 80 
 01 03 00 00 00 09 40 00 00 09 00 00 00 00 00 00 
 08 00 00 
    IsEnEnabled(0x14e = 'NV_Read'): 1
 SWTPM_IO_Write: length 29
 80 02 00 00 00 1D 00 00 00 00 00 00 00 0A 00 08 
 00 00 00 00 00 00 00 02 00 00 01 00 00 
 SWTPM_IO_Read: length 35
 80 02 00 00 00 23 00 00 01 4E 01 80 01 04 01 80 
 01 04 00 00 00 09 40 00 00 09 00 00 00 00 00 00 
 8C 00 00 
    IsEnEnabled(0x14e = 'NV_Read'): 1
 SWTPM_IO_Write: length 161
 80 02 00 00 00 A1 00 00 00 00 00 00 00 8E 00 8C 
 43 53 45 52 54 50 4D 31 00 01 02 00 00 00 00 00 
 00 00 00 02 F6 A4 B0 7C 1E 17 36 1A A6 2B BC A2 
 C6 57 9B 38 0F DE 43 BE 44 F3 88 24 A3 DB 42 E8 
 28 55 C1 73 00 00 00 00 00 00 00 01 00 00 00 00 
 00 00 00 01 00 00 00 00 00 00 00 02 00 00 00 00 
 00 00 00 01 00 00 00 00 00 00 00 01 00 00 00 00 
 00 00 00 02 00 00 00 00 00 00 00 02 9C 4D 44 E3 
 78 EF 03 3D F1 57 0F 05 69 7C A2 DA B5 73 84 55 
 10 EE DC 50 09 F9 AE 3D E9 C1 36 26 00 00 01 00 
 00 
 SWTPM_IO_Read: length 215
 80 02 00 00 00 D7 00 00 01 37 01 80 01 02 01 80 
 01 02 00 00 00 09 40 00 00 09 00 00 00 00 00 00 
 B4 43 53 45 52 54 50 4D 31 00 01 01 00 00 00 00 
 00 00 00 00 0B F6 A4 B0 7C 1E 17 36 1A A6 2B BC 
 A2 C6 57 9B 38 0F DE 43 BE 44 F3 88 24 A3 DB 42 
 E8 28 55 C1 73 00 00 00 00 00 00 00 01 00 00 00 
 00 00 00 00 01 00 00 00 00 00 00 00 02 00 00 00 
 00 00 00 00 01 00 00 00 00 00 00 00 01 00 00 00 
 00 00 00 00 02 00 00 00 00 00 00 00 02 00 00 00 
 00 00 00 00 0A 99 4A 9F 76 EC AC BE A8 1A BB 33 
 AF 2E 3E 62 7B 2E 18 15 1D E0 7C 7A 05 C8 0A EF 
 A6 26 F2 27 D0 2E 45 55 DE E6 29 03 89 6F D6 FB 
 B9 D0 D2 3C 87 E6 C5 75 6E 5C 4D 30 7B 72 B3 74 
 BF 54 F4 82 EB 00 00 
    IsEnEnabled(0x137 = 'NV_Write'): 1
 SWTPM_IO_Write: length 19
 80 02 00 00 00 13 00 00 00 00 00 00 00 00 00 00 
 01 00 00 
 SWTPM_IO_Read: length 35
 80 02 00 00 00 23 00 00 01 4E 01 80 01 02 01 80 
 01 02 00 00 00 09 40 00 00 09 00 00 00 00 00 00 
 B4 00 00 
    IsEnEnabled(0x14e = 'NV_Read'): 1
 SWTPM_IO_Write: length 201
 80 02 00 00 00 C9 00 00 00 00 00 00 00 B6 00 B4 
 43 53 45 52 54 50 4D 31 00 01 01 00 00 00 00 00 
 00 00 00 0B F6 A4 B0 7C 1E 17 36 1A A6 2B BC A2 
 C6 57 9B 38 0F DE 43 BE 44 F3 88 24 A3 DB 42 E8 
 28 55 C1 73 00 00 00 00 00 00 00 01 00 00 00 00 
 00 00 00 01 00 00 00 00 00 00 00 02 00 00 00 00 
 00 00 00 01 00 00 00 00 00 00 00 01 00 00 00 00 
 00 00 00 02 00 00 00 00 00 00 00 02 00 00 00 00 
 00 00 00 0A 99 4A 9F 76 EC AC BE A8 1A BB 33 AF 
 2E 3E 62 7B 2E 18 15 1D E0 7C 7A 05 C8 0A EF A6 
 26 F2 27 D0 2E 45 55 DE E6 29 03 89 6F D6 FB B9 
 D0 D2 3C 87 E6 C5 75 6E 5C 4D 30 7B 72 B3 74 BF 
 54 F4 82 EB 00 00 01 00 00 
 SWTPM_IO_Read: length 31
 80 02 00 00 00 1F 00 00 01 34 01 80 01 00 01 80 
 01 00 00 00 00 09 40 00 00 09 00 00 00 00 00 
    IsEnEnabled(0x134 = 'NV_Increment'): 1
 SWTPM_IO_Write: length 19
 80 02 00 00 00 13 00 00 00 00 00 00 00 00 00 00 
 01 00 00 
 SWTPM_IO_Read: length 35
 80 02 00 00 00 23 00 00 01 4E 01 80 01 00 01 80 
 01 00 00 00 00 09 40 00 00 09 00 00 00 00 00 00 
 08 00 00 
    IsEnEnabled(0x14e = 'NV_Read'): 1
 SWTPM_IO_Write: length 29
 80 02 00 00 00 1D 00 00 00 00 00 00 00 0A 00 08 
 00 00 00 00 00 00 00 0B 00 00 01 00 00 
 SWTPM_IO_Read: length 14
 80 01 00 00 00 0E 00 00 01 69 01 80 01 00 
    IsEnEnabled(0x169 = 'NV_ReadPublic'): 1
 SWTPM_IO_Write: length 94
 80 01 00 00 00 5E 00 00 00 00 00 2E 01 80 01 00 
 00 0B 62 04 04 14 00 20 47 CE 30 32 D8 BA D1 F3 
 08 9C B0 C0 90 88 DE 43 50 14 91 D4 60 40 2B 90 
 CD 1B 7F C0 B6 8C A9 2F 00 08 00 22 00 0B C1 0D 
 A5 71 71 0D C0 EF 34 03 98 76 52 A2 A1 AA E0 1C 
 A0 C7 A6 3A 2D 8E DE F2 34 F2 EC AA D3 3D 
 SWTPM_IO_Read: length 14
 80 01 00 00 00 0E 00 00 01 69 01 80 01 01 
    IsEnEnabled(0x169 = 'NV_ReadPublic'): 1
 SWTPM_IO_Write: length 94
 80 01 00 00 00 5E 00 00 00 00 00 2E 01 80 01 01 
 00 0B 62 04 14 04 00 20 47 CE 30 32 D8 BA D1 F3 
 08 9C B0 C0 90 88 DE 43 50 14 91 D4 60 40 2B 90 
 CD 1B 7F C0 B6 8C A9 2F 00 B4 00 22 00 0B 61 A3 
 FC 9A 66 53 70 0A 3F E3 E3 E1 EA 84 C9 69 FD 04 
 5F 2D D7 7B 23 4C E6 CD 3B B8 BF 1A 39 F7 
 SWTPM_IO_Read: length 14
 80 01 00 00 00 0E 00 00 01 69 01 80 01 02 
    IsEnEnabled(0x169 = 'NV_ReadPublic'): 1
 SWTPM_IO_Write: length 94
 80 01 00 00 00 5E 00 00 00 00 00 2E 01 80 01 02 
 00 0B 62 04 14 04 00 20 47 CE 30 32 D8 BA D1 F3 
 08 9C B0 C0 90 88 DE 43 50 14 91 D4 60 40 2B 90 
 CD 1B 7F C0 B6 8C A9 2F 00 B4 00 22 00 0B 2A 9A 
 FE FE 5E 5D 33 57 E1 50 C8 04 FA E1 C4 93 88 0A 
 4A 05 92 CD E3 AD 8C 2D 84 BB 33 07 27 E8 
 SWTPM_IO_Read: length 14
 80 01 00 00 00 0E 00 00 01 69 01 80 01 03 
    IsEnEnabled(0x169 = 'NV_ReadPublic'): 1
 SWTPM_IO_Write: length 94
 80 01 00 00 00 5E 00 00 00 00 00 2E 01 80 01 03 
 00 0B 62 04 04 14 00 20 47 CE 30 32 D8 BA D1 F3 
 08 9C B0 C0 90 88 DE 43 50 14 91 D4 60 40 2B 90 
 CD 1B 7F C0 B6 8C A9 2F 00 08 00 22 00 0B 7A 79 
 C8 38 E2 C0 97 B8 E8 F3 B1 6C DF 2B 76 FD DF 55 
 BB 33 8E 92 22 2B A8 2B 2D 77 F6 EA 6E B0 
 SWTPM_IO_Read: length 14
 80 01 00 00 00 0E 00 00 01 69 01 80 01 04 
    IsEnEnabled(0x169 = 'NV_ReadPublic'): 1
 SWTPM_IO_Write: length 94
 80 01 00 00 00 5E 00 00 00 00 00 2E 01 80 01 04 
 00 0B 62 04 14 04 00 20 47 CE 30 32 D8 BA D1 F3 
 08 9C B0 C0 90 88 DE 43 50 14 91 D4 60 40 2B 90 
 CD 1B 7F C0 B6 8C A9 2F 00 8C 00 22 00 0B 71 EF 
 44 50 1B 87 8C 5C 3C 0A 28 E2 38 93 CD 2B FA 86 
 21 68 21 E8 7D 6B C8 B5 59 BE 8C 97 DC 5D 
 SWTPM_IO_Read: length 14
 80 01 00 00 00 0E 00 00 01 69 01 80 01 05 
    IsEnEnabled(0x169 = 'NV_ReadPublic'): 1
 SWTPM_IO_Write: length 94
 80 01 00 00 00 5E 00 00 00 00 00 2E 01 80 01 05 
 00 0B 62 04 14 04 00 20 47 CE 30 32 D8 BA D1 F3 
 08 9C B0 C0 90 88 DE 43 50 14 91 D4 60 40 2B 90 
 CD 1B 7F C0 B6 8C A9 2F 00 8C 00 22 00 0B 9F 57 
 47 9A 60 C8 7F EF 0C B5 C9 E6 F9 CE 89 60 6D 20 
 21 70 1C 55 93 90 F1 14 82 75 F0 CC F1 D5 
 SWTPM_IO_Read: length 35
 80 02 00 00 00 23 00 00 01 4E 01 80 01 00 01 80 
 01 00 00 00 00 09 40 00 00 09 00 00 00 00 00 00 
 08 00 00 
    IsEnEnabled(0x14e = 'NV_Read'): 1
 SWTPM_IO_Write: length 29
 80 02 00 00 00 1D 00 00 00 00 00 00 00 0A 00 08 
 00 00 00 00 00 00 00 0B 00 00 01 00 00 
 SWTPM_IO_Read: length 35
 80 02 00 00 00 23 00 00 01 4E 01 80 01 02 01 80 
 01 02 00 00 00 09 40 00 00 09 00 00 00 00 00 00 
 B4 00 00 
    IsEnEnabled(0x14e = 'NV_Read'): 1
 SWTPM_IO_Write: length 201
 80 02 00 00 00 C9 00 00 00 00 00 00 00 B6 00 B4 
 43 53 45 52 54 50 4D 31 00 01 01 00 00 00 00 00 
 00 00 00 0B F6 A4 B0 7C 1E 17 36 1A A6 2B BC A2 
 C6 57 9B 38 0F DE 43 BE 44 F3 88 24 A3 DB 42 E8 
 28 55 C1 73 00 00 00 00 00 00 00 01 00 00 00 00 
 00 00 00 01 00 00 00 00 00 00 00 02 00 00 00 00 
 00 00 00 01 00 00 00 00 00 00 00 01 00 00 00 00 
 00 00 00 02 00 00 00 00 00 00 00 02 00 00 00 00 
 00 00 00 0A 99 4A 9F 76 EC AC BE A8 1A BB 33 AF 
 2E 3E 62 7B 2E 18 15 1D E0 7C 7A 05 C8 0A EF A6 
 26 F2 27 D0 2E 45 55 DE E6 29 03 89 6F D6 FB B9 
 D0 D2 3C 87 E6 C5 75 6E 5C 4D 30 7B 72 B3 74 BF 
 54 F4 82 EB 00 00 01 00 00 
 SWTPM_IO_Read: length 35
 80 02 00 00 00 23 00 00 01 4E 01 80 01 03 01 80 
 01 03 00 00 00 09 40 00 00 09 00 00 00 00 00 00 
 08 00 00 
    IsEnEnabled(0x14e = 'NV_Read'): 1
 SWTPM_IO_Write: length 29
 80 02 00 00 00 1D 00 00 00 00 00 00 00 0A 00 08 
 00 00 00 00 00 00 00 02 00 00 01 00 00 
 SWTPM_IO_Read: length 35
 80 02 00 00 00 23 00 00 01 4E 01 80 01 04 01 80 
 01 04 00 00 00 09 40 00 00 09 00 00 00 00 00 00 
 8C 00 00 
    IsEnEnabled(0x14e = 'NV_Read'): 1
 SWTPM_IO_Write: length 161
 80 02 00 00 00 A1 00 00 00 00 00 00 00 8E 00 8C 
 43 53 45 52 54 50 4D 31 00 01 02 00 00 00 00 00 
 00 00 00 02 F6 A4 B0 7C 1E 17 36 1A A6 2B BC A2 
 C6 57 9B 38 0F DE 43 BE 44 F3 88 24 A3 DB 42 E8 
 28 55 C1 73 00 00 00 00 00 00 00 01 00 00 00 00 
 00 00 00 01 00 00 00 00 00 00 00 02 00 00 00 00 
 00 00 00 01 00 00 00 00 00 00 00 01 00 00 00 00 
 00 00 00 02 00 00 00 00 00 00 00 02 9C 4D 44 E3 
 78 EF 03 3D F1 57 0F 05 69 7C A2 DA B5 73 84 55 
 10 EE DC 50 09 F9 AE 3D E9 C1 36 26 00 00 01 00 
 00 
 SWTPM_IO_Read: length 215
 80 02 00 00 00 D7 00 00 01 37 01 80 01 01 01 80 
 01 01 00 00 00 09 40 00 00 09 00 00 00 00 00 00 
 B4 43 53 45 52 54 50 4D 31 00 01 01 00 00 00 00 
 00 00 00 00 0C F6 A4 B0 7C 1E 17 36 1A A6 2B BC 
 A2 C6 57 9B 38 0F DE 43 BE 44 F3 88 24 A3 DB 42 
 E8 28 55 C1 73 00 00 00 00 00 00 00 01 00 00 00 
 00 00 00 00 01 00 00 00 00 00 00 00 02 00 00 00 
 00 00 00 00 01 00 00 00 00 00 00 00 01 00 00 00 
 00 00 00 00 02 00 00 00 00 00 00 00 02 00 00 00 
 00 00 00 00 0B E4 96 19 C5 EB EA 1A F8 C4 D3 F0 
 C6 8C DF DE 0C E8 72 F2 25 34 DD BC C7 12 F9 7A 
 9A EA 9C 04 85 E8 BF 37 1C 59 2D F6 B6 78 4C E1 
 03 98 D6 58 E2 BD 8B 60 2E D9 FB 79 3A E4 15 7B 
 F1 DF 90 B6 11 00 00 
    IsEnEnabled(0x137 = 'NV_Write'): 1
 SWTPM_IO_Write: length 19
 80 02 00 00 00 13 00 00 00 00 00 00 00 00 00 00 
 01 00 00 
 SWTPM_IO_Read: length 35
 80 02 00 00 00 23 00 00 01 4E 01 80 01 01 01 80 
 01 01 00 00 00 09 40 00 00 09 00 00 00 00 00 00 
 B4 00 00 
    IsEnEnabled(0x14e = 'NV_Read'): 1
 SWTPM_IO_Write: length 201
 80 02 00 00 00 C9 00 00 00 00 00 00 00 B6 00 B4 
 43 53 45 52 54 50 4D 31 00 01 01 00 00 00 00 00 
 00 00 00 0C F6 A4 B0 7C 1E 17 36 1A A6 2B BC A2 
 C6 57 9B 38 0F DE 43 BE 44 F3 88 24 A3 DB 42 E8 
 28 55 C1 73 00 00 00 00 00 00 00 01 00 00 00 00 
 00 00 00 01 00 00 00 00 00 00 00 02 00 00 00 00 
 00 00 00 01 00 00 00 00 00 00 00 01 00 00 00 00 
 00 00 00 02 00 00 00 00 00 00 00 02 00 00 00 00 
 00 00 00 0B E4 96 19 C5 EB EA 1A F8 C4 D3 F0 C6 
 8C DF DE 0C E8 72 F2 25 34 DD BC C7 12 F9 7A 9A 
 EA 9C 04 85 E8 BF 37 1C 59 2D F6 B6 78 4C E1 03 
 98 D6 58 E2 BD 8B 60 2E D9 FB 79 3A E4 15 7B F1 
 DF 90 B6 11 00 00 01 00 00 
 SWTPM_IO_Read: length 31
 80 02 00 00 00 1F 00 00 01 34 01 80 01 00 01 80 
 01 00 00 00 00 09 40 00 00 09 00 00 00 00 00 
    IsEnEnabled(0x134 = 'NV_Increment'): 1
 SWTPM_IO_Write: length 19
 80 02 00 00 00 13 00 00 00 00 00 00 00 00 00 00 
 01 00 00 
 SWTPM_IO_Read: length 35
 80 02 00 00 00 23 00 00 01 4E 01 80 01 00 01 80 
 01 00 00 00 00 09 40 00 00 09 00 00 00 00 00 00 
 08 00 00 
    IsEnEnabled(0x14e = 'NV_Read'): 1
 SWTPM_IO_Write: length 29
 80 02 00 00 00 1D 00 00 00 00 00 00 00 0A 00 08 
 00 00 00 00 00 00 00 0C 00 00 01 00 00 
 Ctrl Cmd: length 4
 00 00 00 03 
 Ctrl Rsp: length 4
 00 00 00 00 
Warning: Profile-enabled algorithms contain disabled 'RSA-1024-sign(SHA1, pkcs1-pss)'
Warning: Setting OPENSSL_ENABLE_SHA1_SIGNATURES=1
  Tested: camellia-128
  Tested: camellia-256
  Tested: tdes
  Tested: RSA-1024-sign(SHA1, pkcs1-pss)
  Tested: RSA-1024-sign(SHA1, pkcs1)
  Tested: RSA-2048-sign(SHA1, pkcs1-pss)
  Tested: RSA-2048-sign(SHA1, pkcs1)
 Ctrl Cmd: length 4
 00 00 00 10 
 Ctrl Rsp: length 4
 00 00 00 00 
 SWTPM_IO_Read: length 10
 80 01 00 00 00 0A 00 00 01 81 
    IsEnEnabled(0x181 = 'ReadClock'): 1
 SWTPM_IO_Write: length 10
 80 01 00 00 00 0A 00 00 01 00 
 Ctrl Cmd: length 4
 00 00 00 01 
 Ctrl Rsp: length 8
 00 00 00 00 00 01 FF FF 
 Ctrl Cmd: length 4
 00 00 00 0E 
 Ctrl Rsp: length 4
 00 00 00 00 
 Ctrl Cmd: length 8
 00 00 00 11 00 00 00 00 
 Ctrl Rsp: length 16
 00 00 00 00 00 00 10 00 00 00 0A F8 00 00 10 00 
 Ctrl Cmd: length 4
 00 00 00 0E 
 Ctrl Rsp: length 4
 00 00 00 00 
 Ctrl Cmd: length 8
 00 00 00 11 00 00 10 00 
 Ctrl Rsp: length 16
 00 00 00 00 00 00 10 00 00 00 0A F8 00 00 10 00 
 Ctrl Cmd: length 8
 00 00 00 02 00 00 00 00 
  Tested: RSA-1024-sign(SHA1, pkcs1-pss)
  Tested: RSA-1024-sign(SHA1, pkcs1)
  Tested: RSA-2048-sign(SHA1, pkcs1-pss)
  Tested: RSA-2048-sign(SHA1, pkcs1)
  Tested: camellia-128
  Tested: camellia-256
  Tested: tdes
 Ctrl Rsp: length 4
 00 00 00 00 
 Ctrl Cmd: length 4
 00 00 00 04 
 Ctrl Rsp: length 8
 00 00 00 00 00 00 00 00 
 Ctrl Cmd: length 8
 00 00 00 05 00 00 00 00 
 Ctrl Rsp: length 4
 00 00 00 00 
 SWTPM_IO_Read: length 12
 80 01 00 00 00 0C 00 00 01 44 00 00 
    IsEnEnabled(0x144 = 'Startup'): 1
 SWTPM_IO_Write: length 10
 80 01 00 00 00 0A 00 00 00 00 
 SWTPM_IO_Read: length 14
 80 01 00 00 00 0E 00 00 01 69 01 80 01 00 
    IsEnEnabled(0x169 = 'NV_ReadPublic'): 1
 SWTPM_IO_Write: length 94
 80 01 00 00 00 5E 00 00 00 00 00 2E 01 80 01 00 
 00 0B 62 04 04 14 00 20 47 CE 30 32 D8 BA D1 F3 
 08 9C B0 C0 90 88 DE 43 50 14 91 D4 60 40 2B 90 
 CD 1B 7F C0 B6 8C A9 2F 00 08 00 22 00 0B C1 0D 
 A5 71 71 0D C0 EF 34 03 98 76 52 A2 A1 AA E0 1C 
 A0 C7 A6 3A 2D 8E DE F2 34 F2 EC AA D3 3D 
 SWTPM_IO_Read: length 14
 80 01 00 00 00 0E 00 00 01 69 01 80 01 01 
    IsEnEnabled(0x169 = 'NV_ReadPublic'): 1
 SWTPM_IO_Write: length 94
 80 01 00 00 00 5E 00 00 00 00 00 2E 01 80 01 01 
 00 0B 62 04 14 04 00 20 47 CE 30 32 D8 BA D1 F3 
 08 9C B0 C0 90 88 DE 43 50 14 91 D4 60 40 2B 90 
 CD 1B 7F C0 B6 8C A9 2F 00 B4 00 22 00 0B 61 A3 
 FC 9A 66 53 70 0A 3F E3 E3 E1 EA 84 C9 69 FD 04 
 5F 2D D7 7B 23 4C E6 CD 3B B8 BF 1A 39 F7 
 SWTPM_IO_Read: length 14
 80 01 00 00 00 0E 00 00 01 69 01 80 01 02 
    IsEnEnabled(0x169 = 'NV_ReadPublic'): 1
 SWTPM_IO_Write: length 94
 80 01 00 00 00 5E 00 00 00 00 00 2E 01 80 01 02 
 00 0B 62 04 14 04 00 20 47 CE 30 32 D8 BA D1 F3 
 08 9C B0 C0 90 88 DE 43 50 14 91 D4 60 40 2B 90 
 CD 1B 7F C0 B6 8C A9 2F 00 B4 00 22 00 0B 2A 9A 
 FE FE 5E 5D 33 57 E1 50 C8 04 FA E1 C4 93 88 0A 
 4A 05 92 CD E3 AD 8C 2D 84 BB 33 07 27 E8 
 SWTPM_IO_Read: length 14
 80 01 00 00 00 0E 00 00 01 69 01 80 01 03 
    IsEnEnabled(0x169 = 'NV_ReadPublic'): 1
 SWTPM_IO_Write: length 94
 80 01 00 00 00 5E 00 00 00 00 00 2E 01 80 01 03 
 00 0B 62 04 04 14 00 20 47 CE 30 32 D8 BA D1 F3 
 08 9C B0 C0 90 88 DE 43 50 14 91 D4 60 40 2B 90 
 CD 1B 7F C0 B6 8C A9 2F 00 08 00 22 00 0B 7A 79 
 C8 38 E2 C0 97 B8 E8 F3 B1 6C DF 2B 76 FD DF 55 
 BB 33 8E 92 22 2B A8 2B 2D 77 F6 EA 6E B0 
 SWTPM_IO_Read: length 14
 80 01 00 00 00 0E 00 00 01 69 01 80 01 04 
    IsEnEnabled(0x169 = 'NV_ReadPublic'): 1
 SWTPM_IO_Write: length 94
 80 01 00 00 00 5E 00 00 00 00 00 2E 01 80 01 04 
 00 0B 62 04 14 04 00 20 47 CE 30 32 D8 BA D1 F3 
 08 9C B0 C0 90 88 DE 43 50 14 91 D4 60 40 2B 90 
 CD 1B 7F C0 B6 8C A9 2F 00 8C 00 22 00 0B 71 EF 
 44 50 1B 87 8C 5C 3C 0A 28 E2 38 93 CD 2B FA 86 
 21 68 21 E8 7D 6B C8 B5 59 BE 8C 97 DC 5D 
 SWTPM_IO_Read: length 14
 80 01 00 00 00 0E 00 00 01 69 01 80 01 05 
    IsEnEnabled(0x169 = 'NV_ReadPublic'): 1
 SWTPM_IO_Write: length 94
 80 01 00 00 00 5E 00 00 00 00 00 2E 01 80 01 05 
 00 0B 62 04 14 04 00 20 47 CE 30 32 D8 BA D1 F3 
 08 9C B0 C0 90 88 DE 43 50 14 91 D4 60 40 2B 90 
 CD 1B 7F C0 B6 8C A9 2F 00 8C 00 22 00 0B 9F 57 
 47 9A 60 C8 7F EF 0C B5 C9 E6 F9 CE 89 60 6D 20 
 21 70 1C 55 93 90 F1 14 82 75 F0 CC F1 D5 
 SWTPM_IO_Read: length 35
 80 02 00 00 00 23 00 00 01 4E 01 80 01 00 01 80 
 01 00 00 00 00 09 40 00 00 09 00 00 00 00 00 00 
 08 00 00 
    IsEnEnabled(0x14e = 'NV_Read'): 1
 SWTPM_IO_Write: length 29
 80 02 00 00 00 1D 00 00 00 00 00 00 00 0A 00 08 
 00 00 00 00 00 00 00 0C 00 00 01 00 00 
 SWTPM_IO_Read: length 35
 80 02 00 00 00 23 00 00 01 4E 01 80 01 01 01 80 
 01 01 00 00 00 09 40 00 00 09 00 00 00 00 00 00 
 B4 00 00 
    IsEnEnabled(0x14e = 'NV_Read'): 1
 SWTPM_IO_Write: length 201
 80 02 00 00 00 C9 00 00 00 00 00 00 00 B6 00 B4 
 43 53 45 52 54 50 4D 31 00 01 01 00 00 00 00 00 
 00 00 00 0C F6 A4 B0 7C 1E 17 36 1A A6 2B BC A2 
 C6 57 9B 38 0F DE 43 BE 44 F3 88 24 A3 DB 42 E8 
 28 55 C1 73 00 00 00 00 00 00 00 01 00 00 00 00 
 00 00 00 01 00 00 00 00 00 00 00 02 00 00 00 00 
 00 00 00 01 00 00 00 00 00 00 00 01 00 00 00 00 
 00 00 00 02 00 00 00 00 00 00 00 02 00 00 00 00 
 00 00 00 0B E4 96 19 C5 EB EA 1A F8 C4 D3 F0 C6 
 8C DF DE 0C E8 72 F2 25 34 DD BC C7 12 F9 7A 9A 
 EA 9C 04 85 E8 BF 37 1C 59 2D F6 B6 78 4C E1 03 
 98 D6 58 E2 BD 8B 60 2E D9 FB 79 3A E4 15 7B F1 
 DF 90 B6 11 00 00 01 00 00 
 SWTPM_IO_Read: length 35
 80 02 00 00 00 23 00 00 01 4E 01 80 01 03 01 80 
 01 03 00 00 00 09 40 00 00 09 00 00 00 00 00 00 
 08 00 00 
    IsEnEnabled(0x14e = 'NV_Read'): 1
 SWTPM_IO_Write: length 29
 80 02 00 00 00 1D 00 00 00 00 00 00 00 0A 00 08 
 00 00 00 00 00 00 00 02 00 00 01 00 00 
 SWTPM_IO_Read: length 35
 80 02 00 00 00 23 00 00 01 4E 01 80 01 04 01 80 
 01 04 00 00 00 09 40 00 00 09 00 00 00 00 00 00 
 8C 00 00 
    IsEnEnabled(0x14e = 'NV_Read'): 1
 SWTPM_IO_Write: length 161
 80 02 00 00 00 A1 00 00 00 00 00 00 00 8E 00 8C 
 43 53 45 52 54 50 4D 31 00 01 02 00 00 00 00 00 
 00 00 00 02 F6 A4 B0 7C 1E 17 36 1A A6 2B BC A2 
 C6 57 9B 38 0F DE 43 BE 44 F3 88 24 A3 DB 42 E8 
 28 55 C1 73 00 00 00 00 00 00 00 01 00 00 00 00 
 00 00 00 01 00 00 00 00 00 00 00 02 00 00 00 00 
 00 00 00 01 00 00 00 00 00 00 00 01 00 00 00 00 
 00 00 00 02 00 00 00 00 00 00 00 02 9C 4D 44 E3 
 78 EF 03 3D F1 57 0F 05 69 7C A2 DA B5 73 84 55 
 10 EE DC 50 09 F9 AE 3D E9 C1 36 26 00 00 01 00 
 00 
 SWTPM_IO_Read: length 14
 80 01 00 00 00 0E 00 00 01 69 01 80 01 00 
    IsEnEnabled(0x169 = 'NV_ReadPublic'): 1
 SWTPM_IO_Write: length 94
 80 01 00 00 00 5E 00 00 00 00 00 2E 01 80 01 00 
 00 0B 62 04 04 14 00 20 47 CE 30 32 D8 BA D1 F3 
 08 9C B0 C0 90 88 DE 43 50 14 91 D4 60 40 2B 90 
 CD 1B 7F C0 B6 8C A9 2F 00 08 00 22 00 0B C1 0D 
 A5 71 71 0D C0 EF 34 03 98 76 52 A2 A1 AA E0 1C 
 A0 C7 A6 3A 2D 8E DE F2 34 F2 EC AA D3 3D 
 SWTPM_IO_Read: length 14
 80 01 00 00 00 0E 00 00 01 69 01 80 01 01 
    IsEnEnabled(0x169 = 'NV_ReadPublic'): 1
 SWTPM_IO_Write: length 94
 80 01 00 00 00 5E 00 00 00 00 00 2E 01 80 01 01 
 00 0B 62 04 14 04 00 20 47 CE 30 32 D8 BA D1 F3 
 08 9C B0 C0 90 88 DE 43 50 14 91 D4 60 40 2B 90 
 CD 1B 7F C0 B6 8C A9 2F 00 B4 00 22 00 0B 61 A3 
 FC 9A 66 53 70 0A 3F E3 E3 E1 EA 84 C9 69 FD 04 
 5F 2D D7 7B 23 4C E6 CD 3B B8 BF 1A 39 F7 
 SWTPM_IO_Read: length 14
 80 01 00 00 00 0E 00 00 01 69 01 80 01 02 
    IsEnEnabled(0x169 = 'NV_ReadPublic'): 1
 SWTPM_IO_Write: length 94
 80 01 00 00 00 5E 00 00 00 00 00 2E 01 80 01 02 
 00 0B 62 04 14 04 00 20 47 CE 30 32 D8 BA D1 F3 
 08 9C B0 C0 90 88 DE 43 50 14 91 D4 60 40 2B 90 
 CD 1B 7F C0 B6 8C A9 2F 00 B4 00 22 00 0B 2A 9A 
 FE FE 5E 5D 33 57 E1 50 C8 04 FA E1 C4 93 88 0A 
 4A 05 92 CD E3 AD 8C 2D 84 BB 33 07 27 E8 
 SWTPM_IO_Read: length 14
 80 01 00 00 00 0E 00 00 01 69 01 80 01 03 
    IsEnEnabled(0x169 = 'NV_ReadPublic'): 1
 SWTPM_IO_Write: length 94
 80 01 00 00 00 5E 00 00 00 00 00 2E 01 80 01 03 
 00 0B 62 04 04 14 00 20 47 CE 30 32 D8 BA D1 F3 
 08 9C B0 C0 90 88 DE 43 50 14 91 D4 60 40 2B 90 
 CD 1B 7F C0 B6 8C A9 2F 00 08 00 22 00 0B 7A 79 
 C8 38 E2 C0 97 B8 E8 F3 B1 6C DF 2B 76 FD DF 55 
 BB 33 8E 92 22 2B A8 2B 2D 77 F6 EA 6E B0 
 SWTPM_IO_Read: length 14
 80 01 00 00 00 0E 00 00 01 69 01 80 01 04 
    IsEnEnabled(0x169 = 'NV_ReadPublic'): 1
 SWTPM_IO_Write: length 94
 80 01 00 00 00 5E 00 00 00 00 00 2E 01 80 01 04 
 00 0B 62 04 14 04 00 20 47 CE 30 32 D8 BA D1 F3 
 08 9C B0 C0 90 88 DE 43 50 14 91 D4 60 40 2B 90 
 CD 1B 7F C0 B6 8C A9 2F 00 8C 00 22 00 0B 71 EF 
 44 50 1B 87 8C 5C 3C 0A 28 E2 38 93 CD 2B FA 86 
 21 68 21 E8 7D 6B C8 B5 59 BE 8C 97 DC 5D 
 SWTPM_IO_Read: length 14
 80 01 00 00 00 0E 00 00 01 69 01 80 01 05 
    IsEnEnabled(0x169 = 'NV_ReadPublic'): 1
 SWTPM_IO_Write: length 94
 80 01 00 00 00 5E 00 00 00 00 00 2E 01 80 01 05 
 00 0B 62 04 14 04 00 20 47 CE 30 32 D8 BA D1 F3 
 08 9C B0 C0 90 88 DE 43 50 14 91 D4 60 40 2B 90 
 CD 1B 7F C0 B6 8C A9 2F 00 8C 00 22 00 0B 9F 57 
 47 9A 60 C8 7F EF 0C B5 C9 E6 F9 CE 89 60 6D 20 
 21 70 1C 55 93 90 F1 14 82 75 F0 CC F1 D5 
 SWTPM_IO_Read: length 35
 80 02 00 00 00 23 00 00 01 4E 01 80 01 00 01 80 
 01 00 00 00 00 09 40 00 00 09 00 00 00 00 00 00 
 08 00 00 
    IsEnEnabled(0x14e = 'NV_Read'): 1
 SWTPM_IO_Write: length 29
 80 02 00 00 00 1D 00 00 00 00 00 00 00 0A 00 08 
 00 00 00 00 00 00 00 0C 00 00 01 00 00 
 SWTPM_IO_Read: length 35
 80 02 00 00 00 23 00 00 01 4E 01 80 01 01 01 80 
 01 01 00 00 00 09 40 00 00 09 00 00 00 00 00 00 
 B4 00 00 
    IsEnEnabled(0x14e = 'NV_Read'): 1
 SWTPM_IO_Write: length 201
 80 02 00 00 00 C9 00 00 00 00 00 00 00 B6 00 B4 
 43 53 45 52 54 50 4D 31 00 01 01 00 00 00 00 00 
 00 00 00 0C F6 A4 B0 7C 1E 17 36 1A A6 2B BC A2 
 C6 57 9B 38 0F DE 43 BE 44 F3 88 24 A3 DB 42 E8 
 28 55 C1 73 00 00 00 00 00 00 00 01 00 00 00 00 
 00 00 00 01 00 00 00 00 00 00 00 02 00 00 00 00 
 00 00 00 01 00 00 00 00 00 00 00 01 00 00 00 00 
 00 00 00 02 00 00 00 00 00 00 00 02 00 00 00 00 
 00 00 00 0B E4 96 19 C5 EB EA 1A F8 C4 D3 F0 C6 
 8C DF DE 0C E8 72 F2 25 34 DD BC C7 12 F9 7A 9A 
 EA 9C 04 85 E8 BF 37 1C 59 2D F6 B6 78 4C E1 03 
 98 D6 58 E2 BD 8B 60 2E D9 FB 79 3A E4 15 7B F1 
 DF 90 B6 11 00 00 01 00 00 
 SWTPM_IO_Read: length 35
 80 02 00 00 00 23 00 00 01 4E 01 80 01 03 01 80 
 01 03 00 00 00 09 40 00 00 09 00 00 00 00 00 00 
 08 00 00 
    IsEnEnabled(0x14e = 'NV_Read'): 1
 SWTPM_IO_Write: length 29
 80 02 00 00 00 1D 00 00 00 00 00 00 00 0A 00 08 
 00 00 00 00 00 00 00 02 00 00 01 00 00 
 SWTPM_IO_Read: length 35
 80 02 00 00 00 23 00 00 01 4E 01 80 01 04 01 80 
 01 04 00 00 00 09 40 00 00 09 00 00 00 00 00 00 
 8C 00 00 
    IsEnEnabled(0x14e = 'NV_Read'): 1
 SWTPM_IO_Write: length 161
 80 02 00 00 00 A1 00 00 00 00 00 00 00 8E 00 8C 
 43 53 45 52 54 50 4D 31 00 01 02 00 00 00 00 00 
 00 00 00 02 F6 A4 B0 7C 1E 17 36 1A A6 2B BC A2 
 C6 57 9B 38 0F DE 43 BE 44 F3 88 24 A3 DB 42 E8 
 28 55 C1 73 00 00 00 00 00 00 00 01 00 00 00 00 
 00 00 00 01 00 00 00 00 00 00 00 02 00 00 00 00 
 00 00 00 01 00 00 00 00 00 00 00 01 00 00 00 00 
 00 00 00 02 00 00 00 00 00 00 00 02 9C 4D 44 E3 
 78 EF 03 3D F1 57 0F 05 69 7C A2 DA B5 73 84 55 
 10 EE DC 50 09 F9 AE 3D E9 C1 36 26 00 00 01 00 
 00 
 SWTPM_IO_Read: length 175
 80 02 00 00 00 AF 00 00 01 37 01 80 01 05 01 80 
 01 05 00 00 00 09 40 00 00 09 00 00 00 00 00 00 
 8C 43 53 45 52 54 50 4D 31 00 01 02 00 00 00 00 
 00 00 00 00 03 F6 A4 B0 7C 1E 17 36 1A A6 2B BC 
 A2 C6 57 9B 38 0F DE 43 BE 44 F3 88 24 A3 DB 42 
 E8 28 55 C1 73 00 00 00 00 00 00 00 01 00 00 00 
 00 00 00 00 01 00 00 00 00 00 00 00 03 00 00 00 
 00 00 00 00 01 00 00 00 00 00 00 00 01 00 00 00 
 00 00 00 00 03 00 00 00 00 00 00 00 03 6D E9 0C 
 81 85 BE D7 2E 53 C3 49 AF 88 41 57 D3 5C D9 B9 
 3C 1A C8 A7 70 40 26 09 32 D2 22 DB C3 00 00 
    IsEnEnabled(0x137 = 'NV_Write'): 1
 SWTPM_IO_Write: length 19
 80 02 00 00 00 13 00 00 00 00 00 00 00 00 00 00 
 01 00 00 
 SWTPM_IO_Read: length 35
 80 02 00 00 00 23 00 00 01 4E 01 80 01 05 01 80 
 01 05 00 00 00 09 40 00 00 09 00 00 00 00 00 00 
 8C 00 00 
    IsEnEnabled(0x14e = 'NV_Read'): 1
 SWTPM_IO_Write: length 161
 80 02 00 00 00 A1 00 00 00 00 00 00 00 8E 00 8C 
 43 53 45 52 54 50 4D 31 00 01 02 00 00 00 00 00 
 00 00 00 03 F6 A4 B0 7C 1E 17 36 1A A6 2B BC A2 
 C6 57 9B 38 0F DE 43 BE 44 F3 88 24 A3 DB 42 E8 
 28 55 C1 73 00 00 00 00 00 00 00 01 00 00 00 00 
 00 00 00 01 00 00 00 00 00 00 00 03 00 00 00 00 
 00 00 00 01 00 00 00 00 00 00 00 01 00 00 00 00 
 00 00 00 03 00 00 00 00 00 00 00 03 6D E9 0C 81 
 85 BE D7 2E 53 C3 49 AF 88 41 57 D3 5C D9 B9 3C 
 1A C8 A7 70 40 26 09 32 D2 22 DB C3 00 00 01 00 
 00 
 SWTPM_IO_Read: length 31
 80 02 00 00 00 1F 00 00 01 34 01 80 01 03 01 80 
 01 03 00 00 00 09 40 00 00 09 00 00 00 00 00 
    IsEnEnabled(0x134 = 'NV_Increment'): 1
 SWTPM_IO_Write: length 19
 80 02 00 00 00 13 00 00 00 00 00 00 00 00 00 00 
 01 00 00 
 SWTPM_IO_Read: length 35
 80 02 00 00 00 23 00 00 01 4E 01 80 01 03 01 80 
 01 03 00 00 00 09 40 00 00 09 00 00 00 00 00 00 
 08 00 00 
    IsEnEnabled(0x14e = 'NV_Read'): 1
 SWTPM_IO_Write: length 29
 80 02 00 00 00 1D 00 00 00 00 00 00 00 0A 00 08 
 00 00 00 00 00 00 00 03 00 00 01 00 00 
 SWTPM_IO_Read: length 14
 80 01 00 00 00 0E 00 00 01 69 01 80 01 00 
    IsEnEnabled(0x169 = 'NV_ReadPublic'): 1
 SWTPM_IO_Write: length 94
 80 01 00 00 00 5E 00 00 00 00 00 2E 01 80 01 00 
 00 0B 62 04 04 14 00 20 47 CE 30 32 D8 BA D1 F3 
 08 9C B0 C0 90 88 DE 43 50 14 91 D4 60 40 2B 90 
 CD 1B 7F C0 B6 8C A9 2F 00 08 00 22 00 0B C1 0D 
 A5 71 71 0D C0 EF 34 03 98 76 52 A2 A1 AA E0 1C 
 A0 C7 A6 3A 2D 8E DE F2 34 F2 EC AA D3 3D 
 SWTPM_IO_Read: length 14
 80 01 00 00 00 0E 00 00 01 69 01 80 01 01 
    IsEnEnabled(0x169 = 'NV_ReadPublic'): 1
 SWTPM_IO_Write: length 94
 80 01 00 00 00 5E 00 00 00 00 00 2E 01 80 01 01 
 00 0B 62 04 14 04 00 20 47 CE 30 32 D8 BA D1 F3 
 08 9C B0 C0 90 88 DE 43 50 14 91 D4 60 40 2B 90 
 CD 1B 7F C0 B6 8C A9 2F 00 B4 00 22 00 0B 61 A3 
 FC 9A 66 53 70 0A 3F E3 E3 E1 EA 84 C9 69 FD 04 
 5F 2D D7 7B 23 4C E6 CD 3B B8 BF 1A 39 F7 
 SWTPM_IO_Read: length 14
 80 01 00 00 00 0E 00 00 01 69 01 80 01 02 
    IsEnEnabled(0x169 = 'NV_ReadPublic'): 1
 SWTPM_IO_Write: length 94
 80 01 00 00 00 5E 00 00 00 00 00 2E 01 80 01 02 
 00 0B 62 04 14 04 00 20 47 CE 30 32 D8 BA D1 F3 
 08 9C B0 C0 90 88 DE 43 50 14 91 D4 60 40 2B 90 
 CD 1B 7F C0 B6 8C A9 2F 00 B4 00 22 00 0B 2A 9A 
 FE FE 5E 5D 33 57 E1 50 C8 04 FA E1 C4 93 88 0A 
 4A 05 92 CD E3 AD 8C 2D 84 BB 33 07 27 E8 
 SWTPM_IO_Read: length 14
 80 01 00 00 00 0E 00 00 01 69 01 80 01 03 
    IsEnEnabled(0x169 = 'NV_ReadPublic'): 1
 SWTPM_IO_Write: length 94
 80 01 00 00 00 5E 00 00 00 00 00 2E 01 80 01 03 
 00 0B 62 04 04 14 00 20 47 CE 30 32 D8 BA D1 F3 
 08 9C B0 C0 90 88 DE 43 50 14 91 D4 60 40 2B 90 
 CD 1B 7F C0 B6 8C A9 2F 00 08 00 22 00 0B 7A 79 
 C8 38 E2 C0 97 B8 E8 F3 B1 6C DF 2B 76 FD DF 55 
 BB 33 8E 92 22 2B A8 2B 2D 77 F6 EA 6E B0 
 SWTPM_IO_Read: length 14
 80 01 00 00 00 0E 00 00 01 69 01 80 01 04 
    IsEnEnabled(0x169 = 'NV_ReadPublic'): 1
 SWTPM_IO_Write: length 94
 80 01 00 00 00 5E 00 00 00 00 00 2E 01 80 01 04 
 00 0B 62 04 14 04 00 20 47 CE 30 32 D8 BA D1 F3 
 08 9C B0 C0 90 88 DE 43 50 14 91 D4 60 40 2B 90 
 CD 1B 7F C0 B6 8C A9 2F 00 8C 00 22 00 0B 71 EF 
 44 50 1B 87 8C 5C 3C 0A 28 E2 38 93 CD 2B FA 86 
 21 68 21 E8 7D 6B C8 B5 59 BE 8C 97 DC 5D 
 SWTPM_IO_Read: length 14
 80 01 00 00 00 0E 00 00 01 69 01 80 01 05 
    IsEnEnabled(0x169 = 'NV_ReadPublic'): 1
 SWTPM_IO_Write: length 94
 80 01 00 00 00 5E 00 00 00 00 00 2E 01 80 01 05 
 00 0B 62 04 14 04 00 20 47 CE 30 32 D8 BA D1 F3 
 08 9C B0 C0 90 88 DE 43 50 14 91 D4 60 40 2B 90 
 CD 1B 7F C0 B6 8C A9 2F 00 8C 00 22 00 0B 9F 57 
 47 9A 60 C8 7F EF 0C B5 C9 E6 F9 CE 89 60 6D 20 
 21 70 1C 55 93 90 F1 14 82 75 F0 CC F1 D5 
 SWTPM_IO_Read: length 35
 80 02 00 00 00 23 00 00 01 4E 01 80 01 00 01 80 
 01 00 00 00 00 09 40 00 00 09 00 00 00 00 00 00 
 08 00 00 
    IsEnEnabled(0x14e = 'NV_Read'): 1
 SWTPM_IO_Write: length 29
 80 02 00 00 00 1D 00 00 00 00 00 00 00 0A 00 08 
 00 00 00 00 00 00 00 0C 00 00 01 00 00 
 SWTPM_IO_Read: length 35
 80 02 00 00 00 23 00 00 01 4E 01 80 01 01 01 80 
 01 01 00 00 00 09 40 00 00 09 00 00 00 00 00 00 
 B4 00 00 
    IsEnEnabled(0x14e = 'NV_Read'): 1
 SWTPM_IO_Write: length 201
 80 02 00 00 00 C9 00 00 00 00 00 00 00 B6 00 B4 
 43 53 45 52 54 50 4D 31 00 01 01 00 00 00 00 00 
 00 00 00 0C F6 A4 B0 7C 1E 17 36 1A A6 2B BC A2 
 C6 57 9B 38 0F DE 43 BE 44 F3 88 24 A3 DB 42 E8 
 28 55 C1 73 00 00 00 00 00 00 00 01 00 00 00 00 
 00 00 00 01 00 00 00 00 00 00 00 02 00 00 00 00 
 00 00 00 01 00 00 00 00 00 00 00 01 00 00 00 00 
 00 00 00 02 00 00 00 00 00 00 00 02 00 00 00 00 
 00 00 00 0B E4 96 19 C5 EB EA 1A F8 C4 D3 F0 C6 
 8C DF DE 0C E8 72 F2 25 34 DD BC C7 12 F9 7A 9A 
 EA 9C 04 85 E8 BF 37 1C 59 2D F6 B6 78 4C E1 03 
 98 D6 58 E2 BD 8B 60 2E D9 FB 79 3A E4 15 7B F1 
 DF 90 B6 11 00 00 01 00 00 
 SWTPM_IO_Read: length 35
 80 02 00 00 00 23 00 00 01 4E 01 80 01 03 01 80 
 01 03 00 00 00 09 40 00 00 09 00 00 00 00 00 00 
 08 00 00 
    IsEnEnabled(0x14e = 'NV_Read'): 1
 SWTPM_IO_Write: length 29
 80 02 00 00 00 1D 00 00 00 00 00 00 00 0A 00 08 
 00 00 00 00 00 00 00 03 00 00 01 00 00 
 SWTPM_IO_Read: length 35
 80 02 00 00 00 23 00 00 01 4E 01 80 01 05 01 80 
 01 05 00 00 00 09 40 00 00 09 00 00 00 00 00 00 
 8C 00 00 
    IsEnEnabled(0x14e = 'NV_Read'): 1
 SWTPM_IO_Write: length 161
 80 02 00 00 00 A1 00 00 00 00 00 00 00 8E 00 8C 
 43 53 45 52 54 50 4D 31 00 01 02 00 00 00 00 00 
 00 00 00 03 F6 A4 B0 7C 1E 17 36 1A A6 2B BC A2 
 C6 57 9B 38 0F DE 43 BE 44 F3 88 24 A3 DB 42 E8 
 28 55 C1 73 00 00 00 00 00 00 00 01 00 00 00 00 
 00 00 00 01 00 00 00 00 00 00 00 03 00 00 00 00 
 00 00 00 01 00 00 00 00 00 00 00 01 00 00 00 00 
 00 00 00 03 00 00 00 00 00 00 00 03 6D E9 0C 81 
 85 BE D7 2E 53 C3 49 AF 88 41 57 D3 5C D9 B9 3C 
 1A C8 A7 70 40 26 09 32 D2 22 DB C3 00 00 01 00 
 00 
 SWTPM_IO_Read: length 215
 80 02 00 00 00 D7 00 00 01 37 01 80 01 02 01 80 
 01 02 00 00 00 09 40 00 00 09 00 00 00 00 00 00 
 B4 43 53 45 52 54 50 4D 31 00 01 01 00 00 00 00 
 00 00 00 00 0D F6 A4 B0 7C 1E 17 36 1A A6 2B BC 
 A2 C6 57 9B 38 0F DE 43 BE 44 F3 88 24 A3 DB 42 
 E8 28 55 C1 73 00 00 00 00 00 00 00 01 00 00 00 
 00 00 00 00 01 00 00 00 00 00 00 00 03 00 00 00 
 00 00 00 00 01 00 00 00 00 00 00 00 01 00 00 00 
 00 00 00 00 03 00 00 00 00 00 00 00 03 00 00 00 
 00 00 00 00 0C EE 1B 57 03 4E 5B 36 50 DD F7 1D 
 A1 3A D6 05 0A 58 4B E9 5E 42 46 CB 4E E2 B1 5E 
 54 7A FB 30 04 A6 9E 40 E0 EB E9 B7 50 1C 27 10 
 60 2F 9F DF D0 94 E3 BE 41 ED 67 B9 33 AC B6 E3 
 73 B6 C8 A6 7D 00 00 
    IsEnEnabled(0x137 = 'NV_Write'): 1
 SWTPM_IO_Write: length 19
 80 02 00 00 00 13 00 00 00 00 00 00 00 00 00 00 
 01 00 00 
 SWTPM_IO_Read: length 35
 80 02 00 00 00 23 00 00 01 4E 01 80 01 02 01 80 
 01 02 00 00 00 09 40 00 00 09 00 00 00 00 00 00 
 B4 00 00 
    IsEnEnabled(0x14e = 'NV_Read'): 1
 SWTPM_IO_Write: length 201
 80 02 00 00 00 C9 00 00 00 00 00 00 00 B6 00 B4 
 43 53 45 52 54 50 4D 31 00 01 01 00 00 00 00 00 
 00 00 00 0D F6 A4 B0 7C 1E 17 36 1A A6 2B BC A2 
 C6 57 9B 38 0F DE 43 BE 44 F3 88 24 A3 DB 42 E8 
 28 55 C1 73 00 00 00 00 00 00 00 01 00 00 00 00 
 00 00 00 01 00 00 00 00 00 00 00 03 00 00 00 00 
 00 00 00 01 00 00 00 00 00 00 00 01 00 00 00 00 
 00 00 00 03 00 00 00 00 00 00 00 03 00 00 00 00 
 00 00 00 0C EE 1B 57 03 4E 5B 36 50 DD F7 1D A1 
 3A D6 05 0A 58 4B E9 5E 42 46 CB 4E E2 B1 5E 54 
 7A FB 30 04 A6 9E 40 E0 EB E9 B7 50 1C 27 10 60 
 2F 9F DF D0 94 E3 BE 41 ED 67 B9 33 AC B6 E3 73 
 B6 C8 A6 7D 00 00 01 00 00 
 SWTPM_IO_Read: length 31
 80 02 00 00 00 1F 00 00 01 34 01 80 01 00 01 80 
 01 00 00 00 00 09 40 00 00 09 00 00 00 00 00 
    IsEnEnabled(0x134 = 'NV_Increment'): 1
 SWTPM_IO_Write: length 19
 80 02 00 00 00 13 00 00 00 00 00 00 00 00 00 00 
 01 00 00 
 SWTPM_IO_Read: length 35
 80 02 00 00 00 23 00 00 01 4E 01 80 01 00 01 80 
 01 00 00 00 00 09 40 00 00 09 00 00 00 00 00 00 
 08 00 00 
    IsEnEnabled(0x14e = 'NV_Read'): 1
 SWTPM_IO_Write: length 29
 80 02 00 00 00 1D 00 00 00 00 00 00 00 0A 00 08 
 00 00 00 00 00 00 00 0D 00 00 01 00 00 
 SWTPM_IO_Read: length 14
 80 01 00 00 00 0E 00 00 01 69 01 80 01 00 
    IsEnEnabled(0x169 = 'NV_ReadPublic'): 1
 SWTPM_IO_Write: length 94
 80 01 00 00 00 5E 00 00 00 00 00 2E 01 80 01 00 
 00 0B 62 04 04 14 00 20 47 CE 30 32 D8 BA D1 F3 
 08 9C B0 C0 90 88 DE 43 50 14 91 D4 60 40 2B 90 
 CD 1B 7F C0 B6 8C A9 2F 00 08 00 22 00 0B C1 0D 
 A5 71 71 0D C0 EF 34 03 98 76 52 A2 A1 AA E0 1C 
 A0 C7 A6 3A 2D 8E DE F2 34 F2 EC AA D3 3D 
 SWTPM_IO_Read: length 14
 80 01 00 00 00 0E 00 00 01 69 01 80 01 01 
    IsEnEnabled(0x169 = 'NV_ReadPublic'): 1
 SWTPM_IO_Write: length 94
 80 01 00 00 00 5E 00 00 00 00 00 2E 01 80 01 01 
 00 0B 62 04 14 04 00 20 47 CE 30 32 D8 BA D1 F3 
 08 9C B0 C0 90 88 DE 43 50 14 91 D4 60 40 2B 90 
 CD 1B 7F C0 B6 8C A9 2F 00 B4 00 22 00 0B 61 A3 
 FC 9A 66 53 70 0A 3F E3 E3 E1 EA 84 C9 69 FD 04 
 5F 2D D7 7B 23 4C E6 CD 3B B8 BF 1A 39 F7 
 SWTPM_IO_Read: length 14
 80 01 00 00 00 0E 00 00 01 69 01 80 01 02 
    IsEnEnabled(0x169 = 'NV_ReadPublic'): 1
 SWTPM_IO_Write: length 94
 80 01 00 00 00 5E 00 00 00 00 00 2E 01 80 01 02 
 00 0B 62 04 14 04 00 20 47 CE 30 32 D8 BA D1 F3 
 08 9C B0 C0 90 88 DE 43 50 14 91 D4 60 40 2B 90 
 CD 1B 7F C0 B6 8C A9 2F 00 B4 00 22 00 0B 2A 9A 
 FE FE 5E 5D 33 57 E1 50 C8 04 FA E1 C4 93 88 0A 
 4A 05 92 CD E3 AD 8C 2D 84 BB 33 07 27 E8 
 SWTPM_IO_Read: length 14
 80 01 00 00 00 0E 00 00 01 69 01 80 01 03 
    IsEnEnabled(0x169 = 'NV_ReadPublic'): 1
 SWTPM_IO_Write: length 94
 80 01 00 00 00 5E 00 00 00 00 00 2E 01 80 01 03 
 00 0B 62 04 04 14 00 20 47 CE 30 32 D8 BA D1 F3 
 08 9C B0 C0 90 88 DE 43 50 14 91 D4 60 40 2B 90 
 CD 1B 7F C0 B6 8C A9 2F 00 08 00 22 00 0B 7A 79 
 C8 38 E2 C0 97 B8 E8 F3 B1 6C DF 2B 76 FD DF 55 
 BB 33 8E 92 22 2B A8 2B 2D 77 F6 EA 6E B0 
 SWTPM_IO_Read: length 14
 80 01 00 00 00 0E 00 00 01 69 01 80 01 04 
    IsEnEnabled(0x169 = 'NV_ReadPublic'): 1
 SWTPM_IO_Write: length 94
 80 01 00 00 00 5E 00 00 00 00 00 2E 01 80 01 04 
 00 0B 62 04 14 04 00 20 47 CE 30 32 D8 BA D1 F3 
 08 9C B0 C0 90 88 DE 43 50 14 91 D4 60 40 2B 90 
 CD 1B 7F C0 B6 8C A9 2F 00 8C 00 22 00 0B 71 EF 
 44 50 1B 87 8C 5C 3C 0A 28 E2 38 93 CD 2B FA 86 
 21 68 21 E8 7D 6B C8 B5 59 BE 8C 97 DC 5D 
 SWTPM_IO_Read: length 14
 80 01 00 00 00 0E 00 00 01 69 01 80 01 05 
    IsEnEnabled(0x169 = 'NV_ReadPublic'): 1
 SWTPM_IO_Write: length 94
 80 01 00 00 00 5E 00 00 00 00 00 2E 01 80 01 05 
 00 0B 62 04 14 04 00 20 47 CE 30 32 D8 BA D1 F3 
 08 9C B0 C0 90 88 DE 43 50 14 91 D4 60 40 2B 90 
 CD 1B 7F C0 B6 8C A9 2F 00 8C 00 22 00 0B 9F 57 
 47 9A 60 C8 7F EF 0C B5 C9 E6 F9 CE 89 60 6D 20 
 21 70 1C 55 93 90 F1 14 82 75 F0 CC F1 D5 
 SWTPM_IO_Read: length 35
 80 02 00 00 00 23 00 00 01 4E 01 80 01 00 01 80 
 01 00 00 00 00 09 40 00 00 09 00 00 00 00 00 00 
 08 00 00 
    IsEnEnabled(0x14e = 'NV_Read'): 1
 SWTPM_IO_Write: length 29
 80 02 00 00 00 1D 00 00 00 00 00 00 00 0A 00 08 
 00 00 00 00 00 00 00 0D 00 00 01 00 00 
 SWTPM_IO_Read: length 35
 80 02 00 00 00 23 00 00 01 4E 01 80 01 02 01 80 
 01 02 00 00 00 09 40 00 00 09 00 00 00 00 00 00 
 B4 00 00 
    IsEnEnabled(0x14e = 'NV_Read'): 1
 SWTPM_IO_Write: length 201
 80 02 00 00 00 C9 00 00 00 00 00 00 00 B6 00 B4 
 43 53 45 52 54 50 4D 31 00 01 01 00 00 00 00 00 
 00 00 00 0D F6 A4 B0 7C 1E 17 36 1A A6 2B BC A2 
 C6 57 9B 38 0F DE 43 BE 44 F3 88 24 A3 DB 42 E8 
 28 55 C1 73 00 00 00 00 00 00 00 01 00 00 00 00 
 00 00 00 01 00 00 00 00 00 00 00 03 00 00 00 00 
 00 00 00 01 00 00 00 00 00 00 00 01 00 00 00 00 
 00 00 00 03 00 00 00 00 00 00 00 03 00 00 00 00 
 00 00 00 0C EE 1B 57 03 4E 5B 36 50 DD F7 1D A1 
 3A D6 05 0A 58 4B E9 5E 42 46 CB 4E E2 B1 5E 54 
 7A FB 30 04 A6 9E 40 E0 EB E9 B7 50 1C 27 10 60 
 2F 9F DF D0 94 E3 BE 41 ED 67 B9 33 AC B6 E3 73 
 B6 C8 A6 7D 00 00 01 00 00 
 SWTPM_IO_Read: length 35
 80 02 00 00 00 23 00 00 01 4E 01 80 01 03 01 80 
 01 03 00 00 00 09 40 00 00 09 00 00 00 00 00 00 
 08 00 00 
    IsEnEnabled(0x14e = 'NV_Read'): 1
 SWTPM_IO_Write: length 29
 80 02 00 00 00 1D 00 00 00 00 00 00 00 0A 00 08 
 00 00 00 00 00 00 00 03 00 00 01 00 00 
 SWTPM_IO_Read: length 35
 80 02 00 00 00 23 00 00 01 4E 01 80 01 05 01 80 
 01 05 00 00 00 09 40 00 00 09 00 00 00 00 00 00 
 8C 00 00 
    IsEnEnabled(0x14e = 'NV_Read'): 1
 SWTPM_IO_Write: length 161
 80 02 00 00 00 A1 00 00 00 00 00 00 00 8E 00 8C 
 43 53 45 52 54 50 4D 31 00 01 02 00 00 00 00 00 
 00 00 00 03 F6 A4 B0 7C 1E 17 36 1A A6 2B BC A2 
 C6 57 9B 38 0F DE 43 BE 44 F3 88 24 A3 DB 42 E8 
 28 55 C1 73 00 00 00 00 00 00 00 01 00 00 00 00 
 00 00 00 01 00 00 00 00 00 00 00 03 00 00 00 00 
 00 00 00 01 00 00 00 00 00 00 00 01 00 00 00 00 
 00 00 00 03 00 00 00 00 00 00 00 03 6D E9 0C 81 
 85 BE D7 2E 53 C3 49 AF 88 41 57 D3 5C D9 B9 3C 
 1A C8 A7 70 40 26 09 32 D2 22 DB C3 00 00 01 00 
 00 
 SWTPM_IO_Read: length 215
 80 02 00 00 00 D7 00 00 01 37 01 80 01 01 01 80 
 01 01 00 00 00 09 40 00 00 09 00 00 00 00 00 00 
 B4 43 53 45 52 54 50 4D 31 00 01 01 00 00 00 00 
 00 00 00 00 0E F6 A4 B0 7C 1E 17 36 1A A6 2B BC 
 A2 C6 57 9B 38 0F DE 43 BE 44 F3 88 24 A3 DB 42 
 E8 28 55 C1 73 00 00 00 00 00 00 00 01 00 00 00 
 00 00 00 00 01 00 00 00 00 00 00 00 03 00 00 00 
 00 00 00 00 01 00 00 00 00 00 00 00 01 00 00 00 
 00 00 00 00 03 00 00 00 00 00 00 00 03 00 00 00 
 00 00 00 00 0D AC 7B 84 77 2A 1D D6 7B 8D B9 12 
 D5 8F 02 90 A5 14 F0 11 6F 17 E4 F6 06 0A 6B D6 
 BC C2 3F 55 C4 5D 6C 0D FD F1 6D B5 09 58 E6 80 
 61 9F 65 11 9E 3A 9C D3 5C 79 3E 9E 1E BD 9B 9D 
 62 E8 14 52 78 00 00 
    IsEnEnabled(0x137 = 'NV_Write'): 1
 SWTPM_IO_Write: length 19
 80 02 00 00 00 13 00 00 00 00 00 00 00 00 00 00 
 01 00 00 
 SWTPM_IO_Read: length 35
 80 02 00 00 00 23 00 00 01 4E 01 80 01 01 01 80 
 01 01 00 00 00 09 40 00 00 09 00 00 00 00 00 00 
 B4 00 00 
    IsEnEnabled(0x14e = 'NV_Read'): 1
 SWTPM_IO_Write: length 201
 80 02 00 00 00 C9 00 00 00 00 00 00 00 B6 00 B4 
 43 53 45 52 54 50 4D 31 00 01 01 00 00 00 00 00 
 00 00 00 0E F6 A4 B0 7C 1E 17 36 1A A6 2B BC A2 
 C6 57 9B 38 0F DE 43 BE 44 F3 88 24 A3 DB 42 E8 
 28 55 C1 73 00 00 00 00 00 00 00 01 00 00 00 00 
 00 00 00 01 00 00 00 00 00 00 00 03 00 00 00 00 
 00 00 00 01 00 00 00 00 00 00 00 01 00 00 00 00 
 00 00 00 03 00 00 00 00 00 00 00 03 00 00 00 00 
 00 00 00 0D AC 7B 84 77 2A 1D D6 7B 8D B9 12 D5 
 8F 02 90 A5 14 F0 11 6F 17 E4 F6 06 0A 6B D6 BC 
 C2 3F 55 C4 5D 6C 0D FD F1 6D B5 09 58 E6 80 61 
 9F 65 11 9E 3A 9C D3 5C 79 3E 9E 1E BD 9B 9D 62 
 E8 14 52 78 00 00 01 00 00 
 SWTPM_IO_Read: length 31
 80 02 00 00 00 1F 00 00 01 34 01 80 01 00 01 80 
 01 00 00 00 00 09 40 00 00 09 00 00 00 00 00 
    IsEnEnabled(0x134 = 'NV_Increment'): 1
 SWTPM_IO_Write: length 19
 80 02 00 00 00 13 00 00 00 00 00 00 00 00 00 00 
 01 00 00 
 SWTPM_IO_Read: length 35
 80 02 00 00 00 23 00 00 01 4E 01 80 01 00 01 80 
 01 00 00 00 00 09 40 00 00 09 00 00 00 00 00 00 
 08 00 00 
    IsEnEnabled(0x14e = 'NV_Read'): 1
 SWTPM_IO_Write: length 29
 80 02 00 00 00 1D 00 00 00 00 00 00 00 0A 00 08 
 00 00 00 00 00 00 00 0E 00 00 01 00 00 
 SWTPM_IO_Read: length 14
 80 01 00 00 00 0E 00 00 01 69 01 80 01 00 
    IsEnEnabled(0x169 = 'NV_ReadPublic'): 1
 SWTPM_IO_Write: length 94
 80 01 00 00 00 5E 00 00 00 00 00 2E 01 80 01 00 
 00 0B 62 04 04 14 00 20 47 CE 30 32 D8 BA D1 F3 
 08 9C B0 C0 90 88 DE 43 50 14 91 D4 60 40 2B 90 
 CD 1B 7F C0 B6 8C A9 2F 00 08 00 22 00 0B C1 0D 
 A5 71 71 0D C0 EF 34 03 98 76 52 A2 A1 AA E0 1C 
 A0 C7 A6 3A 2D 8E DE F2 34 F2 EC AA D3 3D 
 SWTPM_IO_Read: length 14
 80 01 00 00 00 0E 00 00 01 69 01 80 01 01 
    IsEnEnabled(0x169 = 'NV_ReadPublic'): 1
 SWTPM_IO_Write: length 94
 80 01 00 00 00 5E 00 00 00 00 00 2E 01 80 01 01 
 00 0B 62 04 14 04 00 20 47 CE 30 32 D8 BA D1 F3 
 08 9C B0 C0 90 88 DE 43 50 14 91 D4 60 40 2B 90 
 CD 1B 7F C0 B6 8C A9 2F 00 B4 00 22 00 0B 61 A3 
 FC 9A 66 53 70 0A 3F E3 E3 E1 EA 84 C9 69 FD 04 
 5F 2D D7 7B 23 4C E6 CD 3B B8 BF 1A 39 F7 
 SWTPM_IO_Read: length 14
 80 01 00 00 00 0E 00 00 01 69 01 80 01 02 
    IsEnEnabled(0x169 = 'NV_ReadPublic'): 1
 SWTPM_IO_Write: length 94
 80 01 00 00 00 5E 00 00 00 00 00 2E 01 80 01 02 
 00 0B 62 04 14 04 00 20 47 CE 30 32 D8 BA D1 F3 
 08 9C B0 C0 90 88 DE 43 50 14 91 D4 60 40 2B 90 
 CD 1B 7F C0 B6 8C A9 2F 00 B4 00 22 00 0B 2A 9A 
 FE FE 5E 5D 33 57 E1 50 C8 04 FA E1 C4 93 88 0A 
 4A 05 92 CD E3 AD 8C 2D 84 BB 33 07 27 E8 
 SWTPM_IO_Read: length 14
 80 01 00 00 00 0E 00 00 01 69 01 80 01 03 
    IsEnEnabled(0x169 = 'NV_ReadPublic'): 1
 SWTPM_IO_Write: length 94
 80 01 00 00 00 5E 00 00 00 00 00 2E 01 80 01 03 
 00 0B 62 04 04 14 00 20 47 CE 30 32 D8 BA D1 F3 
 08 9C B0 C0 90 88 DE 43 50 14 91 D4 60 40 2B 90 
 CD 1B 7F C0 B6 8C A9 2F 00 08 00 22 00 0B 7A 79 
 C8 38 E2 C0 97 B8 E8 F3 B1 6C DF 2B 76 FD DF 55 
 BB 33 8E 92 22 2B A8 2B 2D 77 F6 EA 6E B0 
 SWTPM_IO_Read: length 14
 80 01 00 00 00 0E 00 00 01 69 01 80 01 04 
    IsEnEnabled(0x169 = 'NV_ReadPublic'): 1
 SWTPM_IO_Write: length 94
 80 01 00 00 00 5E 00 00 00 00 00 2E 01 80 01 04 
 00 0B 62 04 14 04 00 20 47 CE 30 32 D8 BA D1 F3 
 08 9C B0 C0 90 88 DE 43 50 14 91 D4 60 40 2B 90 
 CD 1B 7F C0 B6 8C A9 2F 00 8C 00 22 00 0B 71 EF 
 44 50 1B 87 8C 5C 3C 0A 28 E2 38 93 CD 2B FA 86 
 21 68 21 E8 7D 6B C8 B5 59 BE 8C 97 DC 5D 
 SWTPM_IO_Read: length 14
 80 01 00 00 00 0E 00 00 01 69 01 80 01 05 
    IsEnEnabled(0x169 = 'NV_ReadPublic'): 1
 SWTPM_IO_Write: length 94
 80 01 00 00 00 5E 00 00 00 00 00 2E 01 80 01 05 
 00 0B 62 04 14 04 00 20 47 CE 30 32 D8 BA D1 F3 
 08 9C B0 C0 90 88 DE 43 50 14 91 D4 60 40 2B 90 
 CD 1B 7F C0 B6 8C A9 2F 00 8C 00 22 00 0B 9F 57 
 47 9A 60 C8 7F EF 0C B5 C9 E6 F9 CE 89 60 6D 20 
 21 70 1C 55 93 90 F1 14 82 75 F0 CC F1 D5 
 SWTPM_IO_Read: length 35
 80 02 00 00 00 23 00 00 01 4E 01 80 01 00 01 80 
 01 00 00 00 00 09 40 00 00 09 00 00 00 00 00 00 
 08 00 00 
    IsEnEnabled(0x14e = 'NV_Read'): 1
 SWTPM_IO_Write: length 29
 80 02 00 00 00 1D 00 00 00 00 00 00 00 0A 00 08 
 00 00 00 00 00 00 00 0E 00 00 01 00 00 
 SWTPM_IO_Read: length 35
 80 02 00 00 00 23 00 00 01 4E 01 80 01 01 01 80 
 01 01 00 00 00 09 40 00 00 09 00 00 00 00 00 00 
 B4 00 00 
    IsEnEnabled(0x14e = 'NV_Read'): 1
 SWTPM_IO_Write: length 201
 80 02 00 00 00 C9 00 00 00 00 00 00 00 B6 00 B4 
 43 53 45 52 54 50 4D 31 00 01 01 00 00 00 00 00 
 00 00 00 0E F6 A4 B0 7C 1E 17 36 1A A6 2B BC A2 
 C6 57 9B 38 0F DE 43 BE 44 F3 88 24 A3 DB 42 E8 
 28 55 C1 73 00 00 00 00 00 00 00 01 00 00 00 00 
 00 00 00 01 00 00 00 00 00 00 00 03 00 00 00 00 
 00 00 00 01 00 00 00 00 00 00 00 01 00 00 00 00 
 00 00 00 03 00 00 00 00 00 00 00 03 00 00 00 00 
 00 00 00 0D AC 7B 84 77 2A 1D D6 7B 8D B9 12 D5 
 8F 02 90 A5 14 F0 11 6F 17 E4 F6 06 0A 6B D6 BC 
 C2 3F 55 C4 5D 6C 0D FD F1 6D B5 09 58 E6 80 61 
 9F 65 11 9E 3A 9C D3 5C 79 3E 9E 1E BD 9B 9D 62 
 E8 14 52 78 00 00 01 00 00 
 SWTPM_IO_Read: length 35
 80 02 00 00 00 23 00 00 01 4E 01 80 01 03 01 80 
 01 03 00 00 00 09 40 00 00 09 00 00 00 00 00 00 
 08 00 00 
    IsEnEnabled(0x14e = 'NV_Read'): 1
 SWTPM_IO_Write: length 29
 80 02 00 00 00 1D 00 00 00 00 00 00 00 0A 00 08 
 00 00 00 00 00 00 00 03 00 00 01 00 00 
 SWTPM_IO_Read: length 35
 80 02 00 00 00 23 00 00 01 4E 01 80 01 05 01 80 
 01 05 00 00 00 09 40 00 00 09 00 00 00 00 00 00 
 8C 00 00 
    IsEnEnabled(0x14e = 'NV_Read'): 1
 SWTPM_IO_Write: length 161
 80 02 00 00 00 A1 00 00 00 00 00 00 00 8E 00 8C 
 43 53 45 52 54 50 4D 31 00 01 02 00 00 00 00 00 
 00 00 00 03 F6 A4 B0 7C 1E 17 36 1A A6 2B BC A2 
 C6 57 9B 38 0F DE 43 BE 44 F3 88 24 A3 DB 42 E8 
 28 55 C1 73 00 00 00 00 00 00 00 01 00 00 00 00 
 00 00 00 01 00 00 00 00 00 00 00 03 00 00 00 00 
 00 00 00 01 00 00 00 00 00 00 00 01 00 00 00 00 
 00 00 00 03 00 00 00 00 00 00 00 03 6D E9 0C 81 
 85 BE D7 2E 53 C3 49 AF 88 41 57 D3 5C D9 B9 3C 
 1A C8 A7 70 40 26 09 32 D2 22 DB C3 00 00 01 00 
 00 
 SWTPM_IO_Read: length 215
 80 02 00 00 00 D7 00 00 01 37 01 80 01 02 01 80 
 01 02 00 00 00 09 40 00 00 09 00 00 00 00 00 00 
 B4 43 53 45 52 54 50 4D 31 00 01 01 00 00 00 00 
 00 00 00 00 0F F6 A4 B0 7C 1E 17 36 1A A6 2B BC 
 A2 C6 57 9B 38 0F DE 43 BE 44 F3 88 24 A3 DB 42 
 E8 28 55 C1 73 00 00 00 00 00 00 00 01 00 00 00 
 00 00 00 00 01 00 00 00 00 00 00 00 03 00 00 00 
 00 00 00 00 01 00 00 00 00 00 00 00 01 00 00 00 
 00 00 00 00 03 00 00 00 00 00 00 00 03 00 00 00 
 00 00 00 00 0E 9E 9C E5 8A 13 8F 3E FD B1 64 BA 
 93 C7 C3 6D 86 5E B4 39 3D 47 C0 F0 D9 1A 05 00 
 20 E8 7B 97 EA 99 89 63 FA 8A 5F B0 C5 92 47 A4 
 27 58 8C 47 68 13 D9 D7 C8 8B F7 65 F3 AF A8 8F 
 E6 81 E3 92 23 00 00 
    IsEnEnabled(0x137 = 'NV_Write'): 1
 SWTPM_IO_Write: length 19
 80 02 00 00 00 13 00 00 00 00 00 00 00 00 00 00 
 01 00 00 
 SWTPM_IO_Read: length 35
 80 02 00 00 00 23 00 00 01 4E 01 80 01 02 01 80 
 01 02 00 00 00 09 40 00 00 09 00 00 00 00 00 00 
 B4 00 00 
    IsEnEnabled(0x14e = 'NV_Read'): 1
 SWTPM_IO_Write: length 201
 80 02 00 00 00 C9 00 00 00 00 00 00 00 B6 00 B4 
 43 53 45 52 54 50 4D 31 00 01 01 00 00 00 00 00 
 00 00 00 0F F6 A4 B0 7C 1E 17 36 1A A6 2B BC A2 
 C6 57 9B 38 0F DE 43 BE 44 F3 88 24 A3 DB 42 E8 
 28 55 C1 73 00 00 00 00 00 00 00 01 00 00 00 00 
 00 00 00 01 00 00 00 00 00 00 00 03 00 00 00 00 
 00 00 00 01 00 00 00 00 00 00 00 01 00 00 00 00 
 00 00 00 03 00 00 00 00 00 00 00 03 00 00 00 00 
 00 00 00 0E 9E 9C E5 8A 13 8F 3E FD B1 64 BA 93 
 C7 C3 6D 86 5E B4 39 3D 47 C0 F0 D9 1A 05 00 20 
 E8 7B 97 EA 99 89 63 FA 8A 5F B0 C5 92 47 A4 27 
 58 8C 47 68 13 D9 D7 C8 8B F7 65 F3 AF A8 8F E6 
 81 E3 92 23 00 00 01 00 00 
 SWTPM_IO_Read: length 31
 80 02 00 00 00 1F 00 00 01 34 01 80 01 00 01 80 
 01 00 00 00 00 09 40 00 00 09 00 00 00 00 00 
    IsEnEnabled(0x134 = 'NV_Increment'): 1
 SWTPM_IO_Write: length 19
 80 02 00 00 00 13 00 00 00 00 00 00 00 00 00 00 
 01 00 00 
 SWTPM_IO_Read: length 35
 80 02 00 00 00 23 00 00 01 4E 01 80 01 00 01 80 
 01 00 00 00 00 09 40 00 00 09 00 00 00 00 00 00 
 08 00 00 
    IsEnEnabled(0x14e = 'NV_Read'): 1
 SWTPM_IO_Write: length 29
 80 02 00 00 00 1D 00 00 00 00 00 00 00 0A 00 08 
 00 00 00 00 00 00 00 0F 00 00 01 00 00 
 SWTPM_IO_Read: length 14
 80 01 00 00 00 0E 00 00 01 69 01 80 01 00 
    IsEnEnabled(0x169 = 'NV_ReadPublic'): 1
 SWTPM_IO_Write: length 94
 80 01 00 00 00 5E 00 00 00 00 00 2E 01 80 01 00 
 00 0B 62 04 04 14 00 20 47 CE 30 32 D8 BA D1 F3 
 08 9C B0 C0 90 88 DE 43 50 14 91 D4 60 40 2B 90 
 CD 1B 7F C0 B6 8C A9 2F 00 08 00 22 00 0B C1 0D 
 A5 71 71 0D C0 EF 34 03 98 76 52 A2 A1 AA E0 1C 
 A0 C7 A6 3A 2D 8E DE F2 34 F2 EC AA D3 3D 
 SWTPM_IO_Read: length 14
 80 01 00 00 00 0E 00 00 01 69 01 80 01 01 
    IsEnEnabled(0x169 = 'NV_ReadPublic'): 1
 SWTPM_IO_Write: length 94
 80 01 00 00 00 5E 00 00 00 00 00 2E 01 80 01 01 
 00 0B 62 04 14 04 00 20 47 CE 30 32 D8 BA D1 F3 
 08 9C B0 C0 90 88 DE 43 50 14 91 D4 60 40 2B 90 
 CD 1B 7F C0 B6 8C A9 2F 00 B4 00 22 00 0B 61 A3 
 FC 9A 66 53 70 0A 3F E3 E3 E1 EA 84 C9 69 FD 04 
 5F 2D D7 7B 23 4C E6 CD 3B B8 BF 1A 39 F7 
 SWTPM_IO_Read: length 14
 80 01 00 00 00 0E 00 00 01 69 01 80 01 02 
    IsEnEnabled(0x169 = 'NV_ReadPublic'): 1
 SWTPM_IO_Write: length 94
 80 01 00 00 00 5E 00 00 00 00 00 2E 01 80 01 02 
 00 0B 62 04 14 04 00 20 47 CE 30 32 D8 BA D1 F3 
 08 9C B0 C0 90 88 DE 43 50 14 91 D4 60 40 2B 90 
 CD 1B 7F C0 B6 8C A9 2F 00 B4 00 22 00 0B 2A 9A 
 FE FE 5E 5D 33 57 E1 50 C8 04 FA E1 C4 93 88 0A 
 4A 05 92 CD E3 AD 8C 2D 84 BB 33 07 27 E8 
 SWTPM_IO_Read: length 14
 80 01 00 00 00 0E 00 00 01 69 01 80 01 03 
    IsEnEnabled(0x169 = 'NV_ReadPublic'): 1
 SWTPM_IO_Write: length 94
 80 01 00 00 00 5E 00 00 00 00 00 2E 01 80 01 03 
 00 0B 62 04 04 14 00 20 47 CE 30 32 D8 BA D1 F3 
 08 9C B0 C0 90 88 DE 43 50 14 91 D4 60 40 2B 90 
 CD 1B 7F C0 B6 8C A9 2F 00 08 00 22 00 0B 7A 79 
 C8 38 E2 C0 97 B8 E8 F3 B1 6C DF 2B 76 FD DF 55 
 BB 33 8E 92 22 2B A8 2B 2D 77 F6 EA 6E B0 
 SWTPM_IO_Read: length 14
 80 01 00 00 00 0E 00 00 01 69 01 80 01 04 
    IsEnEnabled(0x169 = 'NV_ReadPublic'): 1
 SWTPM_IO_Write: length 94
 80 01 00 00 00 5E 00 00 00 00 00 2E 01 80 01 04 
 00 0B 62 04 14 04 00 20 47 CE 30 32 D8 BA D1 F3 
 08 9C B0 C0 90 88 DE 43 50 14 91 D4 60 40 2B 90 
 CD 1B 7F C0 B6 8C A9 2F 00 8C 00 22 00 0B 71 EF 
 44 50 1B 87 8C 5C 3C 0A 28 E2 38 93 CD 2B FA 86 
 21 68 21 E8 7D 6B C8 B5 59 BE 8C 97 DC 5D 
 SWTPM_IO_Read: length 14
 80 01 00 00 00 0E 00 00 01 69 01 80 01 05 
    IsEnEnabled(0x169 = 'NV_ReadPublic'): 1
 SWTPM_IO_Write: length 94
 80 01 00 00 00 5E 00 00 00 00 00 2E 01 80 01 05 
 00 0B 62 04 14 04 00 20 47 CE 30 32 D8 BA D1 F3 
 08 9C B0 C0 90 88 DE 43 50 14 91 D4 60 40 2B 90 
 CD 1B 7F C0 B6 8C A9 2F 00 8C 00 22 00 0B 9F 57 
 47 9A 60 C8 7F EF 0C B5 C9 E6 F9 CE 89 60 6D 20 
 21 70 1C 55 93 90 F1 14 82 75 F0 CC F1 D5 
 SWTPM_IO_Read: length 35
 80 02 00 00 00 23 00 00 01 4E 01 80 01 00 01 80 
 01 00 00 00 00 09 40 00 00 09 00 00 00 00 00 00 
 08 00 00 
    IsEnEnabled(0x14e = 'NV_Read'): 1
 SWTPM_IO_Write: length 29
 80 02 00 00 00 1D 00 00 00 00 00 00 00 0A 00 08 
 00 00 00 00 00 00 00 0F 00 00 01 00 00 
 SWTPM_IO_Read: length 35
 80 02 00 00 00 23 00 00 01 4E 01 80 01 02 01 80 
 01 02 00 00 00 09 40 00 00 09 00 00 00 00 00 00 
 B4 00 00 
    IsEnEnabled(0x14e = 'NV_Read'): 1
 SWTPM_IO_Write: length 201
 80 02 00 00 00 C9 00 00 00 00 00 00 00 B6 00 B4 
 43 53 45 52 54 50 4D 31 00 01 01 00 00 00 00 00 
 00 00 00 0F F6 A4 B0 7C 1E 17 36 1A A6 2B BC A2 
 C6 57 9B 38 0F DE 43 BE 44 F3 88 24 A3 DB 42 E8 
 28 55 C1 73 00 00 00 00 00 00 00 01 00 00 00 00 
 00 00 00 01 00 00 00 00 00 00 00 03 00 00 00 00 
 00 00 00 01 00 00 00 00 00 00 00 01 00 00 00 00 
 00 00 00 03 00 00 00 00 00 00 00 03 00 00 00 00 
 00 00 00 0E 9E 9C E5 8A 13 8F 3E FD B1 64 BA 93 
 C7 C3 6D 86 5E B4 39 3D 47 C0 F0 D9 1A 05 00 20 
 E8 7B 97 EA 99 89 63 FA 8A 5F B0 C5 92 47 A4 27 
 58 8C 47 68 13 D9 D7 C8 8B F7 65 F3 AF A8 8F E6 
 81 E3 92 23 00 00 01 00 00 
 SWTPM_IO_Read: length 35
 80 02 00 00 00 23 00 00 01 4E 01 80 01 03 01 80 
 01 03 00 00 00 09 40 00 00 09 00 00 00 00 00 00 
 08 00 00 
    IsEnEnabled(0x14e = 'NV_Read'): 1
 SWTPM_IO_Write: length 29
 80 02 00 00 00 1D 00 00 00 00 00 00 00 0A 00 08 
 00 00 00 00 00 00 00 03 00 00 01 00 00 
 SWTPM_IO_Read: length 35
 80 02 00 00 00 23 00 00 01 4E 01 80 01 05 01 80 
 01 05 00 00 00 09 40 00 00 09 00 00 00 00 00 00 
 8C 00 00 
    IsEnEnabled(0x14e = 'NV_Read'): 1
 SWTPM_IO_Write: length 161
 80 02 00 00 00 A1 00 00 00 00 00 00 00 8E 00 8C 
 43 53 45 52 54 50 4D 31 00 01 02 00 00 00 00 00 
 00 00 00 03 F6 A4 B0 7C 1E 17 36 1A A6 2B BC A2 
 C6 57 9B 38 0F DE 43 BE 44 F3 88 24 A3 DB 42 E8 
 28 55 C1 73 00 00 00 00 00 00 00 01 00 00 00 00 
 00 00 00 01 00 00 00 00 00 00 00 03 00 00 00 00 
 00 00 00 01 00 00 00 00 00 00 00 01 00 00 00 00 
 00 00 00 03 00 00 00 00 00 00 00 03 6D E9 0C 81 
 85 BE D7 2E 53 C3 49 AF 88 41 57 D3 5C D9 B9 3C 
 1A C8 A7 70 40 26 09 32 D2 22 DB C3 00 00 01 00 
 00 
 SWTPM_IO_Read: length 215
 80 02 00 00 00 D7 00 00 01 37 01 80 01 01 01 80 
 01 01 00 00 00 09 40 00 00 09 00 00 00 00 00 00 
 B4 43 53 45 52 54 50 4D 31 00 01 01 00 00 00 00 
 00 00 00 00 10 F6 A4 B0 7C 1E 17 36 1A A6 2B BC 
 A2 C6 57 9B 38 0F DE 43 BE 44 F3 88 24 A3 DB 42 
 E8 28 55 C1 73 00 00 00 00 00 00 00 01 00 00 00 
 00 00 00 00 01 00 00 00 00 00 00 00 03 00 00 00 
 00 00 00 00 01 00 00 00 00 00 00 00 01 00 00 00 
 00 00 00 00 03 00 00 00 00 00 00 00 03 00 00 00 
 00 00 00 00 0F A3 BE 41 67 E4 87 AD FC 5C E2 A0 
 27 95 0E 00 90 5B B6 41 C0 7F 47 CF BF C9 60 6A 
 FD AB 6B 65 28 9A 0D 00 8B 98 6C 00 78 DF 35 24 
 4E 0B C1 11 C1 9D EA C0 8E 2A F3 6C A7 55 21 FE 
 CB 39 77 2B 95 00 00 
    IsEnEnabled(0x137 = 'NV_Write'): 1
 SWTPM_IO_Write: length 19
 80 02 00 00 00 13 00 00 00 00 00 00 00 00 00 00 
 01 00 00 
 SWTPM_IO_Read: length 35
 80 02 00 00 00 23 00 00 01 4E 01 80 01 01 01 80 
 01 01 00 00 00 09 40 00 00 09 00 00 00 00 00 00 
 B4 00 00 
    IsEnEnabled(0x14e = 'NV_Read'): 1
 SWTPM_IO_Write: length 201
 80 02 00 00 00 C9 00 00 00 00 00 00 00 B6 00 B4 
 43 53 45 52 54 50 4D 31 00 01 01 00 00 00 00 00 
 00 00 00 10 F6 A4 B0 7C 1E 17 36 1A A6 2B BC A2 
 C6 57 9B 38 0F DE 43 BE 44 F3 88 24 A3 DB 42 E8 
 28 55 C1 73 00 00 00 00 00 00 00 01 00 00 00 00 
 00 00 00 01 00 00 00 00 00 00 00 03 00 00 00 00 
 00 00 00 01 00 00 00 00 00 00 00 01 00 00 00 00 
 00 00 00 03 00 00 00 00 00 00 00 03 00 00 00 00 
 00 00 00 0F A3 BE 41 67 E4 87 AD FC 5C E2 A0 27 
 95 0E 00 90 5B B6 41 C0 7F 47 CF BF C9 60 6A FD 
 AB 6B 65 28 9A 0D 00 8B 98 6C 00 78 DF 35 24 4E 
 0B C1 11 C1 9D EA C0 8E 2A F3 6C A7 55 21 FE CB 
 39 77 2B 95 00 00 01 00 00 
 SWTPM_IO_Read: length 31
 80 02 00 00 00 1F 00 00 01 34 01 80 01 00 01 80 
 01 00 00 00 00 09 40 00 00 09 00 00 00 00 00 
    IsEnEnabled(0x134 = 'NV_Increment'): 1
 SWTPM_IO_Write: length 19
 80 02 00 00 00 13 00 00 00 00 00 00 00 00 00 00 
 01 00 00 
 SWTPM_IO_Read: length 35
 80 02 00 00 00 23 00 00 01 4E 01 80 01 00 01 80 
 01 00 00 00 00 09 40 00 00 09 00 00 00 00 00 00 
 08 00 00 
    IsEnEnabled(0x14e = 'NV_Read'): 1
 SWTPM_IO_Write: length 29
 80 02 00 00 00 1D 00 00 00 00 00 00 00 0A 00 08 
 00 00 00 00 00 00 00 10 00 00 01 00 00 
 SWTPM_IO_Read: length 14
 80 01 00 00 00 0E 00 00 01 69 01 80 01 00 
    IsEnEnabled(0x169 = 'NV_ReadPublic'): 1
 SWTPM_IO_Write: length 94
 80 01 00 00 00 5E 00 00 00 00 00 2E 01 80 01 00 
 00 0B 62 04 04 14 00 20 47 CE 30 32 D8 BA D1 F3 
 08 9C B0 C0 90 88 DE 43 50 14 91 D4 60 40 2B 90 
 CD 1B 7F C0 B6 8C A9 2F 00 08 00 22 00 0B C1 0D 
 A5 71 71 0D C0 EF 34 03 98 76 52 A2 A1 AA E0 1C 
 A0 C7 A6 3A 2D 8E DE F2 34 F2 EC AA D3 3D 
 SWTPM_IO_Read: length 14
 80 01 00 00 00 0E 00 00 01 69 01 80 01 01 
    IsEnEnabled(0x169 = 'NV_ReadPublic'): 1
 SWTPM_IO_Write: length 94
 80 01 00 00 00 5E 00 00 00 00 00 2E 01 80 01 01 
 00 0B 62 04 14 04 00 20 47 CE 30 32 D8 BA D1 F3 
 08 9C B0 C0 90 88 DE 43 50 14 91 D4 60 40 2B 90 
 CD 1B 7F C0 B6 8C A9 2F 00 B4 00 22 00 0B 61 A3 
 FC 9A 66 53 70 0A 3F E3 E3 E1 EA 84 C9 69 FD 04 
 5F 2D D7 7B 23 4C E6 CD 3B B8 BF 1A 39 F7 
 SWTPM_IO_Read: length 14
 80 01 00 00 00 0E 00 00 01 69 01 80 01 02 
    IsEnEnabled(0x169 = 'NV_ReadPublic'): 1
 SWTPM_IO_Write: length 94
 80 01 00 00 00 5E 00 00 00 00 00 2E 01 80 01 02 
 00 0B 62 04 14 04 00 20 47 CE 30 32 D8 BA D1 F3 
 08 9C B0 C0 90 88 DE 43 50 14 91 D4 60 40 2B 90 
 CD 1B 7F C0 B6 8C A9 2F 00 B4 00 22 00 0B 2A 9A 
 FE FE 5E 5D 33 57 E1 50 C8 04 FA E1 C4 93 88 0A 
 4A 05 92 CD E3 AD 8C 2D 84 BB 33 07 27 E8 
 SWTPM_IO_Read: length 14
 80 01 00 00 00 0E 00 00 01 69 01 80 01 03 
    IsEnEnabled(0x169 = 'NV_ReadPublic'): 1
 SWTPM_IO_Write: length 94
 80 01 00 00 00 5E 00 00 00 00 00 2E 01 80 01 03 
 00 0B 62 04 04 14 00 20 47 CE 30 32 D8 BA D1 F3 
 08 9C B0 C0 90 88 DE 43 50 14 91 D4 60 40 2B 90 
 CD 1B 7F C0 B6 8C A9 2F 00 08 00 22 00 0B 7A 79 
 C8 38 E2 C0 97 B8 E8 F3 B1 6C DF 2B 76 FD DF 55 
 BB 33 8E 92 22 2B A8 2B 2D 77 F6 EA 6E B0 
 SWTPM_IO_Read: length 14
 80 01 00 00 00 0E 00 00 01 69 01 80 01 04 
    IsEnEnabled(0x169 = 'NV_ReadPublic'): 1
 SWTPM_IO_Write: length 94
 80 01 00 00 00 5E 00 00 00 00 00 2E 01 80 01 04 
 00 0B 62 04 14 04 00 20 47 CE 30 32 D8 BA D1 F3 
 08 9C B0 C0 90 88 DE 43 50 14 91 D4 60 40 2B 90 
 CD 1B 7F C0 B6 8C A9 2F 00 8C 00 22 00 0B 71 EF 
 44 50 1B 87 8C 5C 3C 0A 28 E2 38 93 CD 2B FA 86 
 21 68 21 E8 7D 6B C8 B5 59 BE 8C 97 DC 5D 
 SWTPM_IO_Read: length 14
 80 01 00 00 00 0E 00 00 01 69 01 80 01 05 
    IsEnEnabled(0x169 = 'NV_ReadPublic'): 1
 SWTPM_IO_Write: length 94
 80 01 00 00 00 5E 00 00 00 00 00 2E 01 80 01 05 
 00 0B 62 04 14 04 00 20 47 CE 30 32 D8 BA D1 F3 
 08 9C B0 C0 90 88 DE 43 50 14 91 D4 60 40 2B 90 
 CD 1B 7F C0 B6 8C A9 2F 00 8C 00 22 00 0B 9F 57 
 47 9A 60 C8 7F EF 0C B5 C9 E6 F9 CE 89 60 6D 20 
 21 70 1C 55 93 90 F1 14 82 75 F0 CC F1 D5 
 SWTPM_IO_Read: length 35
 80 02 00 00 00 23 00 00 01 4E 01 80 01 00 01 80 
 01 00 00 00 00 09 40 00 00 09 00 00 00 00 00 00 
 08 00 00 
    IsEnEnabled(0x14e = 'NV_Read'): 1
 SWTPM_IO_Write: length 29
 80 02 00 00 00 1D 00 00 00 00 00 00 00 0A 00 08 
 00 00 00 00 00 00 00 10 00 00 01 00 00 
 SWTPM_IO_Read: length 35
 80 02 00 00 00 23 00 00 01 4E 01 80 01 01 01 80 
 01 01 00 00 00 09 40 00 00 09 00 00 00 00 00 00 
 B4 00 00 
    IsEnEnabled(0x14e = 'NV_Read'): 1
 SWTPM_IO_Write: length 201
 80 02 00 00 00 C9 00 00 00 00 00 00 00 B6 00 B4 
 43 53 45 52 54 50 4D 31 00 01 01 00 00 00 00 00 
 00 00 00 10 F6 A4 B0 7C 1E 17 36 1A A6 2B BC A2 
 C6 57 9B 38 0F DE 43 BE 44 F3 88 24 A3 DB 42 E8 
 28 55 C1 73 00 00 00 00 00 00 00 01 00 00 00 00 
 00 00 00 01 00 00 00 00 00 00 00 03 00 00 00 00 
 00 00 00 01 00 00 00 00 00 00 00 01 00 00 00 00 
 00 00 00 03 00 00 00 00 00 00 00 03 00 00 00 00 
 00 00 00 0F A3 BE 41 67 E4 87 AD FC 5C E2 A0 27 
 95 0E 00 90 5B B6 41 C0 7F 47 CF BF C9 60 6A FD 
 AB 6B 65 28 9A 0D 00 8B 98 6C 00 78 DF 35 24 4E 
 0B C1 11 C1 9D EA C0 8E 2A F3 6C A7 55 21 FE CB 
 39 77 2B 95 00 00 01 00 00 
 SWTPM_IO_Read: length 35
 80 02 00 00 00 23 00 00 01 4E 01 80 01 03 01 80 
 01 03 00 00 00 09 40 00 00 09 00 00 00 00 00 00 
 08 00 00 
    IsEnEnabled(0x14e = 'NV_Read'): 1
 SWTPM_IO_Write: length 29
 80 02 00 00 00 1D 00 00 00 00 00 00 00 0A 00 08 
 00 00 00 00 00 00 00 03 00 00 01 00 00 
 SWTPM_IO_Read: length 35
 80 02 00 00 00 23 00 00 01 4E 01 80 01 05 01 80 
 01 05 00 00 00 09 40 00 00 09 00 00 00 00 00 00 
 8C 00 00 
    IsEnEnabled(0x14e = 'NV_Read'): 1
 SWTPM_IO_Write: length 161
 80 02 00 00 00 A1 00 00 00 00 00 00 00 8E 00 8C 
 43 53 45 52 54 50 4D 31 00 01 02 00 00 00 00 00 
 00 00 00 03 F6 A4 B0 7C 1E 17 36 1A A6 2B BC A2 
 C6 57 9B 38 0F DE 43 BE 44 F3 88 24 A3 DB 42 E8 
 28 55 C1 73 00 00 00 00 00 00 00 01 00 00 00 00 
 00 00 00 01 00 00 00 00 00 00 00 03 00 00 00 00 
 00 00 00 01 00 00 00 00 00 00 00 01 00 00 00 00 
 00 00 00 03 00 00 00 00 00 00 00 03 6D E9 0C 81 
 85 BE D7 2E 53 C3 49 AF 88 41 57 D3 5C D9 B9 3C 
 1A C8 A7 70 40 26 09 32 D2 22 DB C3 00 00 01 00 
 00 
 SWTPM_IO_Read: length 215
 80 02 00 00 00 D7 00 00 01 37 01 80 01 02 01 80 
 01 02 00 00 00 09 40 00 00 09 00 00 00 00 00 00 
 B4 43 53 45 52 54 50 4D 31 00 01 01 00 00 00 00 
 00 00 00 00 11 F6 A4 B0 7C 1E 17 36 1A A6 2B BC 
 A2 C6 57 9B 38 0F DE 43 BE 44 F3 88 24 A3 DB 42 
 E8 28 55 C1 73 00 00 00 00 00 00 00 01 00 00 00 
 00 00 00 00 01 00 00 00 00 00 00 00 03 00 00 00 
 00 00 00 00 01 00 00 00 00 00 00 00 01 00 00 00 
 00 00 00 00 03 00 00 00 00 00 00 00 03 00 00 00 
 00 00 00 00 10 31 00 94 32 70 BD 02 03 22 05 21 
 CD B4 7E 8C D8 E7 35 AB 6F B1 8D C5 81 0E 8C 05 
 C8 6C 57 03 52 79 D5 29 AE FF FB ED BD 96 31 8C 
 B3 21 C2 E0 8D 91 4D 86 0E B6 73 19 5C 9F CE C7 
 6E 38 5E 7A 7D 00 00 
    IsEnEnabled(0x137 = 'NV_Write'): 1
 SWTPM_IO_Write: length 19
 80 02 00 00 00 13 00 00 00 00 00 00 00 00 00 00 
 01 00 00 
 SWTPM_IO_Read: length 35
 80 02 00 00 00 23 00 00 01 4E 01 80 01 02 01 80 
 01 02 00 00 00 09 40 00 00 09 00 00 00 00 00 00 
 B4 00 00 
    IsEnEnabled(0x14e = 'NV_Read'): 1
 SWTPM_IO_Write: length 201
 80 02 00 00 00 C9 00 00 00 00 00 00 00 B6 00 B4 
 43 53 45 52 54 50 4D 31 00 01 01 00 00 00 00 00 
 00 00 00 11 F6 A4 B0 7C 1E 17 36 1A A6 2B BC A2 
 C6 57 9B 38 0F DE 43 BE 44 F3 88 24 A3 DB 42 E8 
 28 55 C1 73 00 00 00 00 00 00 00 01 00 00 00 00 
 00 00 00 01 00 00 00 00 00 00 00 03 00 00 00 00 
 00 00 00 01 00 00 00 00 00 00 00 01 00 00 00 00 
 00 00 00 03 00 00 00 00 00 00 00 03 00 00 00 00 
 00 00 00 10 31 00 94 32 70 BD 02 03 22 05 21 CD 
 B4 7E 8C D8 E7 35 AB 6F B1 8D C5 81 0E 8C 05 C8 
 6C 57 03 52 79 D5 29 AE FF FB ED BD 96 31 8C B3 
 21 C2 E0 8D 91 4D 86 0E B6 73 19 5C 9F CE C7 6E 
 38 5E 7A 7D 00 00 01 00 00 
 SWTPM_IO_Read: length 31
 80 02 00 00 00 1F 00 00 01 34 01 80 01 00 01 80 
 01 00 00 00 00 09 40 00 00 09 00 00 00 00 00 
    IsEnEnabled(0x134 = 'NV_Increment'): 1
 SWTPM_IO_Write: length 19
 80 02 00 00 00 13 00 00 00 00 00 00 00 00 00 00 
 01 00 00 
 SWTPM_IO_Read: length 35
 80 02 00 00 00 23 00 00 01 4E 01 80 01 00 01 80 
 01 00 00 00 00 09 40 00 00 09 00 00 00 00 00 00 
 08 00 00 
    IsEnEnabled(0x14e = 'NV_Read'): 1
 SWTPM_IO_Write: length 29
 80 02 00 00 00 1D 00 00 00 00 00 00 00 0A 00 08 
 00 00 00 00 00 00 00 11 00 00 01 00 00 
 SWTPM_IO_Read: length 14
 80 01 00 00 00 0E 00 00 01 69 01 80 01 00 
    IsEnEnabled(0x169 = 'NV_ReadPublic'): 1
 SWTPM_IO_Write: length 94
 80 01 00 00 00 5E 00 00 00 00 00 2E 01 80 01 00 
 00 0B 62 04 04 14 00 20 47 CE 30 32 D8 BA D1 F3 
 08 9C B0 C0 90 88 DE 43 50 14 91 D4 60 40 2B 90 
 CD 1B 7F C0 B6 8C A9 2F 00 08 00 22 00 0B C1 0D 
 A5 71 71 0D C0 EF 34 03 98 76 52 A2 A1 AA E0 1C 
 A0 C7 A6 3A 2D 8E DE F2 34 F2 EC AA D3 3D 
 SWTPM_IO_Read: length 14
 80 01 00 00 00 0E 00 00 01 69 01 80 01 01 
    IsEnEnabled(0x169 = 'NV_ReadPublic'): 1
 SWTPM_IO_Write: length 94
 80 01 00 00 00 5E 00 00 00 00 00 2E 01 80 01 01 
 00 0B 62 04 14 04 00 20 47 CE 30 32 D8 BA D1 F3 
 08 9C B0 C0 90 88 DE 43 50 14 91 D4 60 40 2B 90 
 CD 1B 7F C0 B6 8C A9 2F 00 B4 00 22 00 0B 61 A3 
 FC 9A 66 53 70 0A 3F E3 E3 E1 EA 84 C9 69 FD 04 
 5F 2D D7 7B 23 4C E6 CD 3B B8 BF 1A 39 F7 
 SWTPM_IO_Read: length 14
 80 01 00 00 00 0E 00 00 01 69 01 80 01 02 
    IsEnEnabled(0x169 = 'NV_ReadPublic'): 1
 SWTPM_IO_Write: length 94
 80 01 00 00 00 5E 00 00 00 00 00 2E 01 80 01 02 
 00 0B 62 04 14 04 00 20 47 CE 30 32 D8 BA D1 F3 
 08 9C B0 C0 90 88 DE 43 50 14 91 D4 60 40 2B 90 
 CD 1B 7F C0 B6 8C A9 2F 00 B4 00 22 00 0B 2A 9A 
 FE FE 5E 5D 33 57 E1 50 C8 04 FA E1 C4 93 88 0A 
 4A 05 92 CD E3 AD 8C 2D 84 BB 33 07 27 E8 
 SWTPM_IO_Read: length 14
 80 01 00 00 00 0E 00 00 01 69 01 80 01 03 
    IsEnEnabled(0x169 = 'NV_ReadPublic'): 1
 SWTPM_IO_Write: length 94
 80 01 00 00 00 5E 00 00 00 00 00 2E 01 80 01 03 
 00 0B 62 04 04 14 00 20 47 CE 30 32 D8 BA D1 F3 
 08 9C B0 C0 90 88 DE 43 50 14 91 D4 60 40 2B 90 
 CD 1B 7F C0 B6 8C A9 2F 00 08 00 22 00 0B 7A 79 
 C8 38 E2 C0 97 B8 E8 F3 B1 6C DF 2B 76 FD DF 55 
 BB 33 8E 92 22 2B A8 2B 2D 77 F6 EA 6E B0 
 SWTPM_IO_Read: length 14
 80 01 00 00 00 0E 00 00 01 69 01 80 01 04 
    IsEnEnabled(0x169 = 'NV_ReadPublic'): 1
 SWTPM_IO_Write: length 94
 80 01 00 00 00 5E 00 00 00 00 00 2E 01 80 01 04 
 00 0B 62 04 14 04 00 20 47 CE 30 32 D8 BA D1 F3 
 08 9C B0 C0 90 88 DE 43 50 14 91 D4 60 40 2B 90 
 CD 1B 7F C0 B6 8C A9 2F 00 8C 00 22 00 0B 71 EF 
 44 50 1B 87 8C 5C 3C 0A 28 E2 38 93 CD 2B FA 86 
 21 68 21 E8 7D 6B C8 B5 59 BE 8C 97 DC 5D 
 SWTPM_IO_Read: length 14
 80 01 00 00 00 0E 00 00 01 69 01 80 01 05 
    IsEnEnabled(0x169 = 'NV_ReadPublic'): 1
 SWTPM_IO_Write: length 94
 80 01 00 00 00 5E 00 00 00 00 00 2E 01 80 01 05 
 00 0B 62 04 14 04 00 20 47 CE 30 32 D8 BA D1 F3 
 08 9C B0 C0 90 88 DE 43 50 14 91 D4 60 40 2B 90 
 CD 1B 7F C0 B6 8C A9 2F 00 8C 00 22 00 0B 9F 57 
 47 9A 60 C8 7F EF 0C B5 C9 E6 F9 CE 89 60 6D 20 
 21 70 1C 55 93 90 F1 14 82 75 F0 CC F1 D5 
 SWTPM_IO_Read: length 35
 80 02 00 00 00 23 00 00 01 4E 01 80 01 00 01 80 
 01 00 00 00 00 09 40 00 00 09 00 00 00 00 00 00 
 08 00 00 
    IsEnEnabled(0x14e = 'NV_Read'): 1
 SWTPM_IO_Write: length 29
 80 02 00 00 00 1D 00 00 00 00 00 00 00 0A 00 08 
 00 00 00 00 00 00 00 11 00 00 01 00 00 
 SWTPM_IO_Read: length 35
 80 02 00 00 00 23 00 00 01 4E 01 80 01 02 01 80 
 01 02 00 00 00 09 40 00 00 09 00 00 00 00 00 00 
 B4 00 00 
    IsEnEnabled(0x14e = 'NV_Read'): 1
 SWTPM_IO_Write: length 201
 80 02 00 00 00 C9 00 00 00 00 00 00 00 B6 00 B4 
 43 53 45 52 54 50 4D 31 00 01 01 00 00 00 00 00 
 00 00 00 11 F6 A4 B0 7C 1E 17 36 1A A6 2B BC A2 
 C6 57 9B 38 0F DE 43 BE 44 F3 88 24 A3 DB 42 E8 
 28 55 C1 73 00 00 00 00 00 00 00 01 00 00 00 00 
 00 00 00 01 00 00 00 00 00 00 00 03 00 00 00 00 
 00 00 00 01 00 00 00 00 00 00 00 01 00 00 00 00 
 00 00 00 03 00 00 00 00 00 00 00 03 00 00 00 00 
 00 00 00 10 31 00 94 32 70 BD 02 03 22 05 21 CD 
 B4 7E 8C D8 E7 35 AB 6F B1 8D C5 81 0E 8C 05 C8 
 6C 57 03 52 79 D5 29 AE FF FB ED BD 96 31 8C B3 
 21 C2 E0 8D 91 4D 86 0E B6 73 19 5C 9F CE C7 6E 
 38 5E 7A 7D 00 00 01 00 00 
 SWTPM_IO_Read: length 35
 80 02 00 00 00 23 00 00 01 4E 01 80 01 03 01 80 
 01 03 00 00 00 09 40 00 00 09 00 00 00 00 00 00 
 08 00 00 
    IsEnEnabled(0x14e = 'NV_Read'): 1
 SWTPM_IO_Write: length 29
 80 02 00 00 00 1D 00 00 00 00 00 00 00 0A 00 08 
 00 00 00 00 00 00 00 03 00 00 01 00 00 
 SWTPM_IO_Read: length 35
 80 02 00 00 00 23 00 00 01 4E 01 80 01 05 01 80 
 01 05 00 00 00 09 40 00 00 09 00 00 00 00 00 00 
 8C 00 00 
    IsEnEnabled(0x14e = 'NV_Read'): 1
 SWTPM_IO_Write: length 161
 80 02 00 00 00 A1 00 00 00 00 00 00 00 8E 00 8C 
 43 53 45 52 54 50 4D 31 00 01 02 00 00 00 00 00 
 00 00 00 03 F6 A4 B0 7C 1E 17 36 1A A6 2B BC A2 
 C6 57 9B 38 0F DE 43 BE 44 F3 88 24 A3 DB 42 E8 
 28 55 C1 73 00 00 00 00 00 00 00 01 00 00 00 00 
 00 00 00 01 00 00 00 00 00 00 00 03 00 00 00 00 
 00 00 00 01 00 00 00 00 00 00 00 01 00 00 00 00 
 00 00 00 03 00 00 00 00 00 00 00 03 6D E9 0C 81 
 85 BE D7 2E 53 C3 49 AF 88 41 57 D3 5C D9 B9 3C 
 1A C8 A7 70 40 26 09 32 D2 22 DB C3 00 00 01 00 
 00 
 SWTPM_IO_Read: length 215
 80 02 00 00 00 D7 00 00 01 37 01 80 01 01 01 80 
 01 01 00 00 00 09 40 00 00 09 00 00 00 00 00 00 
 B4 43 53 45 52 54 50 4D 31 00 01 01 00 00 00 00 
 00 00 00 00 12 F6 A4 B0 7C 1E 17 36 1A A6 2B BC 
 A2 C6 57 9B 38 0F DE 43 BE 44 F3 88 24 A3 DB 42 
 E8 28 55 C1 73 00 00 00 00 00 00 00 01 00 00 00 
 00 00 00 00 01 00 00 00 00 00 00 00 03 00 00 00 
 00 00 00 00 01 00 00 00 00 00 00 00 01 00 00 00 
 00 00 00 00 03 00 00 00 00 00 00 00 03 00 00 00 
 00 00 00 00 11 3E 10 94 B3 1C C8 47 6F A5 DD 6C 
 C5 12 8A E4 08 AF C7 14 98 86 E1 53 07 8C A7 11 
 AB B0 51 B6 06 D5 D9 C1 72 B5 0A 5A D1 BA B8 06 
 48 A2 0C 2B 78 6F CA 03 C9 9E 39 50 D8 61 C8 56 
 01 CF 32 99 3A 00 00 
    IsEnEnabled(0x137 = 'NV_Write'): 1
 SWTPM_IO_Write: length 19
 80 02 00 00 00 13 00 00 00 00 00 00 00 00 00 00 
 01 00 00 
 SWTPM_IO_Read: length 35
 80 02 00 00 00 23 00 00 01 4E 01 80 01 01 01 80 
 01 01 00 00 00 09 40 00 00 09 00 00 00 00 00 00 
 B4 00 00 
    IsEnEnabled(0x14e = 'NV_Read'): 1
 SWTPM_IO_Write: length 201
 80 02 00 00 00 C9 00 00 00 00 00 00 00 B6 00 B4 
 43 53 45 52 54 50 4D 31 00 01 01 00 00 00 00 00 
 00 00 00 12 F6 A4 B0 7C 1E 17 36 1A A6 2B BC A2 
 C6 57 9B 38 0F DE 43 BE 44 F3 88 24 A3 DB 42 E8 
 28 55 C1 73 00 00 00 00 00 00 00 01 00 00 00 00 
 00 00 00 01 00 00 00 00 00 00 00 03 00 00 00 00 
 00 00 00 01 00 00 00 00 00 00 00 01 00 00 00 00 
 00 00 00 03 00 00 00 00 00 00 00 03 00 00 00 00 
 00 00 00 11 3E 10 94 B3 1C C8 47 6F A5 DD 6C C5 
 12 8A E4 08 AF C7 14 98 86 E1 53 07 8C A7 11 AB 
 B0 51 B6 06 D5 D9 C1 72 B5 0A 5A D1 BA B8 06 48 
 A2 0C 2B 78 6F CA 03 C9 9E 39 50 D8 61 C8 56 01 
 CF 32 99 3A 00 00 01 00 00 
 SWTPM_IO_Read: length 31
 80 02 00 00 00 1F 00 00 01 34 01 80 01 00 01 80 
 01 00 00 00 00 09 40 00 00 09 00 00 00 00 00 
    IsEnEnabled(0x134 = 'NV_Increment'): 1
 SWTPM_IO_Write: length 19
 80 02 00 00 00 13 00 00 00 00 00 00 00 00 00 00 
 01 00 00 
 SWTPM_IO_Read: length 35
 80 02 00 00 00 23 00 00 01 4E 01 80 01 00 01 80 
 01 00 00 00 00 09 40 00 00 09 00 00 00 00 00 00 
 08 00 00 
    IsEnEnabled(0x14e = 'NV_Read'): 1
 SWTPM_IO_Write: length 29
 80 02 00 00 00 1D 00 00 00 00 00 00 00 0A 00 08 
 00 00 00 00 00 00 00 12 00 00 01 00 00 
 SWTPM_IO_Read: length 14
 80 01 00 00 00 0E 00 00 01 69 01 80 01 00 
    IsEnEnabled(0x169 = 'NV_ReadPublic'): 1
 SWTPM_IO_Write: length 94
 80 01 00 00 00 5E 00 00 00 00 00 2E 01 80 01 00 
 00 0B 62 04 04 14 00 20 47 CE 30 32 D8 BA D1 F3 
 08 9C B0 C0 90 88 DE 43 50 14 91 D4 60 40 2B 90 
 CD 1B 7F C0 B6 8C A9 2F 00 08 00 22 00 0B C1 0D 
 A5 71 71 0D C0 EF 34 03 98 76 52 A2 A1 AA E0 1C 
 A0 C7 A6 3A 2D 8E DE F2 34 F2 EC AA D3 3D 
 SWTPM_IO_Read: length 14
 80 01 00 00 00 0E 00 00 01 69 01 80 01 01 
    IsEnEnabled(0x169 = 'NV_ReadPublic'): 1
 SWTPM_IO_Write: length 94
 80 01 00 00 00 5E 00 00 00 00 00 2E 01 80 01 01 
 00 0B 62 04 14 04 00 20 47 CE 30 32 D8 BA D1 F3 
 08 9C B0 C0 90 88 DE 43 50 14 91 D4 60 40 2B 90 
 CD 1B 7F C0 B6 8C A9 2F 00 B4 00 22 00 0B 61 A3 
 FC 9A 66 53 70 0A 3F E3 E3 E1 EA 84 C9 69 FD 04 
 5F 2D D7 7B 23 4C E6 CD 3B B8 BF 1A 39 F7 
 SWTPM_IO_Read: length 14
 80 01 00 00 00 0E 00 00 01 69 01 80 01 02 
    IsEnEnabled(0x169 = 'NV_ReadPublic'): 1
 SWTPM_IO_Write: length 94
 80 01 00 00 00 5E 00 00 00 00 00 2E 01 80 01 02 
 00 0B 62 04 14 04 00 20 47 CE 30 32 D8 BA D1 F3 
 08 9C B0 C0 90 88 DE 43 50 14 91 D4 60 40 2B 90 
 CD 1B 7F C0 B6 8C A9 2F 00 B4 00 22 00 0B 2A 9A 
 FE FE 5E 5D 33 57 E1 50 C8 04 FA E1 C4 93 88 0A 
 4A 05 92 CD E3 AD 8C 2D 84 BB 33 07 27 E8 
 SWTPM_IO_Read: length 14
 80 01 00 00 00 0E 00 00 01 69 01 80 01 03 
    IsEnEnabled(0x169 = 'NV_ReadPublic'): 1
 SWTPM_IO_Write: length 94
 80 01 00 00 00 5E 00 00 00 00 00 2E 01 80 01 03 
 00 0B 62 04 04 14 00 20 47 CE 30 32 D8 BA D1 F3 
 08 9C B0 C0 90 88 DE 43 50 14 91 D4 60 40 2B 90 
 CD 1B 7F C0 B6 8C A9 2F 00 08 00 22 00 0B 7A 79 
 C8 38 E2 C0 97 B8 E8 F3 B1 6C DF 2B 76 FD DF 55 
 BB 33 8E 92 22 2B A8 2B 2D 77 F6 EA 6E B0 
 SWTPM_IO_Read: length 14
 80 01 00 00 00 0E 00 00 01 69 01 80 01 04 
    IsEnEnabled(0x169 = 'NV_ReadPublic'): 1
 SWTPM_IO_Write: length 94
 80 01 00 00 00 5E 00 00 00 00 00 2E 01 80 01 04 
 00 0B 62 04 14 04 00 20 47 CE 30 32 D8 BA D1 F3 
 08 9C B0 C0 90 88 DE 43 50 14 91 D4 60 40 2B 90 
 CD 1B 7F C0 B6 8C A9 2F 00 8C 00 22 00 0B 71 EF 
 44 50 1B 87 8C 5C 3C 0A 28 E2 38 93 CD 2B FA 86 
 21 68 21 E8 7D 6B C8 B5 59 BE 8C 97 DC 5D 
 SWTPM_IO_Read: length 14
 80 01 00 00 00 0E 00 00 01 69 01 80 01 05 
    IsEnEnabled(0x169 = 'NV_ReadPublic'): 1
 SWTPM_IO_Write: length 94
 80 01 00 00 00 5E 00 00 00 00 00 2E 01 80 01 05 
 00 0B 62 04 14 04 00 20 47 CE 30 32 D8 BA D1 F3 
 08 9C B0 C0 90 88 DE 43 50 14 91 D4 60 40 2B 90 
 CD 1B 7F C0 B6 8C A9 2F 00 8C 00 22 00 0B 9F 57 
 47 9A 60 C8 7F EF 0C B5 C9 E6 F9 CE 89 60 6D 20 
 21 70 1C 55 93 90 F1 14 82 75 F0 CC F1 D5 
 SWTPM_IO_Read: length 35
 80 02 00 00 00 23 00 00 01 4E 01 80 01 00 01 80 
 01 00 00 00 00 09 40 00 00 09 00 00 00 00 00 00 
 08 00 00 
    IsEnEnabled(0x14e = 'NV_Read'): 1
 SWTPM_IO_Write: length 29
 80 02 00 00 00 1D 00 00 00 00 00 00 00 0A 00 08 
 00 00 00 00 00 00 00 12 00 00 01 00 00 
 SWTPM_IO_Read: length 35
 80 02 00 00 00 23 00 00 01 4E 01 80 01 01 01 80 
 01 01 00 00 00 09 40 00 00 09 00 00 00 00 00 00 
 B4 00 00 
    IsEnEnabled(0x14e = 'NV_Read'): 1
 SWTPM_IO_Write: length 201
 80 02 00 00 00 C9 00 00 00 00 00 00 00 B6 00 B4 
 43 53 45 52 54 50 4D 31 00 01 01 00 00 00 00 00 
 00 00 00 12 F6 A4 B0 7C 1E 17 36 1A A6 2B BC A2 
 C6 57 9B 38 0F DE 43 BE 44 F3 88 24 A3 DB 42 E8 
 28 55 C1 73 00 00 00 00 00 00 00 01 00 00 00 00 
 00 00 00 01 00 00 00 00 00 00 00 03 00 00 00 00 
 00 00 00 01 00 00 00 00 00 00 00 01 00 00 00 00 
 00 00 00 03 00 00 00 00 00 00 00 03 00 00 00 00 
 00 00 00 11 3E 10 94 B3 1C C8 47 6F A5 DD 6C C5 
 12 8A E4 08 AF C7 14 98 86 E1 53 07 8C A7 11 AB 
 B0 51 B6 06 D5 D9 C1 72 B5 0A 5A D1 BA B8 06 48 
 A2 0C 2B 78 6F CA 03 C9 9E 39 50 D8 61 C8 56 01 
 CF 32 99 3A 00 00 01 00 00 
 SWTPM_IO_Read: length 35
 80 02 00 00 00 23 00 00 01 4E 01 80 01 03 01 80 
 01 03 00 00 00 09 40 00 00 09 00 00 00 00 00 00 
 08 00 00 
    IsEnEnabled(0x14e = 'NV_Read'): 1
 SWTPM_IO_Write: length 29
 80 02 00 00 00 1D 00 00 00 00 00 00 00 0A 00 08 
 00 00 00 00 00 00 00 03 00 00 01 00 00 
 SWTPM_IO_Read: length 35
 80 02 00 00 00 23 00 00 01 4E 01 80 01 05 01 80 
 01 05 00 00 00 09 40 00 00 09 00 00 00 00 00 00 
 8C 00 00 
    IsEnEnabled(0x14e = 'NV_Read'): 1
 SWTPM_IO_Write: length 161
 80 02 00 00 00 A1 00 00 00 00 00 00 00 8E 00 8C 
 43 53 45 52 54 50 4D 31 00 01 02 00 00 00 00 00 
 00 00 00 03 F6 A4 B0 7C 1E 17 36 1A A6 2B BC A2 
 C6 57 9B 38 0F DE 43 BE 44 F3 88 24 A3 DB 42 E8 
 28 55 C1 73 00 00 00 00 00 00 00 01 00 00 00 00 
 00 00 00 01 00 00 00 00 00 00 00 03 00 00 00 00 
 00 00 00 01 00 00 00 00 00 00 00 01 00 00 00 00 
 00 00 00 03 00 00 00 00 00 00 00 03 6D E9 0C 81 
 85 BE D7 2E 53 C3 49 AF 88 41 57 D3 5C D9 B9 3C 
 1A C8 A7 70 40 26 09 32 D2 22 DB C3 00 00 01 00 
 00 
 SWTPM_IO_Read: length 215
 80 02 00 00 00 D7 00 00 01 37 01 80 01 02 01 80 
 01 02 00 00 00 09 40 00 00 09 00 00 00 00 00 00 
 B4 43 53 45 52 54 50 4D 31 00 01 01 00 00 00 00 
 00 00 00 00 13 F6 A4 B0 7C 1E 17 36 1A A6 2B BC 
 A2 C6 57 9B 38 0F DE 43 BE 44 F3 88 24 A3 DB 42 
 E8 28 55 C1 73 00 00 00 00 00 00 00 01 00 00 00 
 00 00 00 00 01 00 00 00 00 00 00 00 03 00 00 00 
 00 00 00 00 01 00 00 00 00 00 00 00 01 00 00 00 
 00 00 00 00 03 00 00 00 00 00 00 00 03 00 00 00 
 00 00 00 00 12 B2 34 6E 72 65 5A 89 88 89 D9 74 
 FB 58 4F 0B 44 AE FD E2 8A 79 C7 79 18 2A F9 C0 
 10 3E 83 8A 32 34 F2 82 CF E9 4A 3E 32 CC CF 7F 
 72 1C 86 A6 6E DC 17 6B BD 03 86 AE FB 3D D9 3B 
 EE 29 56 F6 55 00 00 
    IsEnEnabled(0x137 = 'NV_Write'): 1
 SWTPM_IO_Write: length 19
 80 02 00 00 00 13 00 00 00 00 00 00 00 00 00 00 
 01 00 00 
 SWTPM_IO_Read: length 35
 80 02 00 00 00 23 00 00 01 4E 01 80 01 02 01 80 
 01 02 00 00 00 09 40 00 00 09 00 00 00 00 00 00 
 B4 00 00 
    IsEnEnabled(0x14e = 'NV_Read'): 1
 SWTPM_IO_Write: length 201
 80 02 00 00 00 C9 00 00 00 00 00 00 00 B6 00 B4 
 43 53 45 52 54 50 4D 31 00 01 01 00 00 00 00 00 
 00 00 00 13 F6 A4 B0 7C 1E 17 36 1A A6 2B BC A2 
 C6 57 9B 38 0F DE 43 BE 44 F3 88 24 A3 DB 42 E8 
 28 55 C1 73 00 00 00 00 00 00 00 01 00 00 00 00 
 00 00 00 01 00 00 00 00 00 00 00 03 00 00 00 00 
 00 00 00 01 00 00 00 00 00 00 00 01 00 00 00 00 
 00 00 00 03 00 00 00 00 00 00 00 03 00 00 00 00 
 00 00 00 12 B2 34 6E 72 65 5A 89 88 89 D9 74 FB 
 58 4F 0B 44 AE FD E2 8A 79 C7 79 18 2A F9 C0 10 
 3E 83 8A 32 34 F2 82 CF E9 4A 3E 32 CC CF 7F 72 
 1C 86 A6 6E DC 17 6B BD 03 86 AE FB 3D D9 3B EE 
 29 56 F6 55 00 00 01 00 00 
 SWTPM_IO_Read: length 31
 80 02 00 00 00 1F 00 00 01 34 01 80 01 00 01 80 
 01 00 00 00 00 09 40 00 00 09 00 00 00 00 00 
    IsEnEnabled(0x134 = 'NV_Increment'): 1
 SWTPM_IO_Write: length 19
 80 02 00 00 00 13 00 00 00 00 00 00 00 00 00 00 
 01 00 00 
 SWTPM_IO_Read: length 35
 80 02 00 00 00 23 00 00 01 4E 01 80 01 00 01 80 
 01 00 00 00 00 09 40 00 00 09 00 00 00 00 00 00 
 08 00 00 
    IsEnEnabled(0x14e = 'NV_Read'): 1
 SWTPM_IO_Write: length 29
 80 02 00 00 00 1D 00 00 00 00 00 00 00 0A 00 08 
 00 00 00 00 00 00 00 13 00 00 01 00 00 
 SWTPM_IO_Read: length 14
 80 01 00 00 00 0E 00 00 01 69 01 80 01 00 
    IsEnEnabled(0x169 = 'NV_ReadPublic'): 1
 SWTPM_IO_Write: length 94
 80 01 00 00 00 5E 00 00 00 00 00 2E 01 80 01 00 
 00 0B 62 04 04 14 00 20 47 CE 30 32 D8 BA D1 F3 
 08 9C B0 C0 90 88 DE 43 50 14 91 D4 60 40 2B 90 
 CD 1B 7F C0 B6 8C A9 2F 00 08 00 22 00 0B C1 0D 
 A5 71 71 0D C0 EF 34 03 98 76 52 A2 A1 AA E0 1C 
 A0 C7 A6 3A 2D 8E DE F2 34 F2 EC AA D3 3D 
 SWTPM_IO_Read: length 14
 80 01 00 00 00 0E 00 00 01 69 01 80 01 01 
    IsEnEnabled(0x169 = 'NV_ReadPublic'): 1
 SWTPM_IO_Write: length 94
 80 01 00 00 00 5E 00 00 00 00 00 2E 01 80 01 01 
 00 0B 62 04 14 04 00 20 47 CE 30 32 D8 BA D1 F3 
 08 9C B0 C0 90 88 DE 43 50 14 91 D4 60 40 2B 90 
 CD 1B 7F C0 B6 8C A9 2F 00 B4 00 22 00 0B 61 A3 
 FC 9A 66 53 70 0A 3F E3 E3 E1 EA 84 C9 69 FD 04 
 5F 2D D7 7B 23 4C E6 CD 3B B8 BF 1A 39 F7 
 SWTPM_IO_Read: length 14
 80 01 00 00 00 0E 00 00 01 69 01 80 01 02 
    IsEnEnabled(0x169 = 'NV_ReadPublic'): 1
 SWTPM_IO_Write: length 94
 80 01 00 00 00 5E 00 00 00 00 00 2E 01 80 01 02 
 00 0B 62 04 14 04 00 20 47 CE 30 32 D8 BA D1 F3 
 08 9C B0 C0 90 88 DE 43 50 14 91 D4 60 40 2B 90 
 CD 1B 7F C0 B6 8C A9 2F 00 B4 00 22 00 0B 2A 9A 
 FE FE 5E 5D 33 57 E1 50 C8 04 FA E1 C4 93 88 0A 
 4A 05 92 CD E3 AD 8C 2D 84 BB 33 07 27 E8 
 SWTPM_IO_Read: length 14
 80 01 00 00 00 0E 00 00 01 69 01 80 01 03 
    IsEnEnabled(0x169 = 'NV_ReadPublic'): 1
 SWTPM_IO_Write: length 94
 80 01 00 00 00 5E 00 00 00 00 00 2E 01 80 01 03 
 00 0B 62 04 04 14 00 20 47 CE 30 32 D8 BA D1 F3 
 08 9C B0 C0 90 88 DE 43 50 14 91 D4 60 40 2B 90 
 CD 1B 7F C0 B6 8C A9 2F 00 08 00 22 00 0B 7A 79 
 C8 38 E2 C0 97 B8 E8 F3 B1 6C DF 2B 76 FD DF 55 
 BB 33 8E 92 22 2B A8 2B 2D 77 F6 EA 6E B0 
 SWTPM_IO_Read: length 14
 80 01 00 00 00 0E 00 00 01 69 01 80 01 04 
    IsEnEnabled(0x169 = 'NV_ReadPublic'): 1
 SWTPM_IO_Write: length 94
 80 01 00 00 00 5E 00 00 00 00 00 2E 01 80 01 04 
 00 0B 62 04 14 04 00 20 47 CE 30 32 D8 BA D1 F3 
 08 9C B0 C0 90 88 DE 43 50 14 91 D4 60 40 2B 90 
 CD 1B 7F C0 B6 8C A9 2F 00 8C 00 22 00 0B 71 EF 
 44 50 1B 87 8C 5C 3C 0A 28 E2 38 93 CD 2B FA 86 
 21 68 21 E8 7D 6B C8 B5 59 BE 8C 97 DC 5D 
 SWTPM_IO_Read: length 14
 80 01 00 00 00 0E 00 00 01 69 01 80 01 05 
    IsEnEnabled(0x169 = 'NV_ReadPublic'): 1
 SWTPM_IO_Write: length 94
 80 01 00 00 00 5E 00 00 00 00 00 2E 01 80 01 05 
 00 0B 62 04 14 04 00 20 47 CE 30 32 D8 BA D1 F3 
 08 9C B0 C0 90 88 DE 43 50 14 91 D4 60 40 2B 90 
 CD 1B 7F C0 B6 8C A9 2F 00 8C 00 22 00 0B 9F 57 
 47 9A 60 C8 7F EF 0C B5 C9 E6 F9 CE 89 60 6D 20 
 21 70 1C 55 93 90 F1 14 82 75 F0 CC F1 D5 
 SWTPM_IO_Read: length 35
 80 02 00 00 00 23 00 00 01 4E 01 80 01 00 01 80 
 01 00 00 00 00 09 40 00 00 09 00 00 00 00 00 00 
 08 00 00 
    IsEnEnabled(0x14e = 'NV_Read'): 1
 SWTPM_IO_Write: length 29
 80 02 00 00 00 1D 00 00 00 00 00 00 00 0A 00 08 
 00 00 00 00 00 00 00 13 00 00 01 00 00 
 SWTPM_IO_Read: length 35
 80 02 00 00 00 23 00 00 01 4E 01 80 01 02 01 80 
 01 02 00 00 00 09 40 00 00 09 00 00 00 00 00 00 
 B4 00 00 
    IsEnEnabled(0x14e = 'NV_Read'): 1
 SWTPM_IO_Write: length 201
 80 02 00 00 00 C9 00 00 00 00 00 00 00 B6 00 B4 
 43 53 45 52 54 50 4D 31 00 01 01 00 00 00 00 00 
 00 00 00 13 F6 A4 B0 7C 1E 17 36 1A A6 2B BC A2 
 C6 57 9B 38 0F DE 43 BE 44 F3 88 24 A3 DB 42 E8 
 28 55 C1 73 00 00 00 00 00 00 00 01 00 00 00 00 
 00 00 00 01 00 00 00 00 00 00 00 03 00 00 00 00 
 00 00 00 01 00 00 00 00 00 00 00 01 00 00 00 00 
 00 00 00 03 00 00 00 00 00 00 00 03 00 00 00 00 
 00 00 00 12 B2 34 6E 72 65 5A 89 88 89 D9 74 FB 
 58 4F 0B 44 AE FD E2 8A 79 C7 79 18 2A F9 C0 10 
 3E 83 8A 32 34 F2 82 CF E9 4A 3E 32 CC CF 7F 72 
 1C 86 A6 6E DC 17 6B BD 03 86 AE FB 3D D9 3B EE 
 29 56 F6 55 00 00 01 00 00 
 SWTPM_IO_Read: length 35
 80 02 00 00 00 23 00 00 01 4E 01 80 01 03 01 80 
 01 03 00 00 00 09 40 00 00 09 00 00 00 00 00 00 
 08 00 00 
    IsEnEnabled(0x14e = 'NV_Read'): 1
 SWTPM_IO_Write: length 29
 80 02 00 00 00 1D 00 00 00 00 00 00 00 0A 00 08 
 00 00 00 00 00 00 00 03 00 00 01 00 00 
 SWTPM_IO_Read: length 35
 80 02 00 00 00 23 00 00 01 4E 01 80 01 05 01 80 
 01 05 00 00 00 09 40 00 00 09 00 00 00 00 00 00 
 8C 00 00 
    IsEnEnabled(0x14e = 'NV_Read'): 1
 SWTPM_IO_Write: length 161
 80 02 00 00 00 A1 00 00 00 00 00 00 00 8E 00 8C 
 43 53 45 52 54 50 4D 31 00 01 02 00 00 00 00 00 
 00 00 00 03 F6 A4 B0 7C 1E 17 36 1A A6 2B BC A2 
 C6 57 9B 38 0F DE 43 BE 44 F3 88 24 A3 DB 42 E8 
 28 55 C1 73 00 00 00 00 00 00 00 01 00 00 00 00 
 00 00 00 01 00 00 00 00 00 00 00 03 00 00 00 00 
 00 00 00 01 00 00 00 00 00 00 00 01 00 00 00 00 
 00 00 00 03 00 00 00 00 00 00 00 03 6D E9 0C 81 
 85 BE D7 2E 53 C3 49 AF 88 41 57 D3 5C D9 B9 3C 
 1A C8 A7 70 40 26 09 32 D2 22 DB C3 00 00 01 00 
 00 
 SWTPM_IO_Read: length 215
 80 02 00 00 00 D7 00 00 01 37 01 80 01 01 01 80 
 01 01 00 00 00 09 40 00 00 09 00 00 00 00 00 00 
 B4 43 53 45 52 54 50 4D 31 00 01 01 00 00 00 00 
 00 00 00 00 14 F6 A4 B0 7C 1E 17 36 1A A6 2B BC 
 A2 C6 57 9B 38 0F DE 43 BE 44 F3 88 24 A3 DB 42 
 E8 28 55 C1 73 00 00 00 00 00 00 00 01 00 00 00 
 00 00 00 00 01 00 00 00 00 00 00 00 03 00 00 00 
 00 00 00 00 01 00 00 00 00 00 00 00 01 00 00 00 
 00 00 00 00 03 00 00 00 00 00 00 00 03 00 00 00 
 00 00 00 00 13 11 98 CB A4 6D 39 F1 86 8D 01 E6 
 71 81 40 AE BF 53 C8 23 D0 99 9F 53 DC 05 8D 4A 
 7D AC C4 2C 7A A9 BE CC 40 6C BD FE 64 12 22 3E 
 45 A1 06 6F 2C B3 13 A9 09 39 8E D8 35 FF 6C B7 
 10 C6 2E FE A5 00 00 
    IsEnEnabled(0x137 = 'NV_Write'): 1
 SWTPM_IO_Write: length 19
 80 02 00 00 00 13 00 00 00 00 00 00 00 00 00 00 
 01 00 00 
 SWTPM_IO_Read: length 35
 80 02 00 00 00 23 00 00 01 4E 01 80 01 01 01 80 
 01 01 00 00 00 09 40 00 00 09 00 00 00 00 00 00 
 B4 00 00 
    IsEnEnabled(0x14e = 'NV_Read'): 1
 SWTPM_IO_Write: length 201
 80 02 00 00 00 C9 00 00 00 00 00 00 00 B6 00 B4 
 43 53 45 52 54 50 4D 31 00 01 01 00 00 00 00 00 
 00 00 00 14 F6 A4 B0 7C 1E 17 36 1A A6 2B BC A2 
 C6 57 9B 38 0F DE 43 BE 44 F3 88 24 A3 DB 42 E8 
 28 55 C1 73 00 00 00 00 00 00 00 01 00 00 00 00 
 00 00 00 01 00 00 00 00 00 00 00 03 00 00 00 00 
 00 00 00 01 00 00 00 00 00 00 00 01 00 00 00 00 
 00 00 00 03 00 00 00 00 00 00 00 03 00 00 00 00 
 00 00 00 13 11 98 CB A4 6D 39 F1 86 8D 01 E6 71 
 81 40 AE BF 53 C8 23 D0 99 9F 53 DC 05 8D 4A 7D 
 AC C4 2C 7A A9 BE CC 40 6C BD FE 64 12 22 3E 45 
 A1 06 6F 2C B3 13 A9 09 39 8E D8 35 FF 6C B7 10 
 C6 2E FE A5 00 00 01 00 00 
 SWTPM_IO_Read: length 31
 80 02 00 00 00 1F 00 00 01 34 01 80 01 00 01 80 
 01 00 00 00 00 09 40 00 00 09 00 00 00 00 00 
    IsEnEnabled(0x134 = 'NV_Increment'): 1
 SWTPM_IO_Write: length 19
 80 02 00 00 00 13 00 00 00 00 00 00 00 00 00 00 
 01 00 00 
 SWTPM_IO_Read: length 35
 80 02 00 00 00 23 00 00 01 4E 01 80 01 00 01 80 
 01 00 00 00 00 09 40 00 00 09 00 00 00 00 00 00 
 08 00 00 
    IsEnEnabled(0x14e = 'NV_Read'): 1
 SWTPM_IO_Write: length 29
 80 02 00 00 00 1D 00 00 00 00 00 00 00 0A 00 08 
 00 00 00 00 00 00 00 14 00 00 01 00 00 
 SWTPM_IO_Read: length 14
 80 01 00 00 00 0E 00 00 01 69 01 80 01 00 
    IsEnEnabled(0x169 = 'NV_ReadPublic'): 1
 SWTPM_IO_Write: length 94
 80 01 00 00 00 5E 00 00 00 00 00 2E 01 80 01 00 
 00 0B 62 04 04 14 00 20 47 CE 30 32 D8 BA D1 F3 
 08 9C B0 C0 90 88 DE 43 50 14 91 D4 60 40 2B 90 
 CD 1B 7F C0 B6 8C A9 2F 00 08 00 22 00 0B C1 0D 
 A5 71 71 0D C0 EF 34 03 98 76 52 A2 A1 AA E0 1C 
 A0 C7 A6 3A 2D 8E DE F2 34 F2 EC AA D3 3D 
 SWTPM_IO_Read: length 14
 80 01 00 00 00 0E 00 00 01 69 01 80 01 01 
    IsEnEnabled(0x169 = 'NV_ReadPublic'): 1
 SWTPM_IO_Write: length 94
 80 01 00 00 00 5E 00 00 00 00 00 2E 01 80 01 01 
 00 0B 62 04 14 04 00 20 47 CE 30 32 D8 BA D1 F3 
 08 9C B0 C0 90 88 DE 43 50 14 91 D4 60 40 2B 90 
 CD 1B 7F C0 B6 8C A9 2F 00 B4 00 22 00 0B 61 A3 
 FC 9A 66 53 70 0A 3F E3 E3 E1 EA 84 C9 69 FD 04 
 5F 2D D7 7B 23 4C E6 CD 3B B8 BF 1A 39 F7 
 SWTPM_IO_Read: length 14
 80 01 00 00 00 0E 00 00 01 69 01 80 01 02 
    IsEnEnabled(0x169 = 'NV_ReadPublic'): 1
 SWTPM_IO_Write: length 94
 80 01 00 00 00 5E 00 00 00 00 00 2E 01 80 01 02 
 00 0B 62 04 14 04 00 20 47 CE 30 32 D8 BA D1 F3 
 08 9C B0 C0 90 88 DE 43 50 14 91 D4 60 40 2B 90 
 CD 1B 7F C0 B6 8C A9 2F 00 B4 00 22 00 0B 2A 9A 
 FE FE 5E 5D 33 57 E1 50 C8 04 FA E1 C4 93 88 0A 
 4A 05 92 CD E3 AD 8C 2D 84 BB 33 07 27 E8 
 SWTPM_IO_Read: length 14
 80 01 00 00 00 0E 00 00 01 69 01 80 01 03 
    IsEnEnabled(0x169 = 'NV_ReadPublic'): 1
 SWTPM_IO_Write: length 94
 80 01 00 00 00 5E 00 00 00 00 00 2E 01 80 01 03 
 00 0B 62 04 04 14 00 20 47 CE 30 32 D8 BA D1 F3 
 08 9C B0 C0 90 88 DE 43 50 14 91 D4 60 40 2B 90 
 CD 1B 7F C0 B6 8C A9 2F 00 08 00 22 00 0B 7A 79 
 C8 38 E2 C0 97 B8 E8 F3 B1 6C DF 2B 76 FD DF 55 
 BB 33 8E 92 22 2B A8 2B 2D 77 F6 EA 6E B0 
 SWTPM_IO_Read: length 14
 80 01 00 00 00 0E 00 00 01 69 01 80 01 04 
    IsEnEnabled(0x169 = 'NV_ReadPublic'): 1
 SWTPM_IO_Write: length 94
 80 01 00 00 00 5E 00 00 00 00 00 2E 01 80 01 04 
 00 0B 62 04 14 04 00 20 47 CE 30 32 D8 BA D1 F3 
 08 9C B0 C0 90 88 DE 43 50 14 91 D4 60 40 2B 90 
 CD 1B 7F C0 B6 8C A9 2F 00 8C 00 22 00 0B 71 EF 
 44 50 1B 87 8C 5C 3C 0A 28 E2 38 93 CD 2B FA 86 
 21 68 21 E8 7D 6B C8 B5 59 BE 8C 97 DC 5D 
 SWTPM_IO_Read: length 14
 80 01 00 00 00 0E 00 00 01 69 01 80 01 05 
    IsEnEnabled(0x169 = 'NV_ReadPublic'): 1
 SWTPM_IO_Write: length 94
 80 01 00 00 00 5E 00 00 00 00 00 2E 01 80 01 05 
 00 0B 62 04 14 04 00 20 47 CE 30 32 D8 BA D1 F3 
 08 9C B0 C0 90 88 DE 43 50 14 91 D4 60 40 2B 90 
 CD 1B 7F C0 B6 8C A9 2F 00 8C 00 22 00 0B 9F 57 
 47 9A 60 C8 7F EF 0C B5 C9 E6 F9 CE 89 60 6D 20 
 21 70 1C 55 93 90 F1 14 82 75 F0 CC F1 D5 
 SWTPM_IO_Read: length 35
 80 02 00 00 00 23 00 00 01 4E 01 80 01 00 01 80 
 01 00 00 00 00 09 40 00 00 09 00 00 00 00 00 00 
 08 00 00 
    IsEnEnabled(0x14e = 'NV_Read'): 1
 SWTPM_IO_Write: length 29
 80 02 00 00 00 1D 00 00 00 00 00 00 00 0A 00 08 
 00 00 00 00 00 00 00 14 00 00 01 00 00 
 SWTPM_IO_Read: length 35
 80 02 00 00 00 23 00 00 01 4E 01 80 01 01 01 80 
 01 01 00 00 00 09 40 00 00 09 00 00 00 00 00 00 
 B4 00 00 
    IsEnEnabled(0x14e = 'NV_Read'): 1
 SWTPM_IO_Write: length 201
 80 02 00 00 00 C9 00 00 00 00 00 00 00 B6 00 B4 
 43 53 45 52 54 50 4D 31 00 01 01 00 00 00 00 00 
 00 00 00 14 F6 A4 B0 7C 1E 17 36 1A A6 2B BC A2 
 C6 57 9B 38 0F DE 43 BE 44 F3 88 24 A3 DB 42 E8 
 28 55 C1 73 00 00 00 00 00 00 00 01 00 00 00 00 
 00 00 00 01 00 00 00 00 00 00 00 03 00 00 00 00 
 00 00 00 01 00 00 00 00 00 00 00 01 00 00 00 00 
 00 00 00 03 00 00 00 00 00 00 00 03 00 00 00 00 
 00 00 00 13 11 98 CB A4 6D 39 F1 86 8D 01 E6 71 
 81 40 AE BF 53 C8 23 D0 99 9F 53 DC 05 8D 4A 7D 
 AC C4 2C 7A A9 BE CC 40 6C BD FE 64 12 22 3E 45 
 A1 06 6F 2C B3 13 A9 09 39 8E D8 35 FF 6C B7 10 
 C6 2E FE A5 00 00 01 00 00 
 SWTPM_IO_Read: length 35
 80 02 00 00 00 23 00 00 01 4E 01 80 01 03 01 80 
 01 03 00 00 00 09 40 00 00 09 00 00 00 00 00 00 
 08 00 00 
    IsEnEnabled(0x14e = 'NV_Read'): 1
 SWTPM_IO_Write: length 29
 80 02 00 00 00 1D 00 00 00 00 00 00 00 0A 00 08 
 00 00 00 00 00 00 00 03 00 00 01 00 00 
 SWTPM_IO_Read: length 35
 80 02 00 00 00 23 00 00 01 4E 01 80 01 05 01 80 
 01 05 00 00 00 09 40 00 00 09 00 00 00 00 00 00 
 8C 00 00 
    IsEnEnabled(0x14e = 'NV_Read'): 1
 SWTPM_IO_Write: length 161
 80 02 00 00 00 A1 00 00 00 00 00 00 00 8E 00 8C 
 43 53 45 52 54 50 4D 31 00 01 02 00 00 00 00 00 
 00 00 00 03 F6 A4 B0 7C 1E 17 36 1A A6 2B BC A2 
 C6 57 9B 38 0F DE 43 BE 44 F3 88 24 A3 DB 42 E8 
 28 55 C1 73 00 00 00 00 00 00 00 01 00 00 00 00 
 00 00 00 01 00 00 00 00 00 00 00 03 00 00 00 00 
 00 00 00 01 00 00 00 00 00 00 00 01 00 00 00 00 
 00 00 00 03 00 00 00 00 00 00 00 03 6D E9 0C 81 
 85 BE D7 2E 53 C3 49 AF 88 41 57 D3 5C D9 B9 3C 
 1A C8 A7 70 40 26 09 32 D2 22 DB C3 00 00 01 00 
 00 
 SWTPM_IO_Read: length 215
 80 02 00 00 00 D7 00 00 01 37 01 80 01 02 01 80 
 01 02 00 00 00 09 40 00 00 09 00 00 00 00 00 00 
 B4 43 53 45 52 54 50 4D 31 00 01 01 00 00 00 00 
 00 00 00 00 15 F6 A4 B0 7C 1E 17 36 1A A6 2B BC 
 A2 C6 57 9B 38 0F DE 43 BE 44 F3 88 24 A3 DB 42 
 E8 28 55 C1 73 00 00 00 00 00 00 00 01 00 00 00 
 00 00 00 00 01 00 00 00 00 00 00 00 03 00 00 00 
 00 00 00 00 01 00 00 00 00 00 00 00 01 00 00 00 
 00 00 00 00 03 00 00 00 00 00 00 00 03 00 00 00 
 00 00 00 00 14 44 F0 21 F8 9A 84 50 52 70 45 77 
 60 CD 14 8B 33 EB 7C 1F 74 F2 B9 12 57 E7 D5 EC 
 34 0B EE 4D 1C 90 D6 FF B9 79 66 11 DE 7E 6C 70 
 11 4F 87 43 00 A3 25 26 DF BE A6 AC 14 73 57 CE 
 83 D6 9B 3A 4D 00 00 
    IsEnEnabled(0x137 = 'NV_Write'): 1
 SWTPM_IO_Write: length 19
 80 02 00 00 00 13 00 00 00 00 00 00 00 00 00 00 
 01 00 00 
 SWTPM_IO_Read: length 35
 80 02 00 00 00 23 00 00 01 4E 01 80 01 02 01 80 
 01 02 00 00 00 09 40 00 00 09 00 00 00 00 00 00 
 B4 00 00 
    IsEnEnabled(0x14e = 'NV_Read'): 1
 SWTPM_IO_Write: length 201
 80 02 00 00 00 C9 00 00 00 00 00 00 00 B6 00 B4 
 43 53 45 52 54 50 4D 31 00 01 01 00 00 00 00 00 
 00 00 00 15 F6 A4 B0 7C 1E 17 36 1A A6 2B BC A2 
 C6 57 9B 38 0F DE 43 BE 44 F3 88 24 A3 DB 42 E8 
 28 55 C1 73 00 00 00 00 00 00 00 01 00 00 00 00 
 00 00 00 01 00 00 00 00 00 00 00 03 00 00 00 00 
 00 00 00 01 00 00 00 00 00 00 00 01 00 00 00 00 
 00 00 00 03 00 00 00 00 00 00 00 03 00 00 00 00 
 00 00 00 14 44 F0 21 F8 9A 84 50 52 70 45 77 60 
 CD 14 8B 33 EB 7C 1F 74 F2 B9 12 57 E7 D5 EC 34 
 0B EE 4D 1C 90 D6 FF B9 79 66 11 DE 7E 6C 70 11 
 4F 87 43 00 A3 25 26 DF BE A6 AC 14 73 57 CE 83 
 D6 9B 3A 4D 00 00 01 00 00 
 SWTPM_IO_Read: length 31
 80 02 00 00 00 1F 00 00 01 34 01 80 01 00 01 80 
 01 00 00 00 00 09 40 00 00 09 00 00 00 00 00 
    IsEnEnabled(0x134 = 'NV_Increment'): 1
 SWTPM_IO_Write: length 19
 80 02 00 00 00 13 00 00 00 00 00 00 00 00 00 00 
 01 00 00 
 SWTPM_IO_Read: length 35
 80 02 00 00 00 23 00 00 01 4E 01 80 01 00 01 80 
 01 00 00 00 00 09 40 00 00 09 00 00 00 00 00 00 
 08 00 00 
    IsEnEnabled(0x14e = 'NV_Read'): 1
 SWTPM_IO_Write: length 29
 80 02 00 00 00 1D 00 00 00 00 00 00 00 0A 00 08 
 00 00 00 00 00 00 00 15 00 00 01 00 00 
 SWTPM_IO_Read: length 14
 80 01 00 00 00 0E 00 00 01 69 01 80 01 00 
    IsEnEnabled(0x169 = 'NV_ReadPublic'): 1
 SWTPM_IO_Write: length 94
 80 01 00 00 00 5E 00 00 00 00 00 2E 01 80 01 00 
 00 0B 62 04 04 14 00 20 47 CE 30 32 D8 BA D1 F3 
 08 9C B0 C0 90 88 DE 43 50 14 91 D4 60 40 2B 90 
 CD 1B 7F C0 B6 8C A9 2F 00 08 00 22 00 0B C1 0D 
 A5 71 71 0D C0 EF 34 03 98 76 52 A2 A1 AA E0 1C 
 A0 C7 A6 3A 2D 8E DE F2 34 F2 EC AA D3 3D 
 SWTPM_IO_Read: length 14
 80 01 00 00 00 0E 00 00 01 69 01 80 01 01 
    IsEnEnabled(0x169 = 'NV_ReadPublic'): 1
 SWTPM_IO_Write: length 94
 80 01 00 00 00 5E 00 00 00 00 00 2E 01 80 01 01 
 00 0B 62 04 14 04 00 20 47 CE 30 32 D8 BA D1 F3 
 08 9C B0 C0 90 88 DE 43 50 14 91 D4 60 40 2B 90 
 CD 1B 7F C0 B6 8C A9 2F 00 B4 00 22 00 0B 61 A3 
 FC 9A 66 53 70 0A 3F E3 E3 E1 EA 84 C9 69 FD 04 
 5F 2D D7 7B 23 4C E6 CD 3B B8 BF 1A 39 F7 
 SWTPM_IO_Read: length 14
 80 01 00 00 00 0E 00 00 01 69 01 80 01 02 
    IsEnEnabled(0x169 = 'NV_ReadPublic'): 1
 SWTPM_IO_Write: length 94
 80 01 00 00 00 5E 00 00 00 00 00 2E 01 80 01 02 
 00 0B 62 04 14 04 00 20 47 CE 30 32 D8 BA D1 F3 
 08 9C B0 C0 90 88 DE 43 50 14 91 D4 60 40 2B 90 
 CD 1B 7F C0 B6 8C A9 2F 00 B4 00 22 00 0B 2A 9A 
 FE FE 5E 5D 33 57 E1 50 C8 04 FA E1 C4 93 88 0A 
 4A 05 92 CD E3 AD 8C 2D 84 BB 33 07 27 E8 
 SWTPM_IO_Read: length 14
 80 01 00 00 00 0E 00 00 01 69 01 80 01 03 
    IsEnEnabled(0x169 = 'NV_ReadPublic'): 1
 SWTPM_IO_Write: length 94
 80 01 00 00 00 5E 00 00 00 00 00 2E 01 80 01 03 
 00 0B 62 04 04 14 00 20 47 CE 30 32 D8 BA D1 F3 
 08 9C B0 C0 90 88 DE 43 50 14 91 D4 60 40 2B 90 
 CD 1B 7F C0 B6 8C A9 2F 00 08 00 22 00 0B 7A 79 
 C8 38 E2 C0 97 B8 E8 F3 B1 6C DF 2B 76 FD DF 55 
 BB 33 8E 92 22 2B A8 2B 2D 77 F6 EA 6E B0 
 SWTPM_IO_Read: length 14
 80 01 00 00 00 0E 00 00 01 69 01 80 01 04 
    IsEnEnabled(0x169 = 'NV_ReadPublic'): 1
 SWTPM_IO_Write: length 94
 80 01 00 00 00 5E 00 00 00 00 00 2E 01 80 01 04 
 00 0B 62 04 14 04 00 20 47 CE 30 32 D8 BA D1 F3 
 08 9C B0 C0 90 88 DE 43 50 14 91 D4 60 40 2B 90 
 CD 1B 7F C0 B6 8C A9 2F 00 8C 00 22 00 0B 71 EF 
 44 50 1B 87 8C 5C 3C 0A 28 E2 38 93 CD 2B FA 86 
 21 68 21 E8 7D 6B C8 B5 59 BE 8C 97 DC 5D 
 SWTPM_IO_Read: length 14
 80 01 00 00 00 0E 00 00 01 69 01 80 01 05 
    IsEnEnabled(0x169 = 'NV_ReadPublic'): 1
 SWTPM_IO_Write: length 94
 80 01 00 00 00 5E 00 00 00 00 00 2E 01 80 01 05 
 00 0B 62 04 14 04 00 20 47 CE 30 32 D8 BA D1 F3 
 08 9C B0 C0 90 88 DE 43 50 14 91 D4 60 40 2B 90 
 CD 1B 7F C0 B6 8C A9 2F 00 8C 00 22 00 0B 9F 57 
 47 9A 60 C8 7F EF 0C B5 C9 E6 F9 CE 89 60 6D 20 
 21 70 1C 55 93 90 F1 14 82 75 F0 CC F1 D5 
 SWTPM_IO_Read: length 35
 80 02 00 00 00 23 00 00 01 4E 01 80 01 00 01 80 
 01 00 00 00 00 09 40 00 00 09 00 00 00 00 00 00 
 08 00 00 
    IsEnEnabled(0x14e = 'NV_Read'): 1
 SWTPM_IO_Write: length 29
 80 02 00 00 00 1D 00 00 00 00 00 00 00 0A 00 08 
 00 00 00 00 00 00 00 15 00 00 01 00 00 
 SWTPM_IO_Read: length 35
 80 02 00 00 00 23 00 00 01 4E 01 80 01 02 01 80 
 01 02 00 00 00 09 40 00 00 09 00 00 00 00 00 00 
 B4 00 00 
    IsEnEnabled(0x14e = 'NV_Read'): 1
 SWTPM_IO_Write: length 201
 80 02 00 00 00 C9 00 00 00 00 00 00 00 B6 00 B4 
 43 53 45 52 54 50 4D 31 00 01 01 00 00 00 00 00 
 00 00 00 15 F6 A4 B0 7C 1E 17 36 1A A6 2B BC A2 
 C6 57 9B 38 0F DE 43 BE 44 F3 88 24 A3 DB 42 E8 
 28 55 C1 73 00 00 00 00 00 00 00 01 00 00 00 00 
 00 00 00 01 00 00 00 00 00 00 00 03 00 00 00 00 
 00 00 00 01 00 00 00 00 00 00 00 01 00 00 00 00 
 00 00 00 03 00 00 00 00 00 00 00 03 00 00 00 00 
 00 00 00 14 44 F0 21 F8 9A 84 50 52 70 45 77 60 
 CD 14 8B 33 EB 7C 1F 74 F2 B9 12 57 E7 D5 EC 34 
 0B EE 4D 1C 90 D6 FF B9 79 66 11 DE 7E 6C 70 11 
 4F 87 43 00 A3 25 26 DF BE A6 AC 14 73 57 CE 83 
 D6 9B 3A 4D 00 00 01 00 00 
 SWTPM_IO_Read: length 35
 80 02 00 00 00 23 00 00 01 4E 01 80 01 03 01 80 
 01 03 00 00 00 09 40 00 00 09 00 00 00 00 00 00 
 08 00 00 
    IsEnEnabled(0x14e = 'NV_Read'): 1
 SWTPM_IO_Write: length 29
 80 02 00 00 00 1D 00 00 00 00 00 00 00 0A 00 08 
 00 00 00 00 00 00 00 03 00 00 01 00 00 
 SWTPM_IO_Read: length 35
 80 02 00 00 00 23 00 00 01 4E 01 80 01 05 01 80 
 01 05 00 00 00 09 40 00 00 09 00 00 00 00 00 00 
 8C 00 00 
    IsEnEnabled(0x14e = 'NV_Read'): 1
 SWTPM_IO_Write: length 161
 80 02 00 00 00 A1 00 00 00 00 00 00 00 8E 00 8C 
 43 53 45 52 54 50 4D 31 00 01 02 00 00 00 00 00 
 00 00 00 03 F6 A4 B0 7C 1E 17 36 1A A6 2B BC A2 
 C6 57 9B 38 0F DE 43 BE 44 F3 88 24 A3 DB 42 E8 
 28 55 C1 73 00 00 00 00 00 00 00 01 00 00 00 00 
 00 00 00 01 00 00 00 00 00 00 00 03 00 00 00 00 
 00 00 00 01 00 00 00 00 00 00 00 01 00 00 00 00 
 00 00 00 03 00 00 00 00 00 00 00 03 6D E9 0C 81 
 85 BE D7 2E 53 C3 49 AF 88 41 57 D3 5C D9 B9 3C 
 1A C8 A7 70 40 26 09 32 D2 22 DB C3 00 00 01 00 
 00 
 SWTPM_IO_Read: length 215
 80 02 00 00 00 D7 00 00 01 37 01 80 01 01 01 80 
 01 01 00 00 00 09 40 00 00 09 00 00 00 00 00 00 
 B4 43 53 45 52 54 50 4D 31 00 01 01 00 00 00 00 
 00 00 00 00 16 F6 A4 B0 7C 1E 17 36 1A A6 2B BC 
 A2 C6 57 9B 38 0F DE 43 BE 44 F3 88 24 A3 DB 42 
 E8 28 55 C1 73 00 00 00 00 00 00 00 01 00 00 00 
 00 00 00 00 01 00 00 00 00 00 00 00 03 00 00 00 
 00 00 00 00 01 00 00 00 00 00 00 00 01 00 00 00 
 00 00 00 00 03 00 00 00 00 00 00 00 03 00 00 00 
 00 00 00 00 15 E2 A3 7E D2 F3 16 FB 97 EC 8E 97 
 40 73 D2 44 0B DF C4 C1 03 06 AB BB AC CD 8B DB 
 E0 63 59 3B 62 45 54 F6 6B 35 D9 8A C4 BD 88 A8 
 06 3F 8C A3 AA 21 44 6A 96 4F A7 2B 46 A2 68 09 
 0B F5 C5 19 87 00 00 
    IsEnEnabled(0x137 = 'NV_Write'): 1
 SWTPM_IO_Write: length 19
 80 02 00 00 00 13 00 00 00 00 00 00 00 00 00 00 
 01 00 00 
 SWTPM_IO_Read: length 35
 80 02 00 00 00 23 00 00 01 4E 01 80 01 01 01 80 
 01 01 00 00 00 09 40 00 00 09 00 00 00 00 00 00 
 B4 00 00 
    IsEnEnabled(0x14e = 'NV_Read'): 1
 SWTPM_IO_Write: length 201
 80 02 00 00 00 C9 00 00 00 00 00 00 00 B6 00 B4 
 43 53 45 52 54 50 4D 31 00 01 01 00 00 00 00 00 
 00 00 00 16 F6 A4 B0 7C 1E 17 36 1A A6 2B BC A2 
 C6 57 9B 38 0F DE 43 BE 44 F3 88 24 A3 DB 42 E8 
 28 55 C1 73 00 00 00 00 00 00 00 01 00 00 00 00 
 00 00 00 01 00 00 00 00 00 00 00 03 00 00 00 00 
 00 00 00 01 00 00 00 00 00 00 00 01 00 00 00 00 
 00 00 00 03 00 00 00 00 00 00 00 03 00 00 00 00 
 00 00 00 15 E2 A3 7E D2 F3 16 FB 97 EC 8E 97 40 
 73 D2 44 0B DF C4 C1 03 06 AB BB AC CD 8B DB E0 
 63 59 3B 62 45 54 F6 6B 35 D9 8A C4 BD 88 A8 06 
 3F 8C A3 AA 21 44 6A 96 4F A7 2B 46 A2 68 09 0B 
 F5 C5 19 87 00 00 01 00 00 
 SWTPM_IO_Read: length 31
 80 02 00 00 00 1F 00 00 01 34 01 80 01 00 01 80 
 01 00 00 00 00 09 40 00 00 09 00 00 00 00 00 
    IsEnEnabled(0x134 = 'NV_Increment'): 1
 SWTPM_IO_Write: length 19
 80 02 00 00 00 13 00 00 00 00 00 00 00 00 00 00 
 01 00 00 
 SWTPM_IO_Read: length 35
 80 02 00 00 00 23 00 00 01 4E 01 80 01 00 01 80 
 01 00 00 00 00 09 40 00 00 09 00 00 00 00 00 00 
 08 00 00 
    IsEnEnabled(0x14e = 'NV_Read'): 1
 SWTPM_IO_Write: length 29
 80 02 00 00 00 1D 00 00 00 00 00 00 00 0A 00 08 
 00 00 00 00 00 00 00 16 00 00 01 00 00 
 SWTPM_IO_Read: length 14
 80 01 00 00 00 0E 00 00 01 69 01 80 01 00 
    IsEnEnabled(0x169 = 'NV_ReadPublic'): 1
 SWTPM_IO_Write: length 94
 80 01 00 00 00 5E 00 00 00 00 00 2E 01 80 01 00 
 00 0B 62 04 04 14 00 20 47 CE 30 32 D8 BA D1 F3 
 08 9C B0 C0 90 88 DE 43 50 14 91 D4 60 40 2B 90 
 CD 1B 7F C0 B6 8C A9 2F 00 08 00 22 00 0B C1 0D 
 A5 71 71 0D C0 EF 34 03 98 76 52 A2 A1 AA E0 1C 
 A0 C7 A6 3A 2D 8E DE F2 34 F2 EC AA D3 3D 
 SWTPM_IO_Read: length 14
 80 01 00 00 00 0E 00 00 01 69 01 80 01 01 
    IsEnEnabled(0x169 = 'NV_ReadPublic'): 1
 SWTPM_IO_Write: length 94
 80 01 00 00 00 5E 00 00 00 00 00 2E 01 80 01 01 
 00 0B 62 04 14 04 00 20 47 CE 30 32 D8 BA D1 F3 
 08 9C B0 C0 90 88 DE 43 50 14 91 D4 60 40 2B 90 
 CD 1B 7F C0 B6 8C A9 2F 00 B4 00 22 00 0B 61 A3 
 FC 9A 66 53 70 0A 3F E3 E3 E1 EA 84 C9 69 FD 04 
 5F 2D D7 7B 23 4C E6 CD 3B B8 BF 1A 39 F7 
 SWTPM_IO_Read: length 14
 80 01 00 00 00 0E 00 00 01 69 01 80 01 02 
    IsEnEnabled(0x169 = 'NV_ReadPublic'): 1
 SWTPM_IO_Write: length 94
 80 01 00 00 00 5E 00 00 00 00 00 2E 01 80 01 02 
 00 0B 62 04 14 04 00 20 47 CE 30 32 D8 BA D1 F3 
 08 9C B0 C0 90 88 DE 43 50 14 91 D4 60 40 2B 90 
 CD 1B 7F C0 B6 8C A9 2F 00 B4 00 22 00 0B 2A 9A 
 FE FE 5E 5D 33 57 E1 50 C8 04 FA E1 C4 93 88 0A 
 4A 05 92 CD E3 AD 8C 2D 84 BB 33 07 27 E8 
 SWTPM_IO_Read: length 14
 80 01 00 00 00 0E 00 00 01 69 01 80 01 03 
    IsEnEnabled(0x169 = 'NV_ReadPublic'): 1
 SWTPM_IO_Write: length 94
 80 01 00 00 00 5E 00 00 00 00 00 2E 01 80 01 03 
 00 0B 62 04 04 14 00 20 47 CE 30 32 D8 BA D1 F3 
 08 9C B0 C0 90 88 DE 43 50 14 91 D4 60 40 2B 90 
 CD 1B 7F C0 B6 8C A9 2F 00 08 00 22 00 0B 7A 79 
 C8 38 E2 C0 97 B8 E8 F3 B1 6C DF 2B 76 FD DF 55 
 BB 33 8E 92 22 2B A8 2B 2D 77 F6 EA 6E B0 
 SWTPM_IO_Read: length 14
 80 01 00 00 00 0E 00 00 01 69 01 80 01 04 
    IsEnEnabled(0x169 = 'NV_ReadPublic'): 1
 SWTPM_IO_Write: length 94
 80 01 00 00 00 5E 00 00 00 00 00 2E 01 80 01 04 
 00 0B 62 04 14 04 00 20 47 CE 30 32 D8 BA D1 F3 
 08 9C B0 C0 90 88 DE 43 50 14 91 D4 60 40 2B 90 
 CD 1B 7F C0 B6 8C A9 2F 00 8C 00 22 00 0B 71 EF 
 44 50 1B 87 8C 5C 3C 0A 28 E2 38 93 CD 2B FA 86 
 21 68 21 E8 7D 6B C8 B5 59 BE 8C 97 DC 5D 
 SWTPM_IO_Read: length 14
 80 01 00 00 00 0E 00 00 01 69 01 80 01 05 
    IsEnEnabled(0x169 = 'NV_ReadPublic'): 1
 SWTPM_IO_Write: length 94
 80 01 00 00 00 5E 00 00 00 00 00 2E 01 80 01 05 
 00 0B 62 04 14 04 00 20 47 CE 30 32 D8 BA D1 F3 
 08 9C B0 C0 90 88 DE 43 50 14 91 D4 60 40 2B 90 
 CD 1B 7F C0 B6 8C A9 2F 00 8C 00 22 00 0B 9F 57 
 47 9A 60 C8 7F EF 0C B5 C9 E6 F9 CE 89 60 6D 20 
 21 70 1C 55 93 90 F1 14 82 75 F0 CC F1 D5 
 SWTPM_IO_Read: length 35
 80 02 00 00 00 23 00 00 01 4E 01 80 01 00 01 80 
 01 00 00 00 00 09 40 00 00 09 00 00 00 00 00 00 
 08 00 00 
    IsEnEnabled(0x14e = 'NV_Read'): 1
 SWTPM_IO_Write: length 29
 80 02 00 00 00 1D 00 00 00 00 00 00 00 0A 00 08 
 00 00 00 00 00 00 00 16 00 00 01 00 00 
 SWTPM_IO_Read: length 35
 80 02 00 00 00 23 00 00 01 4E 01 80 01 01 01 80 
 01 01 00 00 00 09 40 00 00 09 00 00 00 00 00 00 
 B4 00 00 
    IsEnEnabled(0x14e = 'NV_Read'): 1
 SWTPM_IO_Write: length 201
 80 02 00 00 00 C9 00 00 00 00 00 00 00 B6 00 B4 
 43 53 45 52 54 50 4D 31 00 01 01 00 00 00 00 00 
 00 00 00 16 F6 A4 B0 7C 1E 17 36 1A A6 2B BC A2 
 C6 57 9B 38 0F DE 43 BE 44 F3 88 24 A3 DB 42 E8 
 28 55 C1 73 00 00 00 00 00 00 00 01 00 00 00 00 
 00 00 00 01 00 00 00 00 00 00 00 03 00 00 00 00 
 00 00 00 01 00 00 00 00 00 00 00 01 00 00 00 00 
 00 00 00 03 00 00 00 00 00 00 00 03 00 00 00 00 
 00 00 00 15 E2 A3 7E D2 F3 16 FB 97 EC 8E 97 40 
 73 D2 44 0B DF C4 C1 03 06 AB BB AC CD 8B DB E0 
 63 59 3B 62 45 54 F6 6B 35 D9 8A C4 BD 88 A8 06 
 3F 8C A3 AA 21 44 6A 96 4F A7 2B 46 A2 68 09 0B 
 F5 C5 19 87 00 00 01 00 00 
 SWTPM_IO_Read: length 35
 80 02 00 00 00 23 00 00 01 4E 01 80 01 03 01 80 
 01 03 00 00 00 09 40 00 00 09 00 00 00 00 00 00 
 08 00 00 
    IsEnEnabled(0x14e = 'NV_Read'): 1
 SWTPM_IO_Write: length 29
 80 02 00 00 00 1D 00 00 00 00 00 00 00 0A 00 08 
 00 00 00 00 00 00 00 03 00 00 01 00 00 
 SWTPM_IO_Read: length 35
 80 02 00 00 00 23 00 00 01 4E 01 80 01 05 01 80 
 01 05 00 00 00 09 40 00 00 09 00 00 00 00 00 00 
 8C 00 00 
    IsEnEnabled(0x14e = 'NV_Read'): 1
 SWTPM_IO_Write: length 161
 80 02 00 00 00 A1 00 00 00 00 00 00 00 8E 00 8C 
 43 53 45 52 54 50 4D 31 00 01 02 00 00 00 00 00 
 00 00 00 03 F6 A4 B0 7C 1E 17 36 1A A6 2B BC A2 
 C6 57 9B 38 0F DE 43 BE 44 F3 88 24 A3 DB 42 E8 
 28 55 C1 73 00 00 00 00 00 00 00 01 00 00 00 00 
 00 00 00 01 00 00 00 00 00 00 00 03 00 00 00 00 
 00 00 00 01 00 00 00 00 00 00 00 01 00 00 00 00 
 00 00 00 03 00 00 00 00 00 00 00 03 6D E9 0C 81 
 85 BE D7 2E 53 C3 49 AF 88 41 57 D3 5C D9 B9 3C 
 1A C8 A7 70 40 26 09 32 D2 22 DB C3 00 00 01 00 
 00 
 SWTPM_IO_Read: length 215
 80 02 00 00 00 D7 00 00 01 37 01 80 01 02 01 80 
 01 02 00 00 00 09 40 00 00 09 00 00 00 00 00 00 
 B4 43 53 45 52 54 50 4D 31 00 01 01 00 00 00 00 
 00 00 00 00 17 F6 A4 B0 7C 1E 17 36 1A A6 2B BC 
 A2 C6 57 9B 38 0F DE 43 BE 44 F3 88 24 A3 DB 42 
 E8 28 55 C1 73 00 00 00 00 00 00 00 01 00 00 00 
 00 00 00 00 01 00 00 00 00 00 00 00 03 00 00 00 
 00 00 00 00 01 00 00 00 00 00 00 00 01 00 00 00 
 00 00 00 00 03 00 00 00 00 00 00 00 03 00 00 00 
 00 00 00 00 16 9B 4C 5D C0 2A 71 26 E9 2C B7 53 
 8B C9 F6 03 8E 0C C7 16 24 A2 70 61 5D 4C 9E AA 
 8A 47 71 A1 B8 EE F0 C0 56 2F F7 68 D2 76 04 41 
 A2 40 05 E2 9B 9C 29 20 89 81 28 7C 4A A9 6B 69 
 34 F1 B4 05 7E 00 00 
    IsEnEnabled(0x137 = 'NV_Write'): 1
 SWTPM_IO_Write: length 19
 80 02 00 00 00 13 00 00 00 00 00 00 00 00 00 00 
 01 00 00 
 SWTPM_IO_Read: length 35
 80 02 00 00 00 23 00 00 01 4E 01 80 01 02 01 80 
 01 02 00 00 00 09 40 00 00 09 00 00 00 00 00 00 
 B4 00 00 
    IsEnEnabled(0x14e = 'NV_Read'): 1
 SWTPM_IO_Write: length 201
 80 02 00 00 00 C9 00 00 00 00 00 00 00 B6 00 B4 
 43 53 45 52 54 50 4D 31 00 01 01 00 00 00 00 00 
 00 00 00 17 F6 A4 B0 7C 1E 17 36 1A A6 2B BC A2 
 C6 57 9B 38 0F DE 43 BE 44 F3 88 24 A3 DB 42 E8 
 28 55 C1 73 00 00 00 00 00 00 00 01 00 00 00 00 
 00 00 00 01 00 00 00 00 00 00 00 03 00 00 00 00 
 00 00 00 01 00 00 00 00 00 00 00 01 00 00 00 00 
 00 00 00 03 00 00 00 00 00 00 00 03 00 00 00 00 
 00 00 00 16 9B 4C 5D C0 2A 71 26 E9 2C B7 53 8B 
 C9 F6 03 8E 0C C7 16 24 A2 70 61 5D 4C 9E AA 8A 
 47 71 A1 B8 EE F0 C0 56 2F F7 68 D2 76 04 41 A2 
 40 05 E2 9B 9C 29 20 89 81 28 7C 4A A9 6B 69 34 
 F1 B4 05 7E 00 00 01 00 00 
 SWTPM_IO_Read: length 31
 80 02 00 00 00 1F 00 00 01 34 01 80 01 00 01 80 
 01 00 00 00 00 09 40 00 00 09 00 00 00 00 00 
    IsEnEnabled(0x134 = 'NV_Increment'): 1
 SWTPM_IO_Write: length 19
 80 02 00 00 00 13 00 00 00 00 00 00 00 00 00 00 
 01 00 00 
 SWTPM_IO_Read: length 35
 80 02 00 00 00 23 00 00 01 4E 01 80 01 00 01 80 
 01 00 00 00 00 09 40 00 00 09 00 00 00 00 00 00 
 08 00 00 
    IsEnEnabled(0x14e = 'NV_Read'): 1
 SWTPM_IO_Write: length 29
 80 02 00 00 00 1D 00 00 00 00 00 00 00 0A 00 08 
 00 00 00 00 00 00 00 17 00 00 01 00 00 
 SWTPM_IO_Read: length 14
 80 01 00 00 00 0E 00 00 01 69 01 80 01 00 
    IsEnEnabled(0x169 = 'NV_ReadPublic'): 1
 SWTPM_IO_Write: length 94
 80 01 00 00 00 5E 00 00 00 00 00 2E 01 80 01 00 
 00 0B 62 04 04 14 00 20 47 CE 30 32 D8 BA D1 F3 
 08 9C B0 C0 90 88 DE 43 50 14 91 D4 60 40 2B 90 
 CD 1B 7F C0 B6 8C A9 2F 00 08 00 22 00 0B C1 0D 
 A5 71 71 0D C0 EF 34 03 98 76 52 A2 A1 AA E0 1C 
 A0 C7 A6 3A 2D 8E DE F2 34 F2 EC AA D3 3D 
 SWTPM_IO_Read: length 14
 80 01 00 00 00 0E 00 00 01 69 01 80 01 01 
    IsEnEnabled(0x169 = 'NV_ReadPublic'): 1
 SWTPM_IO_Write: length 94
 80 01 00 00 00 5E 00 00 00 00 00 2E 01 80 01 01 
 00 0B 62 04 14 04 00 20 47 CE 30 32 D8 BA D1 F3 
 08 9C B0 C0 90 88 DE 43 50 14 91 D4 60 40 2B 90 
 CD 1B 7F C0 B6 8C A9 2F 00 B4 00 22 00 0B 61 A3 
 FC 9A 66 53 70 0A 3F E3 E3 E1 EA 84 C9 69 FD 04 
 5F 2D D7 7B 23 4C E6 CD 3B B8 BF 1A 39 F7 
 SWTPM_IO_Read: length 14
 80 01 00 00 00 0E 00 00 01 69 01 80 01 02 
    IsEnEnabled(0x169 = 'NV_ReadPublic'): 1
 SWTPM_IO_Write: length 94
 80 01 00 00 00 5E 00 00 00 00 00 2E 01 80 01 02 
 00 0B 62 04 14 04 00 20 47 CE 30 32 D8 BA D1 F3 
 08 9C B0 C0 90 88 DE 43 50 14 91 D4 60 40 2B 90 
 CD 1B 7F C0 B6 8C A9 2F 00 B4 00 22 00 0B 2A 9A 
 FE FE 5E 5D 33 57 E1 50 C8 04 FA E1 C4 93 88 0A 
 4A 05 92 CD E3 AD 8C 2D 84 BB 33 07 27 E8 
 SWTPM_IO_Read: length 14
 80 01 00 00 00 0E 00 00 01 69 01 80 01 03 
    IsEnEnabled(0x169 = 'NV_ReadPublic'): 1
 SWTPM_IO_Write: length 94
 80 01 00 00 00 5E 00 00 00 00 00 2E 01 80 01 03 
 00 0B 62 04 04 14 00 20 47 CE 30 32 D8 BA D1 F3 
 08 9C B0 C0 90 88 DE 43 50 14 91 D4 60 40 2B 90 
 CD 1B 7F C0 B6 8C A9 2F 00 08 00 22 00 0B 7A 79 
 C8 38 E2 C0 97 B8 E8 F3 B1 6C DF 2B 76 FD DF 55 
 BB 33 8E 92 22 2B A8 2B 2D 77 F6 EA 6E B0 
 SWTPM_IO_Read: length 14
 80 01 00 00 00 0E 00 00 01 69 01 80 01 04 
    IsEnEnabled(0x169 = 'NV_ReadPublic'): 1
 SWTPM_IO_Write: length 94
 80 01 00 00 00 5E 00 00 00 00 00 2E 01 80 01 04 
 00 0B 62 04 14 04 00 20 47 CE 30 32 D8 BA D1 F3 
 08 9C B0 C0 90 88 DE 43 50 14 91 D4 60 40 2B 90 
 CD 1B 7F C0 B6 8C A9 2F 00 8C 00 22 00 0B 71 EF 
 44 50 1B 87 8C 5C 3C 0A 28 E2 38 93 CD 2B FA 86 
 21 68 21 E8 7D 6B C8 B5 59 BE 8C 97 DC 5D 
 SWTPM_IO_Read: length 14
 80 01 00 00 00 0E 00 00 01 69 01 80 01 05 
    IsEnEnabled(0x169 = 'NV_ReadPublic'): 1
 SWTPM_IO_Write: length 94
 80 01 00 00 00 5E 00 00 00 00 00 2E 01 80 01 05 
 00 0B 62 04 14 04 00 20 47 CE 30 32 D8 BA D1 F3 
 08 9C B0 C0 90 88 DE 43 50 14 91 D4 60 40 2B 90 
 CD 1B 7F C0 B6 8C A9 2F 00 8C 00 22 00 0B 9F 57 
 47 9A 60 C8 7F EF 0C B5 C9 E6 F9 CE 89 60 6D 20 
 21 70 1C 55 93 90 F1 14 82 75 F0 CC F1 D5 
 SWTPM_IO_Read: length 35
 80 02 00 00 00 23 00 00 01 4E 01 80 01 00 01 80 
 01 00 00 00 00 09 40 00 00 09 00 00 00 00 00 00 
 08 00 00 
    IsEnEnabled(0x14e = 'NV_Read'): 1
 SWTPM_IO_Write: length 29
 80 02 00 00 00 1D 00 00 00 00 00 00 00 0A 00 08 
 00 00 00 00 00 00 00 17 00 00 01 00 00 
 SWTPM_IO_Read: length 35
 80 02 00 00 00 23 00 00 01 4E 01 80 01 02 01 80 
 01 02 00 00 00 09 40 00 00 09 00 00 00 00 00 00 
 B4 00 00 
    IsEnEnabled(0x14e = 'NV_Read'): 1
 SWTPM_IO_Write: length 201
 80 02 00 00 00 C9 00 00 00 00 00 00 00 B6 00 B4 
 43 53 45 52 54 50 4D 31 00 01 01 00 00 00 00 00 
 00 00 00 17 F6 A4 B0 7C 1E 17 36 1A A6 2B BC A2 
 C6 57 9B 38 0F DE 43 BE 44 F3 88 24 A3 DB 42 E8 
 28 55 C1 73 00 00 00 00 00 00 00 01 00 00 00 00 
 00 00 00 01 00 00 00 00 00 00 00 03 00 00 00 00 
 00 00 00 01 00 00 00 00 00 00 00 01 00 00 00 00 
 00 00 00 03 00 00 00 00 00 00 00 03 00 00 00 00 
 00 00 00 16 9B 4C 5D C0 2A 71 26 E9 2C B7 53 8B 
 C9 F6 03 8E 0C C7 16 24 A2 70 61 5D 4C 9E AA 8A 
 47 71 A1 B8 EE F0 C0 56 2F F7 68 D2 76 04 41 A2 
 40 05 E2 9B 9C 29 20 89 81 28 7C 4A A9 6B 69 34 
 F1 B4 05 7E 00 00 01 00 00 
 SWTPM_IO_Read: length 35
 80 02 00 00 00 23 00 00 01 4E 01 80 01 03 01 80 
 01 03 00 00 00 09 40 00 00 09 00 00 00 00 00 00 
 08 00 00 
    IsEnEnabled(0x14e = 'NV_Read'): 1
 SWTPM_IO_Write: length 29
 80 02 00 00 00 1D 00 00 00 00 00 00 00 0A 00 08 
 00 00 00 00 00 00 00 03 00 00 01 00 00 
 SWTPM_IO_Read: length 35
 80 02 00 00 00 23 00 00 01 4E 01 80 01 05 01 80 
 01 05 00 00 00 09 40 00 00 09 00 00 00 00 00 00 
 8C 00 00 
    IsEnEnabled(0x14e = 'NV_Read'): 1
 SWTPM_IO_Write: length 161
 80 02 00 00 00 A1 00 00 00 00 00 00 00 8E 00 8C 
 43 53 45 52 54 50 4D 31 00 01 02 00 00 00 00 00 
 00 00 00 03 F6 A4 B0 7C 1E 17 36 1A A6 2B BC A2 
 C6 57 9B 38 0F DE 43 BE 44 F3 88 24 A3 DB 42 E8 
 28 55 C1 73 00 00 00 00 00 00 00 01 00 00 00 00 
 00 00 00 01 00 00 00 00 00 00 00 03 00 00 00 00 
 00 00 00 01 00 00 00 00 00 00 00 01 00 00 00 00 
 00 00 00 03 00 00 00 00 00 00 00 03 6D E9 0C 81 
 85 BE D7 2E 53 C3 49 AF 88 41 57 D3 5C D9 B9 3C 
 1A C8 A7 70 40 26 09 32 D2 22 DB C3 00 00 01 00 
 00 
 SWTPM_IO_Read: length 215
 80 02 00 00 00 D7 00 00 01 37 01 80 01 01 01 80 
 01 01 00 00 00 09 40 00 00 09 00 00 00 00 00 00 
 B4 43 53 45 52 54 50 4D 31 00 01 01 00 00 00 00 
 00 00 00 00 18 F6 A4 B0 7C 1E 17 36 1A A6 2B BC 
 A2 C6 57 9B 38 0F DE 43 BE 44 F3 88 24 A3 DB 42 
 E8 28 55 C1 73 00 00 00 00 00 00 00 01 00 00 00 
 00 00 00 00 01 00 00 00 00 00 00 00 03 00 00 00 
 00 00 00 00 01 00 00 00 00 00 00 00 01 00 00 00 
 00 00 00 00 03 00 00 00 00 00 00 00 03 00 00 00 
 00 00 00 00 17 B7 84 9A 80 A3 09 FA 2E BE 7B 90 
 78 AE EB 55 50 F3 9A 9B 6A C5 A6 BF 40 9E 94 17 
 2A AD C9 B3 8C D9 56 1F 28 21 DE 1F 4C 12 9D 0C 
 EB 51 4C C2 94 91 F7 B8 4C 24 00 BF 18 13 52 FE 
 23 21 27 6A 0C 00 00 
    IsEnEnabled(0x137 = 'NV_Write'): 1
 SWTPM_IO_Write: length 19
 80 02 00 00 00 13 00 00 00 00 00 00 00 00 00 00 
 01 00 00 
 SWTPM_IO_Read: length 35
 80 02 00 00 00 23 00 00 01 4E 01 80 01 01 01 80 
 01 01 00 00 00 09 40 00 00 09 00 00 00 00 00 00 
 B4 00 00 
    IsEnEnabled(0x14e = 'NV_Read'): 1
 SWTPM_IO_Write: length 201
 80 02 00 00 00 C9 00 00 00 00 00 00 00 B6 00 B4 
 43 53 45 52 54 50 4D 31 00 01 01 00 00 00 00 00 
 00 00 00 18 F6 A4 B0 7C 1E 17 36 1A A6 2B BC A2 
 C6 57 9B 38 0F DE 43 BE 44 F3 88 24 A3 DB 42 E8 
 28 55 C1 73 00 00 00 00 00 00 00 01 00 00 00 00 
 00 00 00 01 00 00 00 00 00 00 00 03 00 00 00 00 
 00 00 00 01 00 00 00 00 00 00 00 01 00 00 00 00 
 00 00 00 03 00 00 00 00 00 00 00 03 00 00 00 00 
 00 00 00 17 B7 84 9A 80 A3 09 FA 2E BE 7B 90 78 
 AE EB 55 50 F3 9A 9B 6A C5 A6 BF 40 9E 94 17 2A 
 AD C9 B3 8C D9 56 1F 28 21 DE 1F 4C 12 9D 0C EB 
 51 4C C2 94 91 F7 B8 4C 24 00 BF 18 13 52 FE 23 
 21 27 6A 0C 00 00 01 00 00 
 SWTPM_IO_Read: length 31
 80 02 00 00 00 1F 00 00 01 34 01 80 01 00 01 80 
 01 00 00 00 00 09 40 00 00 09 00 00 00 00 00 
    IsEnEnabled(0x134 = 'NV_Increment'): 1
 SWTPM_IO_Write: length 19
 80 02 00 00 00 13 00 00 00 00 00 00 00 00 00 00 
 01 00 00 
 SWTPM_IO_Read: length 35
 80 02 00 00 00 23 00 00 01 4E 01 80 01 00 01 80 
 01 00 00 00 00 09 40 00 00 09 00 00 00 00 00 00 
 08 00 00 
    IsEnEnabled(0x14e = 'NV_Read'): 1
 SWTPM_IO_Write: length 29
 80 02 00 00 00 1D 00 00 00 00 00 00 00 0A 00 08 
 00 00 00 00 00 00 00 18 00 00 01 00 00 
 SWTPM_IO_Read: length 14
 80 01 00 00 00 0E 00 00 01 69 01 80 01 00 
    IsEnEnabled(0x169 = 'NV_ReadPublic'): 1
 SWTPM_IO_Write: length 94
 80 01 00 00 00 5E 00 00 00 00 00 2E 01 80 01 00 
 00 0B 62 04 04 14 00 20 47 CE 30 32 D8 BA D1 F3 
 08 9C B0 C0 90 88 DE 43 50 14 91 D4 60 40 2B 90 
 CD 1B 7F C0 B6 8C A9 2F 00 08 00 22 00 0B C1 0D 
 A5 71 71 0D C0 EF 34 03 98 76 52 A2 A1 AA E0 1C 
 A0 C7 A6 3A 2D 8E DE F2 34 F2 EC AA D3 3D 
 SWTPM_IO_Read: length 14
 80 01 00 00 00 0E 00 00 01 69 01 80 01 01 
    IsEnEnabled(0x169 = 'NV_ReadPublic'): 1
 SWTPM_IO_Write: length 94
 80 01 00 00 00 5E 00 00 00 00 00 2E 01 80 01 01 
 00 0B 62 04 14 04 00 20 47 CE 30 32 D8 BA D1 F3 
 08 9C B0 C0 90 88 DE 43 50 14 91 D4 60 40 2B 90 
 CD 1B 7F C0 B6 8C A9 2F 00 B4 00 22 00 0B 61 A3 
 FC 9A 66 53 70 0A 3F E3 E3 E1 EA 84 C9 69 FD 04 
 5F 2D D7 7B 23 4C E6 CD 3B B8 BF 1A 39 F7 
 SWTPM_IO_Read: length 14
 80 01 00 00 00 0E 00 00 01 69 01 80 01 02 
    IsEnEnabled(0x169 = 'NV_ReadPublic'): 1
 SWTPM_IO_Write: length 94
 80 01 00 00 00 5E 00 00 00 00 00 2E 01 80 01 02 
 00 0B 62 04 14 04 00 20 47 CE 30 32 D8 BA D1 F3 
 08 9C B0 C0 90 88 DE 43 50 14 91 D4 60 40 2B 90 
 CD 1B 7F C0 B6 8C A9 2F 00 B4 00 22 00 0B 2A 9A 
 FE FE 5E 5D 33 57 E1 50 C8 04 FA E1 C4 93 88 0A 
 4A 05 92 CD E3 AD 8C 2D 84 BB 33 07 27 E8 
 SWTPM_IO_Read: length 14
 80 01 00 00 00 0E 00 00 01 69 01 80 01 03 
    IsEnEnabled(0x169 = 'NV_ReadPublic'): 1
 SWTPM_IO_Write: length 94
 80 01 00 00 00 5E 00 00 00 00 00 2E 01 80 01 03 
 00 0B 62 04 04 14 00 20 47 CE 30 32 D8 BA D1 F3 
 08 9C B0 C0 90 88 DE 43 50 14 91 D4 60 40 2B 90 
 CD 1B 7F C0 B6 8C A9 2F 00 08 00 22 00 0B 7A 79 
 C8 38 E2 C0 97 B8 E8 F3 B1 6C DF 2B 76 FD DF 55 
 BB 33 8E 92 22 2B A8 2B 2D 77 F6 EA 6E B0 
 SWTPM_IO_Read: length 14
 80 01 00 00 00 0E 00 00 01 69 01 80 01 04 
    IsEnEnabled(0x169 = 'NV_ReadPublic'): 1
 SWTPM_IO_Write: length 94
 80 01 00 00 00 5E 00 00 00 00 00 2E 01 80 01 04 
 00 0B 62 04 14 04 00 20 47 CE 30 32 D8 BA D1 F3 
 08 9C B0 C0 90 88 DE 43 50 14 91 D4 60 40 2B 90 
 CD 1B 7F C0 B6 8C A9 2F 00 8C 00 22 00 0B 71 EF 
 44 50 1B 87 8C 5C 3C 0A 28 E2 38 93 CD 2B FA 86 
 21 68 21 E8 7D 6B C8 B5 59 BE 8C 97 DC 5D 
 SWTPM_IO_Read: length 14
 80 01 00 00 00 0E 00 00 01 69 01 80 01 05 
    IsEnEnabled(0x169 = 'NV_ReadPublic'): 1
 SWTPM_IO_Write: length 94
 80 01 00 00 00 5E 00 00 00 00 00 2E 01 80 01 05 
 00 0B 62 04 14 04 00 20 47 CE 30 32 D8 BA D1 F3 
 08 9C B0 C0 90 88 DE 43 50 14 91 D4 60 40 2B 90 
 CD 1B 7F C0 B6 8C A9 2F 00 8C 00 22 00 0B 9F 57 
 47 9A 60 C8 7F EF 0C B5 C9 E6 F9 CE 89 60 6D 20 
 21 70 1C 55 93 90 F1 14 82 75 F0 CC F1 D5 
 SWTPM_IO_Read: length 35
 80 02 00 00 00 23 00 00 01 4E 01 80 01 00 01 80 
 01 00 00 00 00 09 40 00 00 09 00 00 00 00 00 00 
 08 00 00 
    IsEnEnabled(0x14e = 'NV_Read'): 1
 SWTPM_IO_Write: length 29
 80 02 00 00 00 1D 00 00 00 00 00 00 00 0A 00 08 
 00 00 00 00 00 00 00 18 00 00 01 00 00 
 SWTPM_IO_Read: length 35
 80 02 00 00 00 23 00 00 01 4E 01 80 01 01 01 80 
 01 01 00 00 00 09 40 00 00 09 00 00 00 00 00 00 
 B4 00 00 
    IsEnEnabled(0x14e = 'NV_Read'): 1
 SWTPM_IO_Write: length 201
 80 02 00 00 00 C9 00 00 00 00 00 00 00 B6 00 B4 
 43 53 45 52 54 50 4D 31 00 01 01 00 00 00 00 00 
 00 00 00 18 F6 A4 B0 7C 1E 17 36 1A A6 2B BC A2 
 C6 57 9B 38 0F DE 43 BE 44 F3 88 24 A3 DB 42 E8 
 28 55 C1 73 00 00 00 00 00 00 00 01 00 00 00 00 
 00 00 00 01 00 00 00 00 00 00 00 03 00 00 00 00 
 00 00 00 01 00 00 00 00 00 00 00 01 00 00 00 00 
 00 00 00 03 00 00 00 00 00 00 00 03 00 00 00 00 
 00 00 00 17 B7 84 9A 80 A3 09 FA 2E BE 7B 90 78 
 AE EB 55 50 F3 9A 9B 6A C5 A6 BF 40 9E 94 17 2A 
 AD C9 B3 8C D9 56 1F 28 21 DE 1F 4C 12 9D 0C EB 
 51 4C C2 94 91 F7 B8 4C 24 00 BF 18 13 52 FE 23 
 21 27 6A 0C 00 00 01 00 00 
 SWTPM_IO_Read: length 35
 80 02 00 00 00 23 00 00 01 4E 01 80 01 03 01 80 
 01 03 00 00 00 09 40 00 00 09 00 00 00 00 00 00 
 08 00 00 
    IsEnEnabled(0x14e = 'NV_Read'): 1
 SWTPM_IO_Write: length 29
 80 02 00 00 00 1D 00 00 00 00 00 00 00 0A 00 08 
 00 00 00 00 00 00 00 03 00 00 01 00 00 
 SWTPM_IO_Read: length 35
 80 02 00 00 00 23 00 00 01 4E 01 80 01 05 01 80 
 01 05 00 00 00 09 40 00 00 09 00 00 00 00 00 00 
 8C 00 00 
    IsEnEnabled(0x14e = 'NV_Read'): 1
 SWTPM_IO_Write: length 161
 80 02 00 00 00 A1 00 00 00 00 00 00 00 8E 00 8C 
 43 53 45 52 54 50 4D 31 00 01 02 00 00 00 00 00 
 00 00 00 03 F6 A4 B0 7C 1E 17 36 1A A6 2B BC A2 
 C6 57 9B 38 0F DE 43 BE 44 F3 88 24 A3 DB 42 E8 
 28 55 C1 73 00 00 00 00 00 00 00 01 00 00 00 00 
 00 00 00 01 00 00 00 00 00 00 00 03 00 00 00 00 
 00 00 00 01 00 00 00 00 00 00 00 01 00 00 00 00 
 00 00 00 03 00 00 00 00 00 00 00 03 6D E9 0C 81 
 85 BE D7 2E 53 C3 49 AF 88 41 57 D3 5C D9 B9 3C 
 1A C8 A7 70 40 26 09 32 D2 22 DB C3 00 00 01 00 
 00 
 SWTPM_IO_Read: length 215
 80 02 00 00 00 D7 00 00 01 37 01 80 01 02 01 80 
 01 02 00 00 00 09 40 00 00 09 00 00 00 00 00 00 
 B4 43 53 45 52 54 50 4D 31 00 01 01 00 00 00 00 
 00 00 00 00 19 F6 A4 B0 7C 1E 17 36 1A A6 2B BC 
 A2 C6 57 9B 38 0F DE 43 BE 44 F3 88 24 A3 DB 42 
 E8 28 55 C1 73 00 00 00 00 00 00 00 01 00 00 00 
 00 00 00 00 01 00 00 00 00 00 00 00 03 00 00 00 
 00 00 00 00 01 00 00 00 00 00 00 00 01 00 00 00 
 00 00 00 00 03 00 00 00 00 00 00 00 03 00 00 00 
 00 00 00 00 18 B2 83 B7 6D 36 A9 BD 20 1D C6 6F 
 30 3F 4E 1A 57 A6 1E 29 64 54 ED 56 5D 56 2F 04 
 73 C9 00 C2 9D 7C A3 02 8E F3 00 CC 02 1F 5C 64 
 7E 5F 05 6F 57 9D F1 83 EF D1 70 52 43 6C D0 12 
 9B 7B 8E 33 9D 00 00 
    IsEnEnabled(0x137 = 'NV_Write'): 1
 SWTPM_IO_Write: length 19
 80 02 00 00 00 13 00 00 00 00 00 00 00 00 00 00 
 01 00 00 
 SWTPM_IO_Read: length 35
 80 02 00 00 00 23 00 00 01 4E 01 80 01 02 01 80 
 01 02 00 00 00 09 40 00 00 09 00 00 00 00 00 00 
 B4 00 00 
    IsEnEnabled(0x14e = 'NV_Read'): 1
 SWTPM_IO_Write: length 201
 80 02 00 00 00 C9 00 00 00 00 00 00 00 B6 00 B4 
 43 53 45 52 54 50 4D 31 00 01 01 00 00 00 00 00 
 00 00 00 19 F6 A4 B0 7C 1E 17 36 1A A6 2B BC A2 
 C6 57 9B 38 0F DE 43 BE 44 F3 88 24 A3 DB 42 E8 
 28 55 C1 73 00 00 00 00 00 00 00 01 00 00 00 00 
 00 00 00 01 00 00 00 00 00 00 00 03 00 00 00 00 
 00 00 00 01 00 00 00 00 00 00 00 01 00 00 00 00 
 00 00 00 03 00 00 00 00 00 00 00 03 00 00 00 00 
 00 00 00 18 B2 83 B7 6D 36 A9 BD 20 1D C6 6F 30 
 3F 4E 1A 57 A6 1E 29 64 54 ED 56 5D 56 2F 04 73 
 C9 00 C2 9D 7C A3 02 8E F3 00 CC 02 1F 5C 64 7E 
 5F 05 6F 57 9D F1 83 EF D1 70 52 43 6C D0 12 9B 
 7B 8E 33 9D 00 00 01 00 00 
 SWTPM_IO_Read: length 31
 80 02 00 00 00 1F 00 00 01 34 01 80 01 00 01 80 
 01 00 00 00 00 09 40 00 00 09 00 00 00 00 00 
    IsEnEnabled(0x134 = 'NV_Increment'): 1
 SWTPM_IO_Write: length 19
 80 02 00 00 00 13 00 00 00 00 00 00 00 00 00 00 
 01 00 00 
 SWTPM_IO_Read: length 35
 80 02 00 00 00 23 00 00 01 4E 01 80 01 00 01 80 
 01 00 00 00 00 09 40 00 00 09 00 00 00 00 00 00 
 08 00 00 
    IsEnEnabled(0x14e = 'NV_Read'): 1
 SWTPM_IO_Write: length 29
 80 02 00 00 00 1D 00 00 00 00 00 00 00 0A 00 08 
 00 00 00 00 00 00 00 19 00 00 01 00 00 
 Ctrl Cmd: length 4
 00 00 00 03 
 Ctrl Rsp: length 4
 00 00 00 00 
Warning: Profile-enabled algorithms contain disabled 'RSA-1024-sign(SHA1, pkcs1-pss)'
Warning: Setting OPENSSL_ENABLE_SHA1_SIGNATURES=1
  Tested: camellia-128
  Tested: camellia-256
  Tested: tdes
  Tested: RSA-1024-sign(SHA1, pkcs1-pss)
  Tested: RSA-1024-sign(SHA1, pkcs1)
  Tested: RSA-2048-sign(SHA1, pkcs1-pss)
  Tested: RSA-2048-sign(SHA1, pkcs1)
 Ctrl Cmd: length 4
 00 00 00 10 
 Ctrl Rsp: length 4
 00 00 00 00 
 SWTPM_IO_Read: length 10
 80 01 00 00 00 0A 00 00 01 81 
    IsEnEnabled(0x181 = 'ReadClock'): 1
 SWTPM_IO_Write: length 10
 80 01 00 00 00 0A 00 00 01 00 
 Ctrl Cmd: length 4
 00 00 00 01 
 Ctrl Rsp: length 8
 00 00 00 00 00 01 FF FF 
 Ctrl Cmd: length 4
 00 00 00 0E 
 Ctrl Rsp: length 4
 00 00 00 00 
 Ctrl Cmd: length 8
 00 00 00 11 00 00 00 00 
 Ctrl Rsp: length 16
 00 00 00 00 00 00 10 00 00 00 0A F8 00 00 10 00 
 Ctrl Cmd: length 4
 00 00 00 0E 
 Ctrl Rsp: length 4
 00 00 00 00 
 Ctrl Cmd: length 8
 00 00 00 11 00 00 10 00 
 Ctrl Rsp: length 16
 00 00 00 00 00 00 10 00 00 00 0A F8 00 00 10 00 
 Ctrl Cmd: length 8
 00 00 00 02 00 00 00 00 
  Tested: RSA-1024-sign(SHA1, pkcs1-pss)
  Tested: RSA-1024-sign(SHA1, pkcs1)
  Tested: RSA-2048-sign(SHA1, pkcs1-pss)
  Tested: RSA-2048-sign(SHA1, pkcs1)
  Tested: camellia-128
  Tested: camellia-256
  Tested: tdes
 Ctrl Rsp: length 4
 00 00 00 00 
 Ctrl Cmd: length 4
 00 00 00 04 
 Ctrl Rsp: length 8
 00 00 00 00 00 00 00 00 
 Ctrl Cmd: length 8
 00 00 00 05 00 00 00 00 
 Ctrl Rsp: length 4
 00 00 00 00 
 SWTPM_IO_Read: length 12
 80 01 00 00 00 0C 00 00 01 44 00 00 
    IsEnEnabled(0x144 = 'Startup'): 1
 SWTPM_IO_Write: length 10
 80 01 00 00 00 0A 00 00 00 00 
 SWTPM_IO_Read: length 14
 80 01 00 00 00 0E 00 00 01 69 01 80 01 00 
    IsEnEnabled(0x169 = 'NV_ReadPublic'): 1
 SWTPM_IO_Write: length 94
 80 01 00 00 00 5E 00 00 00 00 00 2E 01 80 01 00 
 00 0B 62 04 04 14 00 20 47 CE 30 32 D8 BA D1 F3 
 08 9C B0 C0 90 88 DE 43 50 14 91 D4 60 40 2B 90 
 CD 1B 7F C0 B6 8C A9 2F 00 08 00 22 00 0B C1 0D 
 A5 71 71 0D C0 EF 34 03 98 76 52 A2 A1 AA E0 1C 
 A0 C7 A6 3A 2D 8E DE F2 34 F2 EC AA D3 3D 
 SWTPM_IO_Read: length 14
 80 01 00 00 00 0E 00 00 01 69 01 80 01 01 
    IsEnEnabled(0x169 = 'NV_ReadPublic'): 1
 SWTPM_IO_Write: length 94
 80 01 00 00 00 5E 00 00 00 00 00 2E 01 80 01 01 
 00 0B 62 04 14 04 00 20 47 CE 30 32 D8 BA D1 F3 
 08 9C B0 C0 90 88 DE 43 50 14 91 D4 60 40 2B 90 
 CD 1B 7F C0 B6 8C A9 2F 00 B4 00 22 00 0B 61 A3 
 FC 9A 66 53 70 0A 3F E3 E3 E1 EA 84 C9 69 FD 04 
 5F 2D D7 7B 23 4C E6 CD 3B B8 BF 1A 39 F7 
 SWTPM_IO_Read: length 14
 80 01 00 00 00 0E 00 00 01 69 01 80 01 02 
    IsEnEnabled(0x169 = 'NV_ReadPublic'): 1
 SWTPM_IO_Write: length 94
 80 01 00 00 00 5E 00 00 00 00 00 2E 01 80 01 02 
 00 0B 62 04 14 04 00 20 47 CE 30 32 D8 BA D1 F3 
 08 9C B0 C0 90 88 DE 43 50 14 91 D4 60 40 2B 90 
 CD 1B 7F C0 B6 8C A9 2F 00 B4 00 22 00 0B 2A 9A 
 FE FE 5E 5D 33 57 E1 50 C8 04 FA E1 C4 93 88 0A 
 4A 05 92 CD E3 AD 8C 2D 84 BB 33 07 27 E8 
 SWTPM_IO_Read: length 14
 80 01 00 00 00 0E 00 00 01 69 01 80 01 03 
    IsEnEnabled(0x169 = 'NV_ReadPublic'): 1
 SWTPM_IO_Write: length 94
 80 01 00 00 00 5E 00 00 00 00 00 2E 01 80 01 03 
 00 0B 62 04 04 14 00 20 47 CE 30 32 D8 BA D1 F3 
 08 9C B0 C0 90 88 DE 43 50 14 91 D4 60 40 2B 90 
 CD 1B 7F C0 B6 8C A9 2F 00 08 00 22 00 0B 7A 79 
 C8 38 E2 C0 97 B8 E8 F3 B1 6C DF 2B 76 FD DF 55 
 BB 33 8E 92 22 2B A8 2B 2D 77 F6 EA 6E B0 
 SWTPM_IO_Read: length 14
 80 01 00 00 00 0E 00 00 01 69 01 80 01 04 
    IsEnEnabled(0x169 = 'NV_ReadPublic'): 1
 SWTPM_IO_Write: length 94
 80 01 00 00 00 5E 00 00 00 00 00 2E 01 80 01 04 
 00 0B 62 04 14 04 00 20 47 CE 30 32 D8 BA D1 F3 
 08 9C B0 C0 90 88 DE 43 50 14 91 D4 60 40 2B 90 
 CD 1B 7F C0 B6 8C A9 2F 00 8C 00 22 00 0B 71 EF 
 44 50 1B 87 8C 5C 3C 0A 28 E2 38 93 CD 2B FA 86 
 21 68 21 E8 7D 6B C8 B5 59 BE 8C 97 DC 5D 
 SWTPM_IO_Read: length 14
 80 01 00 00 00 0E 00 00 01 69 01 80 01 05 
    IsEnEnabled(0x169 = 'NV_ReadPublic'): 1
 SWTPM_IO_Write: length 94
 80 01 00 00 00 5E 00 00 00 00 00 2E 01 80 01 05 
 00 0B 62 04 14 04 00 20 47 CE 30 32 D8 BA D1 F3 
 08 9C B0 C0 90 88 DE 43 50 14 91 D4 60 40 2B 90 
 CD 1B 7F C0 B6 8C A9 2F 00 8C 00 22 00 0B 9F 57 
 47 9A 60 C8 7F EF 0C B5 C9 E6 F9 CE 89 60 6D 20 
 21 70 1C 55 93 90 F1 14 82 75 F0 CC F1 D5 
 SWTPM_IO_Read: length 35
 80 02 00 00 00 23 00 00 01 4E 01 80 01 00 01 80 
 01 00 00 00 00 09 40 00 00 09 00 00 00 00 00 00 
 08 00 00 
    IsEnEnabled(0x14e = 'NV_Read'): 1
 SWTPM_IO_Write: length 29
 80 02 00 00 00 1D 00 00 00 00 00 00 00 0A 00 08 
 00 00 00 00 00 00 00 19 00 00 01 00 00 
 SWTPM_IO_Read: length 35
 80 02 00 00 00 23 00 00 01 4E 01 80 01 02 01 80 
 01 02 00 00 00 09 40 00 00 09 00 00 00 00 00 00 
 B4 00 00 
    IsEnEnabled(0x14e = 'NV_Read'): 1
 SWTPM_IO_Write: length 201
 80 02 00 00 00 C9 00 00 00 00 00 00 00 B6 00 B4 
 43 53 45 52 54 50 4D 31 00 01 01 00 00 00 00 00 
 00 00 00 19 F6 A4 B0 7C 1E 17 36 1A A6 2B BC A2 
 C6 57 9B 38 0F DE 43 BE 44 F3 88 24 A3 DB 42 E8 
 28 55 C1 73 00 00 00 00 00 00 00 01 00 00 00 00 
 00 00 00 01 00 00 00 00 00 00 00 03 00 00 00 00 
 00 00 00 01 00 00 00 00 00 00 00 01 00 00 00 00 
 00 00 00 03 00 00 00 00 00 00 00 03 00 00 00 00 
 00 00 00 18 B2 83 B7 6D 36 A9 BD 20 1D C6 6F 30 
 3F 4E 1A 57 A6 1E 29 64 54 ED 56 5D 56 2F 04 73 
 C9 00 C2 9D 7C A3 02 8E F3 00 CC 02 1F 5C 64 7E 
 5F 05 6F 57 9D F1 83 EF D1 70 52 43 6C D0 12 9B 
 7B 8E 33 9D 00 00 01 00 00 
 SWTPM_IO_Read: length 35
 80 02 00 00 00 23 00 00 01 4E 01 80 01 03 01 80 
 01 03 00 00 00 09 40 00 00 09 00 00 00 00 00 00 
 08 00 00 
    IsEnEnabled(0x14e = 'NV_Read'): 1
 SWTPM_IO_Write: length 29
 80 02 00 00 00 1D 00 00 00 00 00 00 00 0A 00 08 
 00 00 00 00 00 00 00 03 00 00 01 00 00 
 SWTPM_IO_Read: length 35
 80 02 00 00 00 23 00 00 01 4E 01 80 01 05 01 80 
 01 05 00 00 00 09 40 00 00 09 00 00 00 00 00 00 
 8C 00 00 
    IsEnEnabled(0x14e = 'NV_Read'): 1
 SWTPM_IO_Write: length 161
 80 02 00 00 00 A1 00 00 00 00 00 00 00 8E 00 8C 
 43 53 45 52 54 50 4D 31 00 01 02 00 00 00 00 00 
 00 00 00 03 F6 A4 B0 7C 1E 17 36 1A A6 2B BC A2 
 C6 57 9B 38 0F DE 43 BE 44 F3 88 24 A3 DB 42 E8 
 28 55 C1 73 00 00 00 00 00 00 00 01 00 00 00 00 
 00 00 00 01 00 00 00 00 00 00 00 03 00 00 00 00 
 00 00 00 01 00 00 00 00 00 00 00 01 00 00 00 00 
 00 00 00 03 00 00 00 00 00 00 00 03 6D E9 0C 81 
 85 BE D7 2E 53 C3 49 AF 88 41 57 D3 5C D9 B9 3C 
 1A C8 A7 70 40 26 09 32 D2 22 DB C3 00 00 01 00 
 00 
 SWTPM_IO_Read: length 14
 80 01 00 00 00 0E 00 00 01 69 01 80 01 00 
    IsEnEnabled(0x169 = 'NV_ReadPublic'): 1
 SWTPM_IO_Write: length 94
 80 01 00 00 00 5E 00 00 00 00 00 2E 01 80 01 00 
 00 0B 62 04 04 14 00 20 47 CE 30 32 D8 BA D1 F3 
 08 9C B0 C0 90 88 DE 43 50 14 91 D4 60 40 2B 90 
 CD 1B 7F C0 B6 8C A9 2F 00 08 00 22 00 0B C1 0D 
 A5 71 71 0D C0 EF 34 03 98 76 52 A2 A1 AA E0 1C 
 A0 C7 A6 3A 2D 8E DE F2 34 F2 EC AA D3 3D 
 SWTPM_IO_Read: length 14
 80 01 00 00 00 0E 00 00 01 69 01 80 01 01 
    IsEnEnabled(0x169 = 'NV_ReadPublic'): 1
 SWTPM_IO_Write: length 94
 80 01 00 00 00 5E 00 00 00 00 00 2E 01 80 01 01 
 00 0B 62 04 14 04 00 20 47 CE 30 32 D8 BA D1 F3 
 08 9C B0 C0 90 88 DE 43 50 14 91 D4 60 40 2B 90 
 CD 1B 7F C0 B6 8C A9 2F 00 B4 00 22 00 0B 61 A3 
 FC 9A 66 53 70 0A 3F E3 E3 E1 EA 84 C9 69 FD 04 
 5F 2D D7 7B 23 4C E6 CD 3B B8 BF 1A 39 F7 
 SWTPM_IO_Read: length 14
 80 01 00 00 00 0E 00 00 01 69 01 80 01 02 
    IsEnEnabled(0x169 = 'NV_ReadPublic'): 1
 SWTPM_IO_Write: length 94
 80 01 00 00 00 5E 00 00 00 00 00 2E 01 80 01 02 
 00 0B 62 04 14 04 00 20 47 CE 30 32 D8 BA D1 F3 
 08 9C B0 C0 90 88 DE 43 50 14 91 D4 60 40 2B 90 
 CD 1B 7F C0 B6 8C A9 2F 00 B4 00 22 00 0B 2A 9A 
 FE FE 5E 5D 33 57 E1 50 C8 04 FA E1 C4 93 88 0A 
 4A 05 92 CD E3 AD 8C 2D 84 BB 33 07 27 E8 
 SWTPM_IO_Read: length 14
 80 01 00 00 00 0E 00 00 01 69 01 80 01 03 
    IsEnEnabled(0x169 = 'NV_ReadPublic'): 1
 SWTPM_IO_Write: length 94
 80 01 00 00 00 5E 00 00 00 00 00 2E 01 80 01 03 
 00 0B 62 04 04 14 00 20 47 CE 30 32 D8 BA D1 F3 
 08 9C B0 C0 90 88 DE 43 50 14 91 D4 60 40 2B 90 
 CD 1B 7F C0 B6 8C A9 2F 00 08 00 22 00 0B 7A 79 
 C8 38 E2 C0 97 B8 E8 F3 B1 6C DF 2B 76 FD DF 55 
 BB 33 8E 92 22 2B A8 2B 2D 77 F6 EA 6E B0 
 SWTPM_IO_Read: length 14
 80 01 00 00 00 0E 00 00 01 69 01 80 01 04 
    IsEnEnabled(0x169 = 'NV_ReadPublic'): 1
 SWTPM_IO_Write: length 94
 80 01 00 00 00 5E 00 00 00 00 00 2E 01 80 01 04 
 00 0B 62 04 14 04 00 20 47 CE 30 32 D8 BA D1 F3 
 08 9C B0 C0 90 88 DE 43 50 14 91 D4 60 40 2B 90 
 CD 1B 7F C0 B6 8C A9 2F 00 8C 00 22 00 0B 71 EF 
 44 50 1B 87 8C 5C 3C 0A 28 E2 38 93 CD 2B FA 86 
 21 68 21 E8 7D 6B C8 B5 59 BE 8C 97 DC 5D 
 SWTPM_IO_Read: length 14
 80 01 00 00 00 0E 00 00 01 69 01 80 01 05 
    IsEnEnabled(0x169 = 'NV_ReadPublic'): 1
 SWTPM_IO_Write: length 94
 80 01 00 00 00 5E 00 00 00 00 00 2E 01 80 01 05 
 00 0B 62 04 14 04 00 20 47 CE 30 32 D8 BA D1 F3 
 08 9C B0 C0 90 88 DE 43 50 14 91 D4 60 40 2B 90 
 CD 1B 7F C0 B6 8C A9 2F 00 8C 00 22 00 0B 9F 57 
 47 9A 60 C8 7F EF 0C B5 C9 E6 F9 CE 89 60 6D 20 
 21 70 1C 55 93 90 F1 14 82 75 F0 CC F1 D5 
 SWTPM_IO_Read: length 35
 80 02 00 00 00 23 00 00 01 4E 01 80 01 00 01 80 
 01 00 00 00 00 09 40 00 00 09 00 00 00 00 00 00 
 08 00 00 
    IsEnEnabled(0x14e = 'NV_Read'): 1
 SWTPM_IO_Write: length 29
 80 02 00 00 00 1D 00 00 00 00 00 00 00 0A 00 08 
 00 00 00 00 00 00 00 19 00 00 01 00 00 
 SWTPM_IO_Read: length 35
 80 02 00 00 00 23 00 00 01 4E 01 80 01 02 01 80 
 01 02 00 00 00 09 40 00 00 09 00 00 00 00 00 00 
 B4 00 00 
    IsEnEnabled(0x14e = 'NV_Read'): 1
 SWTPM_IO_Write: length 201
 80 02 00 00 00 C9 00 00 00 00 00 00 00 B6 00 B4 
 43 53 45 52 54 50 4D 31 00 01 01 00 00 00 00 00 
 00 00 00 19 F6 A4 B0 7C 1E 17 36 1A A6 2B BC A2 
 C6 57 9B 38 0F DE 43 BE 44 F3 88 24 A3 DB 42 E8 
 28 55 C1 73 00 00 00 00 00 00 00 01 00 00 00 00 
 00 00 00 01 00 00 00 00 00 00 00 03 00 00 00 00 
 00 00 00 01 00 00 00 00 00 00 00 01 00 00 00 00 
 00 00 00 03 00 00 00 00 00 00 00 03 00 00 00 00 
 00 00 00 18 B2 83 B7 6D 36 A9 BD 20 1D C6 6F 30 
 3F 4E 1A 57 A6 1E 29 64 54 ED 56 5D 56 2F 04 73 
 C9 00 C2 9D 7C A3 02 8E F3 00 CC 02 1F 5C 64 7E 
 5F 05 6F 57 9D F1 83 EF D1 70 52 43 6C D0 12 9B 
 7B 8E 33 9D 00 00 01 00 00 
 SWTPM_IO_Read: length 35
 80 02 00 00 00 23 00 00 01 4E 01 80 01 03 01 80 
 01 03 00 00 00 09 40 00 00 09 00 00 00 00 00 00 
 08 00 00 
    IsEnEnabled(0x14e = 'NV_Read'): 1
 SWTPM_IO_Write: length 29
 80 02 00 00 00 1D 00 00 00 00 00 00 00 0A 00 08 
 00 00 00 00 00 00 00 03 00 00 01 00 00 
 SWTPM_IO_Read: length 35
 80 02 00 00 00 23 00 00 01 4E 01 80 01 05 01 80 
 01 05 00 00 00 09 40 00 00 09 00 00 00 00 00 00 
 8C 00 00 
    IsEnEnabled(0x14e = 'NV_Read'): 1
 SWTPM_IO_Write: length 161
 80 02 00 00 00 A1 00 00 00 00 00 00 00 8E 00 8C 
 43 53 45 52 54 50 4D 31 00 01 02 00 00 00 00 00 
 00 00 00 03 F6 A4 B0 7C 1E 17 36 1A A6 2B BC A2 
 C6 57 9B 38 0F DE 43 BE 44 F3 88 24 A3 DB 42 E8 
 28 55 C1 73 00 00 00 00 00 00 00 01 00 00 00 00 
 00 00 00 01 00 00 00 00 00 00 00 03 00 00 00 00 
 00 00 00 01 00 00 00 00 00 00 00 01 00 00 00 00 
 00 00 00 03 00 00 00 00 00 00 00 03 6D E9 0C 81 
 85 BE D7 2E 53 C3 49 AF 88 41 57 D3 5C D9 B9 3C 
 1A C8 A7 70 40 26 09 32 D2 22 DB C3 00 00 01 00 
 00 
 SWTPM_IO_Read: length 175
 80 02 00 00 00 AF 00 00 01 37 01 80 01 04 01 80 
 01 04 00 00 00 09 40 00 00 09 00 00 00 00 00 00 
 8C 43 53 45 52 54 50 4D 31 00 01 02 00 00 00 00 
 00 00 00 00 04 F6 A4 B0 7C 1E 17 36 1A A6 2B BC 
 A2 C6 57 9B 38 0F DE 43 BE 44 F3 88 24 A3 DB 42 
 E8 28 55 C1 73 00 00 00 00 00 00 00 01 00 00 00 
 00 00 00 00 01 00 00 00 00 00 00 00 04 00 00 00 
 00 00 00 00 01 00 00 00 00 00 00 00 01 00 00 00 
 00 00 00 00 04 00 00 00 00 00 00 00 04 E2 E2 92 
 A1 FA 33 F8 D0 4B 21 EB 79 7B 43 70 0A 6C 3A F6 
 BC 49 E0 14 4F 0E 71 83 9B 17 75 20 89 00 00 
    IsEnEnabled(0x137 = 'NV_Write'): 1
 SWTPM_IO_Write: length 19
 80 02 00 00 00 13 00 00 00 00 00 00 00 00 00 00 
 01 00 00 
 SWTPM_IO_Read: length 35
 80 02 00 00 00 23 00 00 01 4E 01 80 01 04 01 80 
 01 04 00 00 00 09 40 00 00 09 00 00 00 00 00 00 
 8C 00 00 
    IsEnEnabled(0x14e = 'NV_Read'): 1
 SWTPM_IO_Write: length 161
 80 02 00 00 00 A1 00 00 00 00 00 00 00 8E 00 8C 
 43 53 45 52 54 50 4D 31 00 01 02 00 00 00 00 00 
 00 00 00 04 F6 A4 B0 7C 1E 17 36 1A A6 2B BC A2 
 C6 57 9B 38 0F DE 43 BE 44 F3 88 24 A3 DB 42 E8 
 28 55 C1 73 00 00 00 00 00 00 00 01 00 00 00 00 
 00 00 00 01 00 00 00 00 00 00 00 04 00 00 00 00 
 00 00 00 01 00 00 00 00 00 00 00 01 00 00 00 00 
 00 00 00 04 00 00 00 00 00 00 00 04 E2 E2 92 A1 
 FA 33 F8 D0 4B 21 EB 79 7B 43 70 0A 6C 3A F6 BC 
 49 E0 14 4F 0E 71 83 9B 17 75 20 89 00 00 01 00 
 00 
 SWTPM_IO_Read: length 31
 80 02 00 00 00 1F 00 00 01 34 01 80 01 03 01 80 
 01 03 00 00 00 09 40 00 00 09 00 00 00 00 00 
    IsEnEnabled(0x134 = 'NV_Increment'): 1
 SWTPM_IO_Write: length 19
 80 02 00 00 00 13 00 00 00 00 00 00 00 00 00 00 
 01 00 00 
 SWTPM_IO_Read: length 35
 80 02 00 00 00 23 00 00 01 4E 01 80 01 03 01 80 
 01 03 00 00 00 09 40 00 00 09 00 00 00 00 00 00 
 08 00 00 
    IsEnEnabled(0x14e = 'NV_Read'): 1
 SWTPM_IO_Write: length 29
 80 02 00 00 00 1D 00 00 00 00 00 00 00 0A 00 08 
 00 00 00 00 00 00 00 04 00 00 01 00 00 
 SWTPM_IO_Read: length 14
 80 01 00 00 00 0E 00 00 01 69 01 80 01 00 
    IsEnEnabled(0x169 = 'NV_ReadPublic'): 1
 SWTPM_IO_Write: length 94
 80 01 00 00 00 5E 00 00 00 00 00 2E 01 80 01 00 
 00 0B 62 04 04 14 00 20 47 CE 30 32 D8 BA D1 F3 
 08 9C B0 C0 90 88 DE 43 50 14 91 D4 60 40 2B 90 
 CD 1B 7F C0 B6 8C A9 2F 00 08 00 22 00 0B C1 0D 
 A5 71 71 0D C0 EF 34 03 98 76 52 A2 A1 AA E0 1C 
 A0 C7 A6 3A 2D 8E DE F2 34 F2 EC AA D3 3D 
 SWTPM_IO_Read: length 14
 80 01 00 00 00 0E 00 00 01 69 01 80 01 01 
    IsEnEnabled(0x169 = 'NV_ReadPublic'): 1
 SWTPM_IO_Write: length 94
 80 01 00 00 00 5E 00 00 00 00 00 2E 01 80 01 01 
 00 0B 62 04 14 04 00 20 47 CE 30 32 D8 BA D1 F3 
 08 9C B0 C0 90 88 DE 43 50 14 91 D4 60 40 2B 90 
 CD 1B 7F C0 B6 8C A9 2F 00 B4 00 22 00 0B 61 A3 
 FC 9A 66 53 70 0A 3F E3 E3 E1 EA 84 C9 69 FD 04 
 5F 2D D7 7B 23 4C E6 CD 3B B8 BF 1A 39 F7 
 SWTPM_IO_Read: length 14
 80 01 00 00 00 0E 00 00 01 69 01 80 01 02 
    IsEnEnabled(0x169 = 'NV_ReadPublic'): 1
 SWTPM_IO_Write: length 94
 80 01 00 00 00 5E 00 00 00 00 00 2E 01 80 01 02 
 00 0B 62 04 14 04 00 20 47 CE 30 32 D8 BA D1 F3 
 08 9C B0 C0 90 88 DE 43 50 14 91 D4 60 40 2B 90 
 CD 1B 7F C0 B6 8C A9 2F 00 B4 00 22 00 0B 2A 9A 
 FE FE 5E 5D 33 57 E1 50 C8 04 FA E1 C4 93 88 0A 
 4A 05 92 CD E3 AD 8C 2D 84 BB 33 07 27 E8 
 SWTPM_IO_Read: length 14
 80 01 00 00 00 0E 00 00 01 69 01 80 01 03 
    IsEnEnabled(0x169 = 'NV_ReadPublic'): 1
 SWTPM_IO_Write: length 94
 80 01 00 00 00 5E 00 00 00 00 00 2E 01 80 01 03 
 00 0B 62 04 04 14 00 20 47 CE 30 32 D8 BA D1 F3 
 08 9C B0 C0 90 88 DE 43 50 14 91 D4 60 40 2B 90 
 CD 1B 7F C0 B6 8C A9 2F 00 08 00 22 00 0B 7A 79 
 C8 38 E2 C0 97 B8 E8 F3 B1 6C DF 2B 76 FD DF 55 
 BB 33 8E 92 22 2B A8 2B 2D 77 F6 EA 6E B0 
 SWTPM_IO_Read: length 14
 80 01 00 00 00 0E 00 00 01 69 01 80 01 04 
    IsEnEnabled(0x169 = 'NV_ReadPublic'): 1
 SWTPM_IO_Write: length 94
 80 01 00 00 00 5E 00 00 00 00 00 2E 01 80 01 04 
 00 0B 62 04 14 04 00 20 47 CE 30 32 D8 BA D1 F3 
 08 9C B0 C0 90 88 DE 43 50 14 91 D4 60 40 2B 90 
 CD 1B 7F C0 B6 8C A9 2F 00 8C 00 22 00 0B 71 EF 
 44 50 1B 87 8C 5C 3C 0A 28 E2 38 93 CD 2B FA 86 
 21 68 21 E8 7D 6B C8 B5 59 BE 8C 97 DC 5D 
 SWTPM_IO_Read: length 14
 80 01 00 00 00 0E 00 00 01 69 01 80 01 05 
    IsEnEnabled(0x169 = 'NV_ReadPublic'): 1
 SWTPM_IO_Write: length 94
 80 01 00 00 00 5E 00 00 00 00 00 2E 01 80 01 05 
 00 0B 62 04 14 04 00 20 47 CE 30 32 D8 BA D1 F3 
 08 9C B0 C0 90 88 DE 43 50 14 91 D4 60 40 2B 90 
 CD 1B 7F C0 B6 8C A9 2F 00 8C 00 22 00 0B 9F 57 
 47 9A 60 C8 7F EF 0C B5 C9 E6 F9 CE 89 60 6D 20 
 21 70 1C 55 93 90 F1 14 82 75 F0 CC F1 D5 
 SWTPM_IO_Read: length 35
 80 02 00 00 00 23 00 00 01 4E 01 80 01 00 01 80 
 01 00 00 00 00 09 40 00 00 09 00 00 00 00 00 00 
 08 00 00 
    IsEnEnabled(0x14e = 'NV_Read'): 1
 SWTPM_IO_Write: length 29
 80 02 00 00 00 1D 00 00 00 00 00 00 00 0A 00 08 
 00 00 00 00 00 00 00 19 00 00 01 00 00 
 SWTPM_IO_Read: length 35
 80 02 00 00 00 23 00 00 01 4E 01 80 01 02 01 80 
 01 02 00 00 00 09 40 00 00 09 00 00 00 00 00 00 
 B4 00 00 
    IsEnEnabled(0x14e = 'NV_Read'): 1
 SWTPM_IO_Write: length 201
 80 02 00 00 00 C9 00 00 00 00 00 00 00 B6 00 B4 
 43 53 45 52 54 50 4D 31 00 01 01 00 00 00 00 00 
 00 00 00 19 F6 A4 B0 7C 1E 17 36 1A A6 2B BC A2 
 C6 57 9B 38 0F DE 43 BE 44 F3 88 24 A3 DB 42 E8 
 28 55 C1 73 00 00 00 00 00 00 00 01 00 00 00 00 
 00 00 00 01 00 00 00 00 00 00 00 03 00 00 00 00 
 00 00 00 01 00 00 00 00 00 00 00 01 00 00 00 00 
 00 00 00 03 00 00 00 00 00 00 00 03 00 00 00 00 
 00 00 00 18 B2 83 B7 6D 36 A9 BD 20 1D C6 6F 30 
 3F 4E 1A 57 A6 1E 29 64 54 ED 56 5D 56 2F 04 73 
 C9 00 C2 9D 7C A3 02 8E F3 00 CC 02 1F 5C 64 7E 
 5F 05 6F 57 9D F1 83 EF D1 70 52 43 6C D0 12 9B 
 7B 8E 33 9D 00 00 01 00 00 
 SWTPM_IO_Read: length 35
 80 02 00 00 00 23 00 00 01 4E 01 80 01 03 01 80 
 01 03 00 00 00 09 40 00 00 09 00 00 00 00 00 00 
 08 00 00 
    IsEnEnabled(0x14e = 'NV_Read'): 1
 SWTPM_IO_Write: length 29
 80 02 00 00 00 1D 00 00 00 00 00 00 00 0A 00 08 
 00 00 00 00 00 00 00 04 00 00 01 00 00 
 SWTPM_IO_Read: length 35
 80 02 00 00 00 23 00 00 01 4E 01 80 01 04 01 80 
 01 04 00 00 00 09 40 00 00 09 00 00 00 00 00 00 
 8C 00 00 
    IsEnEnabled(0x14e = 'NV_Read'): 1
 SWTPM_IO_Write: length 161
 80 02 00 00 00 A1 00 00 00 00 00 00 00 8E 00 8C 
 43 53 45 52 54 50 4D 31 00 01 02 00 00 00 00 00 
 00 00 00 04 F6 A4 B0 7C 1E 17 36 1A A6 2B BC A2 
 C6 57 9B 38 0F DE 43 BE 44 F3 88 24 A3 DB 42 E8 
 28 55 C1 73 00 00 00 00 00 00 00 01 00 00 00 00 
 00 00 00 01 00 00 00 00 00 00 00 04 00 00 00 00 
 00 00 00 01 00 00 00 00 00 00 00 01 00 00 00 00 
 00 00 00 04 00 00 00 00 00 00 00 04 E2 E2 92 A1 
 FA 33 F8 D0 4B 21 EB 79 7B 43 70 0A 6C 3A F6 BC 
 49 E0 14 4F 0E 71 83 9B 17 75 20 89 00 00 01 00 
 00 
 SWTPM_IO_Read: length 215
 80 02 00 00 00 D7 00 00 01 37 01 80 01 01 01 80 
 01 01 00 00 00 09 40 00 00 09 00 00 00 00 00 00 
 B4 43 53 45 52 54 50 4D 31 00 01 01 00 00 00 00 
 00 00 00 00 1A F6 A4 B0 7C 1E 17 36 1A A6 2B BC 
 A2 C6 57 9B 38 0F DE 43 BE 44 F3 88 24 A3 DB 42 
 E8 28 55 C1 73 00 00 00 00 00 00 00 01 00 00 00 
 00 00 00 00 01 00 00 00 00 00 00 00 04 00 00 00 
 00 00 00 00 01 00 00 00 00 00 00 00 01 00 00 00 
 00 00 00 00 04 00 00 00 00 00 00 00 04 00 00 00 
 00 00 00 00 19 3D 9D E4 67 EB 89 D0 AF 82 0D D5 
 C5 58 42 E6 F5 3D 3F 23 A5 37 53 F1 EA C9 5A 1C 
 33 39 FD 9E 49 7A B9 DE EF A7 09 33 6D 11 29 F6 
 8A 09 D1 22 96 C4 04 7A BF E9 81 99 49 76 10 0A 
 3C 0E 37 A0 50 00 00 
    IsEnEnabled(0x137 = 'NV_Write'): 1
 SWTPM_IO_Write: length 19
 80 02 00 00 00 13 00 00 00 00 00 00 00 00 00 00 
 01 00 00 
 SWTPM_IO_Read: length 35
 80 02 00 00 00 23 00 00 01 4E 01 80 01 01 01 80 
 01 01 00 00 00 09 40 00 00 09 00 00 00 00 00 00 
 B4 00 00 
    IsEnEnabled(0x14e = 'NV_Read'): 1
 SWTPM_IO_Write: length 201
 80 02 00 00 00 C9 00 00 00 00 00 00 00 B6 00 B4 
 43 53 45 52 54 50 4D 31 00 01 01 00 00 00 00 00 
 00 00 00 1A F6 A4 B0 7C 1E 17 36 1A A6 2B BC A2 
 C6 57 9B 38 0F DE 43 BE 44 F3 88 24 A3 DB 42 E8 
 28 55 C1 73 00 00 00 00 00 00 00 01 00 00 00 00 
 00 00 00 01 00 00 00 00 00 00 00 04 00 00 00 00 
 00 00 00 01 00 00 00 00 00 00 00 01 00 00 00 00 
 00 00 00 04 00 00 00 00 00 00 00 04 00 00 00 00 
 00 00 00 19 3D 9D E4 67 EB 89 D0 AF 82 0D D5 C5 
 58 42 E6 F5 3D 3F 23 A5 37 53 F1 EA C9 5A 1C 33 
 39 FD 9E 49 7A B9 DE EF A7 09 33 6D 11 29 F6 8A 
 09 D1 22 96 C4 04 7A BF E9 81 99 49 76 10 0A 3C 
 0E 37 A0 50 00 00 01 00 00 
 SWTPM_IO_Read: length 31
 80 02 00 00 00 1F 00 00 01 34 01 80 01 00 01 80 
 01 00 00 00 00 09 40 00 00 09 00 00 00 00 00 
    IsEnEnabled(0x134 = 'NV_Increment'): 1
 SWTPM_IO_Write: length 19
 80 02 00 00 00 13 00 00 00 00 00 00 00 00 00 00 
 01 00 00 
 SWTPM_IO_Read: length 35
 80 02 00 00 00 23 00 00 01 4E 01 80 01 00 01 80 
 01 00 00 00 00 09 40 00 00 09 00 00 00 00 00 00 
 08 00 00 
    IsEnEnabled(0x14e = 'NV_Read'): 1
 SWTPM_IO_Write: length 29
 80 02 00 00 00 1D 00 00 00 00 00 00 00 0A 00 08 
 00 00 00 00 00 00 00 1A 00 00 01 00 00 
 SWTPM_IO_Read: length 14
 80 01 00 00 00 0E 00 00 01 69 01 80 01 00 
    IsEnEnabled(0x169 = 'NV_ReadPublic'): 1
 SWTPM_IO_Write: length 94
 80 01 00 00 00 5E 00 00 00 00 00 2E 01 80 01 00 
 00 0B 62 04 04 14 00 20 47 CE 30 32 D8 BA D1 F3 
 08 9C B0 C0 90 88 DE 43 50 14 91 D4 60 40 2B 90 
 CD 1B 7F C0 B6 8C A9 2F 00 08 00 22 00 0B C1 0D 
 A5 71 71 0D C0 EF 34 03 98 76 52 A2 A1 AA E0 1C 
 A0 C7 A6 3A 2D 8E DE F2 34 F2 EC AA D3 3D 
 SWTPM_IO_Read: length 14
 80 01 00 00 00 0E 00 00 01 69 01 80 01 01 
    IsEnEnabled(0x169 = 'NV_ReadPublic'): 1
 SWTPM_IO_Write: length 94
 80 01 00 00 00 5E 00 00 00 00 00 2E 01 80 01 01 
 00 0B 62 04 14 04 00 20 47 CE 30 32 D8 BA D1 F3 
 08 9C B0 C0 90 88 DE 43 50 14 91 D4 60 40 2B 90 
 CD 1B 7F C0 B6 8C A9 2F 00 B4 00 22 00 0B 61 A3 
 FC 9A 66 53 70 0A 3F E3 E3 E1 EA 84 C9 69 FD 04 
 5F 2D D7 7B 23 4C E6 CD 3B B8 BF 1A 39 F7 
 SWTPM_IO_Read: length 14
 80 01 00 00 00 0E 00 00 01 69 01 80 01 02 
    IsEnEnabled(0x169 = 'NV_ReadPublic'): 1
 SWTPM_IO_Write: length 94
 80 01 00 00 00 5E 00 00 00 00 00 2E 01 80 01 02 
 00 0B 62 04 14 04 00 20 47 CE 30 32 D8 BA D1 F3 
 08 9C B0 C0 90 88 DE 43 50 14 91 D4 60 40 2B 90 
 CD 1B 7F C0 B6 8C A9 2F 00 B4 00 22 00 0B 2A 9A 
 FE FE 5E 5D 33 57 E1 50 C8 04 FA E1 C4 93 88 0A 
 4A 05 92 CD E3 AD 8C 2D 84 BB 33 07 27 E8 
 SWTPM_IO_Read: length 14
 80 01 00 00 00 0E 00 00 01 69 01 80 01 03 
    IsEnEnabled(0x169 = 'NV_ReadPublic'): 1
 SWTPM_IO_Write: length 94
 80 01 00 00 00 5E 00 00 00 00 00 2E 01 80 01 03 
 00 0B 62 04 04 14 00 20 47 CE 30 32 D8 BA D1 F3 
 08 9C B0 C0 90 88 DE 43 50 14 91 D4 60 40 2B 90 
 CD 1B 7F C0 B6 8C A9 2F 00 08 00 22 00 0B 7A 79 
 C8 38 E2 C0 97 B8 E8 F3 B1 6C DF 2B 76 FD DF 55 
 BB 33 8E 92 22 2B A8 2B 2D 77 F6 EA 6E B0 
 SWTPM_IO_Read: length 14
 80 01 00 00 00 0E 00 00 01 69 01 80 01 04 
    IsEnEnabled(0x169 = 'NV_ReadPublic'): 1
 SWTPM_IO_Write: length 94
 80 01 00 00 00 5E 00 00 00 00 00 2E 01 80 01 04 
 00 0B 62 04 14 04 00 20 47 CE 30 32 D8 BA D1 F3 
 08 9C B0 C0 90 88 DE 43 50 14 91 D4 60 40 2B 90 
 CD 1B 7F C0 B6 8C A9 2F 00 8C 00 22 00 0B 71 EF 
 44 50 1B 87 8C 5C 3C 0A 28 E2 38 93 CD 2B FA 86 
 21 68 21 E8 7D 6B C8 B5 59 BE 8C 97 DC 5D 
 SWTPM_IO_Read: length 14
 80 01 00 00 00 0E 00 00 01 69 01 80 01 05 
    IsEnEnabled(0x169 = 'NV_ReadPublic'): 1
 SWTPM_IO_Write: length 94
 80 01 00 00 00 5E 00 00 00 00 00 2E 01 80 01 05 
 00 0B 62 04 14 04 00 20 47 CE 30 32 D8 BA D1 F3 
 08 9C B0 C0 90 88 DE 43 50 14 91 D4 60 40 2B 90 
 CD 1B 7F C0 B6 8C A9 2F 00 8C 00 22 00 0B 9F 57 
 47 9A 60 C8 7F EF 0C B5 C9 E6 F9 CE 89 60 6D 20 
 21 70 1C 55 93 90 F1 14 82 75 F0 CC F1 D5 
 SWTPM_IO_Read: length 35
 80 02 00 00 00 23 00 00 01 4E 01 80 01 00 01 80 
 01 00 00 00 00 09 40 00 00 09 00 00 00 00 00 00 
 08 00 00 
    IsEnEnabled(0x14e = 'NV_Read'): 1
 SWTPM_IO_Write: length 29
 80 02 00 00 00 1D 00 00 00 00 00 00 00 0A 00 08 
 00 00 00 00 00 00 00 1A 00 00 01 00 00 
 SWTPM_IO_Read: length 35
 80 02 00 00 00 23 00 00 01 4E 01 80 01 01 01 80 
 01 01 00 00 00 09 40 00 00 09 00 00 00 00 00 00 
 B4 00 00 
    IsEnEnabled(0x14e = 'NV_Read'): 1
 SWTPM_IO_Write: length 201
 80 02 00 00 00 C9 00 00 00 00 00 00 00 B6 00 B4 
 43 53 45 52 54 50 4D 31 00 01 01 00 00 00 00 00 
 00 00 00 1A F6 A4 B0 7C 1E 17 36 1A A6 2B BC A2 
 C6 57 9B 38 0F DE 43 BE 44 F3 88 24 A3 DB 42 E8 
 28 55 C1 73 00 00 00 00 00 00 00 01 00 00 00 00 
 00 00 00 01 00 00 00 00 00 00 00 04 00 00 00 00 
 00 00 00 01 00 00 00 00 00 00 00 01 00 00 00 00 
 00 00 00 04 00 00 00 00 00 00 00 04 00 00 00 00 
 00 00 00 19 3D 9D E4 67 EB 89 D0 AF 82 0D D5 C5 
 58 42 E6 F5 3D 3F 23 A5 37 53 F1 EA C9 5A 1C 33 
 39 FD 9E 49 7A B9 DE EF A7 09 33 6D 11 29 F6 8A 
 09 D1 22 96 C4 04 7A BF E9 81 99 49 76 10 0A 3C 
 0E 37 A0 50 00 00 01 00 00 
 SWTPM_IO_Read: length 35
 80 02 00 00 00 23 00 00 01 4E 01 80 01 03 01 80 
 01 03 00 00 00 09 40 00 00 09 00 00 00 00 00 00 
 08 00 00 
    IsEnEnabled(0x14e = 'NV_Read'): 1
 SWTPM_IO_Write: length 29
 80 02 00 00 00 1D 00 00 00 00 00 00 00 0A 00 08 
 00 00 00 00 00 00 00 04 00 00 01 00 00 
 SWTPM_IO_Read: length 35
 80 02 00 00 00 23 00 00 01 4E 01 80 01 04 01 80 
 01 04 00 00 00 09 40 00 00 09 00 00 00 00 00 00 
 8C 00 00 
    IsEnEnabled(0x14e = 'NV_Read'): 1
 SWTPM_IO_Write: length 161
 80 02 00 00 00 A1 00 00 00 00 00 00 00 8E 00 8C 
 43 53 45 52 54 50 4D 31 00 01 02 00 00 00 00 00 
 00 00 00 04 F6 A4 B0 7C 1E 17 36 1A A6 2B BC A2 
 C6 57 9B 38 0F DE 43 BE 44 F3 88 24 A3 DB 42 E8 
 28 55 C1 73 00 00 00 00 00 00 00 01 00 00 00 00 
 00 00 00 01 00 00 00 00 00 00 00 04 00 00 00 00 
 00 00 00 01 00 00 00 00 00 00 00 01 00 00 00 00 
 00 00 00 04 00 00 00 00 00 00 00 04 E2 E2 92 A1 
 FA 33 F8 D0 4B 21 EB 79 7B 43 70 0A 6C 3A F6 BC 
 49 E0 14 4F 0E 71 83 9B 17 75 20 89 00 00 01 00 
 00 
 SWTPM_IO_Read: length 215
 80 02 00 00 00 D7 00 00 01 37 01 80 01 02 01 80 
 01 02 00 00 00 09 40 00 00 09 00 00 00 00 00 00 
 B4 43 53 45 52 54 50 4D 31 00 01 01 00 00 00 00 
 00 00 00 00 1B F6 A4 B0 7C 1E 17 36 1A A6 2B BC 
 A2 C6 57 9B 38 0F DE 43 BE 44 F3 88 24 A3 DB 42 
 E8 28 55 C1 73 00 00 00 00 00 00 00 01 00 00 00 
 00 00 00 00 01 00 00 00 00 00 00 00 04 00 00 00 
 00 00 00 00 01 00 00 00 00 00 00 00 01 00 00 00 
 00 00 00 00 04 00 00 00 00 00 00 00 04 00 00 00 
 00 00 00 00 1A 53 9A 45 E6 90 B6 D5 08 FF CC F1 
 2E CC 7D 0C A8 C6 A4 19 80 DB CA 8A A8 4A 24 C4 
 78 5A 2C 4A 90 16 01 60 68 FC 75 6E 03 B1 89 16 
 B9 CE 52 B9 95 FE 02 36 91 8E 01 2F 81 F0 49 71 
 C9 C4 15 04 7A 00 00 
    IsEnEnabled(0x137 = 'NV_Write'): 1
 SWTPM_IO_Write: length 19
 80 02 00 00 00 13 00 00 00 00 00 00 00 00 00 00 
 01 00 00 
 SWTPM_IO_Read: length 35
 80 02 00 00 00 23 00 00 01 4E 01 80 01 02 01 80 
 01 02 00 00 00 09 40 00 00 09 00 00 00 00 00 00 
 B4 00 00 
    IsEnEnabled(0x14e = 'NV_Read'): 1
 SWTPM_IO_Write: length 201
 80 02 00 00 00 C9 00 00 00 00 00 00 00 B6 00 B4 
 43 53 45 52 54 50 4D 31 00 01 01 00 00 00 00 00 
 00 00 00 1B F6 A4 B0 7C 1E 17 36 1A A6 2B BC A2 
 C6 57 9B 38 0F DE 43 BE 44 F3 88 24 A3 DB 42 E8 
 28 55 C1 73 00 00 00 00 00 00 00 01 00 00 00 00 
 00 00 00 01 00 00 00 00 00 00 00 04 00 00 00 00 
 00 00 00 01 00 00 00 00 00 00 00 01 00 00 00 00 
 00 00 00 04 00 00 00 00 00 00 00 04 00 00 00 00 
 00 00 00 1A 53 9A 45 E6 90 B6 D5 08 FF CC F1 2E 
 CC 7D 0C A8 C6 A4 19 80 DB CA 8A A8 4A 24 C4 78 
 5A 2C 4A 90 16 01 60 68 FC 75 6E 03 B1 89 16 B9 
 CE 52 B9 95 FE 02 36 91 8E 01 2F 81 F0 49 71 C9 
 C4 15 04 7A 00 00 01 00 00 
 SWTPM_IO_Read: length 31
 80 02 00 00 00 1F 00 00 01 34 01 80 01 00 01 80 
 01 00 00 00 00 09 40 00 00 09 00 00 00 00 00 
    IsEnEnabled(0x134 = 'NV_Increment'): 1
 SWTPM_IO_Write: length 19
 80 02 00 00 00 13 00 00 00 00 00 00 00 00 00 00 
 01 00 00 
 SWTPM_IO_Read: length 35
 80 02 00 00 00 23 00 00 01 4E 01 80 01 00 01 80 
 01 00 00 00 00 09 40 00 00 09 00 00 00 00 00 00 
 08 00 00 
    IsEnEnabled(0x14e = 'NV_Read'): 1
 SWTPM_IO_Write: length 29
 80 02 00 00 00 1D 00 00 00 00 00 00 00 0A 00 08 
 00 00 00 00 00 00 00 1B 00 00 01 00 00 
 SWTPM_IO_Read: length 14
 80 01 00 00 00 0E 00 00 01 69 01 80 01 00 
    IsEnEnabled(0x169 = 'NV_ReadPublic'): 1
 SWTPM_IO_Write: length 94
 80 01 00 00 00 5E 00 00 00 00 00 2E 01 80 01 00 
 00 0B 62 04 04 14 00 20 47 CE 30 32 D8 BA D1 F3 
 08 9C B0 C0 90 88 DE 43 50 14 91 D4 60 40 2B 90 
 CD 1B 7F C0 B6 8C A9 2F 00 08 00 22 00 0B C1 0D 
 A5 71 71 0D C0 EF 34 03 98 76 52 A2 A1 AA E0 1C 
 A0 C7 A6 3A 2D 8E DE F2 34 F2 EC AA D3 3D 
 SWTPM_IO_Read: length 14
 80 01 00 00 00 0E 00 00 01 69 01 80 01 01 
    IsEnEnabled(0x169 = 'NV_ReadPublic'): 1
 SWTPM_IO_Write: length 94
 80 01 00 00 00 5E 00 00 00 00 00 2E 01 80 01 01 
 00 0B 62 04 14 04 00 20 47 CE 30 32 D8 BA D1 F3 
 08 9C B0 C0 90 88 DE 43 50 14 91 D4 60 40 2B 90 
 CD 1B 7F C0 B6 8C A9 2F 00 B4 00 22 00 0B 61 A3 
 FC 9A 66 53 70 0A 3F E3 E3 E1 EA 84 C9 69 FD 04 
 5F 2D D7 7B 23 4C E6 CD 3B B8 BF 1A 39 F7 
 SWTPM_IO_Read: length 14
 80 01 00 00 00 0E 00 00 01 69 01 80 01 02 
    IsEnEnabled(0x169 = 'NV_ReadPublic'): 1
 SWTPM_IO_Write: length 94
 80 01 00 00 00 5E 00 00 00 00 00 2E 01 80 01 02 
 00 0B 62 04 14 04 00 20 47 CE 30 32 D8 BA D1 F3 
 08 9C B0 C0 90 88 DE 43 50 14 91 D4 60 40 2B 90 
 CD 1B 7F C0 B6 8C A9 2F 00 B4 00 22 00 0B 2A 9A 
 FE FE 5E 5D 33 57 E1 50 C8 04 FA E1 C4 93 88 0A 
 4A 05 92 CD E3 AD 8C 2D 84 BB 33 07 27 E8 
 SWTPM_IO_Read: length 14
 80 01 00 00 00 0E 00 00 01 69 01 80 01 03 
    IsEnEnabled(0x169 = 'NV_ReadPublic'): 1
 SWTPM_IO_Write: length 94
 80 01 00 00 00 5E 00 00 00 00 00 2E 01 80 01 03 
 00 0B 62 04 04 14 00 20 47 CE 30 32 D8 BA D1 F3 
 08 9C B0 C0 90 88 DE 43 50 14 91 D4 60 40 2B 90 
 CD 1B 7F C0 B6 8C A9 2F 00 08 00 22 00 0B 7A 79 
 C8 38 E2 C0 97 B8 E8 F3 B1 6C DF 2B 76 FD DF 55 
 BB 33 8E 92 22 2B A8 2B 2D 77 F6 EA 6E B0 
 SWTPM_IO_Read: length 14
 80 01 00 00 00 0E 00 00 01 69 01 80 01 04 
    IsEnEnabled(0x169 = 'NV_ReadPublic'): 1
 SWTPM_IO_Write: length 94
 80 01 00 00 00 5E 00 00 00 00 00 2E 01 80 01 04 
 00 0B 62 04 14 04 00 20 47 CE 30 32 D8 BA D1 F3 
 08 9C B0 C0 90 88 DE 43 50 14 91 D4 60 40 2B 90 
 CD 1B 7F C0 B6 8C A9 2F 00 8C 00 22 00 0B 71 EF 
 44 50 1B 87 8C 5C 3C 0A 28 E2 38 93 CD 2B FA 86 
 21 68 21 E8 7D 6B C8 B5 59 BE 8C 97 DC 5D 
 SWTPM_IO_Read: length 14
 80 01 00 00 00 0E 00 00 01 69 01 80 01 05 
    IsEnEnabled(0x169 = 'NV_ReadPublic'): 1
 SWTPM_IO_Write: length 94
 80 01 00 00 00 5E 00 00 00 00 00 2E 01 80 01 05 
 00 0B 62 04 14 04 00 20 47 CE 30 32 D8 BA D1 F3 
 08 9C B0 C0 90 88 DE 43 50 14 91 D4 60 40 2B 90 
 CD 1B 7F C0 B6 8C A9 2F 00 8C 00 22 00 0B 9F 57 
 47 9A 60 C8 7F EF 0C B5 C9 E6 F9 CE 89 60 6D 20 
 21 70 1C 55 93 90 F1 14 82 75 F0 CC F1 D5 
 SWTPM_IO_Read: length 35
 80 02 00 00 00 23 00 00 01 4E 01 80 01 00 01 80 
 01 00 00 00 00 09 40 00 00 09 00 00 00 00 00 00 
 08 00 00 
    IsEnEnabled(0x14e = 'NV_Read'): 1
 SWTPM_IO_Write: length 29
 80 02 00 00 00 1D 00 00 00 00 00 00 00 0A 00 08 
 00 00 00 00 00 00 00 1B 00 00 01 00 00 
 SWTPM_IO_Read: length 35
 80 02 00 00 00 23 00 00 01 4E 01 80 01 02 01 80 
 01 02 00 00 00 09 40 00 00 09 00 00 00 00 00 00 
 B4 00 00 
    IsEnEnabled(0x14e = 'NV_Read'): 1
 SWTPM_IO_Write: length 201
 80 02 00 00 00 C9 00 00 00 00 00 00 00 B6 00 B4 
 43 53 45 52 54 50 4D 31 00 01 01 00 00 00 00 00 
 00 00 00 1B F6 A4 B0 7C 1E 17 36 1A A6 2B BC A2 
 C6 57 9B 38 0F DE 43 BE 44 F3 88 24 A3 DB 42 E8 
 28 55 C1 73 00 00 00 00 00 00 00 01 00 00 00 00 
 00 00 00 01 00 00 00 00 00 00 00 04 00 00 00 00 
 00 00 00 01 00 00 00 00 00 00 00 01 00 00 00 00 
 00 00 00 04 00 00 00 00 00 00 00 04 00 00 00 00 
 00 00 00 1A 53 9A 45 E6 90 B6 D5 08 FF CC F1 2E 
 CC 7D 0C A8 C6 A4 19 80 DB CA 8A A8 4A 24 C4 78 
 5A 2C 4A 90 16 01 60 68 FC 75 6E 03 B1 89 16 B9 
 CE 52 B9 95 FE 02 36 91 8E 01 2F 81 F0 49 71 C9 
 C4 15 04 7A 00 00 01 00 00 
 SWTPM_IO_Read: length 35
 80 02 00 00 00 23 00 00 01 4E 01 80 01 03 01 80 
 01 03 00 00 00 09 40 00 00 09 00 00 00 00 00 00 
 08 00 00 
    IsEnEnabled(0x14e = 'NV_Read'): 1
 SWTPM_IO_Write: length 29
 80 02 00 00 00 1D 00 00 00 00 00 00 00 0A 00 08 
 00 00 00 00 00 00 00 04 00 00 01 00 00 
 SWTPM_IO_Read: length 35
 80 02 00 00 00 23 00 00 01 4E 01 80 01 04 01 80 
 01 04 00 00 00 09 40 00 00 09 00 00 00 00 00 00 
 8C 00 00 
    IsEnEnabled(0x14e = 'NV_Read'): 1
 SWTPM_IO_Write: length 161
 80 02 00 00 00 A1 00 00 00 00 00 00 00 8E 00 8C 
 43 53 45 52 54 50 4D 31 00 01 02 00 00 00 00 00 
 00 00 00 04 F6 A4 B0 7C 1E 17 36 1A A6 2B BC A2 
 C6 57 9B 38 0F DE 43 BE 44 F3 88 24 A3 DB 42 E8 
 28 55 C1 73 00 00 00 00 00 00 00 01 00 00 00 00 
 00 00 00 01 00 00 00 00 00 00 00 04 00 00 00 00 
 00 00 00 01 00 00 00 00 00 00 00 01 00 00 00 00 
 00 00 00 04 00 00 00 00 00 00 00 04 E2 E2 92 A1 
 FA 33 F8 D0 4B 21 EB 79 7B 43 70 0A 6C 3A F6 BC 
 49 E0 14 4F 0E 71 83 9B 17 75 20 89 00 00 01 00 
 00 
 SWTPM_IO_Read: length 215
 80 02 00 00 00 D7 00 00 01 37 01 80 01 01 01 80 
 01 01 00 00 00 09 40 00 00 09 00 00 00 00 00 00 
 B4 43 53 45 52 54 50 4D 31 00 01 01 00 00 00 00 
 00 00 00 00 1C F6 A4 B0 7C 1E 17 36 1A A6 2B BC 
 A2 C6 57 9B 38 0F DE 43 BE 44 F3 88 24 A3 DB 42 
 E8 28 55 C1 73 00 00 00 00 00 00 00 01 00 00 00 
 00 00 00 00 01 00 00 00 00 00 00 00 04 00 00 00 
 00 00 00 00 01 00 00 00 00 00 00 00 01 00 00 00 
 00 00 00 00 04 00 00 00 00 00 00 00 04 00 00 00 
 00 00 00 00 1B 8F 57 35 00 D9 EC A3 13 37 F3 7A 
 93 54 8E 52 C4 92 09 F3 8A 51 F5 6D 9D C4 43 4A 
 DD 23 5E 0F FF 42 34 5E CA 2B 04 F9 A3 86 A3 19 
 9A 2D 90 F9 D8 CD D4 60 9C 9B B7 62 B0 DF CC 1F 
 7A 7F 38 A3 D8 00 00 
    IsEnEnabled(0x137 = 'NV_Write'): 1
 SWTPM_IO_Write: length 19
 80 02 00 00 00 13 00 00 00 00 00 00 00 00 00 00 
 01 00 00 
 SWTPM_IO_Read: length 35
 80 02 00 00 00 23 00 00 01 4E 01 80 01 01 01 80 
 01 01 00 00 00 09 40 00 00 09 00 00 00 00 00 00 
 B4 00 00 
    IsEnEnabled(0x14e = 'NV_Read'): 1
 SWTPM_IO_Write: length 201
 80 02 00 00 00 C9 00 00 00 00 00 00 00 B6 00 B4 
 43 53 45 52 54 50 4D 31 00 01 01 00 00 00 00 00 
 00 00 00 1C F6 A4 B0 7C 1E 17 36 1A A6 2B BC A2 
 C6 57 9B 38 0F DE 43 BE 44 F3 88 24 A3 DB 42 E8 
 28 55 C1 73 00 00 00 00 00 00 00 01 00 00 00 00 
 00 00 00 01 00 00 00 00 00 00 00 04 00 00 00 00 
 00 00 00 01 00 00 00 00 00 00 00 01 00 00 00 00 
 00 00 00 04 00 00 00 00 00 00 00 04 00 00 00 00 
 00 00 00 1B 8F 57 35 00 D9 EC A3 13 37 F3 7A 93 
 54 8E 52 C4 92 09 F3 8A 51 F5 6D 9D C4 43 4A DD 
 23 5E 0F FF 42 34 5E CA 2B 04 F9 A3 86 A3 19 9A 
 2D 90 F9 D8 CD D4 60 9C 9B B7 62 B0 DF CC 1F 7A 
 7F 38 A3 D8 00 00 01 00 00 
 SWTPM_IO_Read: length 31
 80 02 00 00 00 1F 00 00 01 34 01 80 01 00 01 80 
 01 00 00 00 00 09 40 00 00 09 00 00 00 00 00 
    IsEnEnabled(0x134 = 'NV_Increment'): 1
 SWTPM_IO_Write: length 19
 80 02 00 00 00 13 00 00 00 00 00 00 00 00 00 00 
 01 00 00 
 SWTPM_IO_Read: length 35
 80 02 00 00 00 23 00 00 01 4E 01 80 01 00 01 80 
 01 00 00 00 00 09 40 00 00 09 00 00 00 00 00 00 
 08 00 00 
    IsEnEnabled(0x14e = 'NV_Read'): 1
 SWTPM_IO_Write: length 29
 80 02 00 00 00 1D 00 00 00 00 00 00 00 0A 00 08 
 00 00 00 00 00 00 00 1C 00 00 01 00 00 
 SWTPM_IO_Read: length 14
 80 01 00 00 00 0E 00 00 01 69 01 80 01 00 
    IsEnEnabled(0x169 = 'NV_ReadPublic'): 1
 SWTPM_IO_Write: length 94
 80 01 00 00 00 5E 00 00 00 00 00 2E 01 80 01 00 
 00 0B 62 04 04 14 00 20 47 CE 30 32 D8 BA D1 F3 
 08 9C B0 C0 90 88 DE 43 50 14 91 D4 60 40 2B 90 
 CD 1B 7F C0 B6 8C A9 2F 00 08 00 22 00 0B C1 0D 
 A5 71 71 0D C0 EF 34 03 98 76 52 A2 A1 AA E0 1C 
 A0 C7 A6 3A 2D 8E DE F2 34 F2 EC AA D3 3D 
 SWTPM_IO_Read: length 14
 80 01 00 00 00 0E 00 00 01 69 01 80 01 01 
    IsEnEnabled(0x169 = 'NV_ReadPublic'): 1
 SWTPM_IO_Write: length 94
 80 01 00 00 00 5E 00 00 00 00 00 2E 01 80 01 01 
 00 0B 62 04 14 04 00 20 47 CE 30 32 D8 BA D1 F3 
 08 9C B0 C0 90 88 DE 43 50 14 91 D4 60 40 2B 90 
 CD 1B 7F C0 B6 8C A9 2F 00 B4 00 22 00 0B 61 A3 
 FC 9A 66 53 70 0A 3F E3 E3 E1 EA 84 C9 69 FD 04 
 5F 2D D7 7B 23 4C E6 CD 3B B8 BF 1A 39 F7 
 SWTPM_IO_Read: length 14
 80 01 00 00 00 0E 00 00 01 69 01 80 01 02 
    IsEnEnabled(0x169 = 'NV_ReadPublic'): 1
 SWTPM_IO_Write: length 94
 80 01 00 00 00 5E 00 00 00 00 00 2E 01 80 01 02 
 00 0B 62 04 14 04 00 20 47 CE 30 32 D8 BA D1 F3 
 08 9C B0 C0 90 88 DE 43 50 14 91 D4 60 40 2B 90 
 CD 1B 7F C0 B6 8C A9 2F 00 B4 00 22 00 0B 2A 9A 
 FE FE 5E 5D 33 57 E1 50 C8 04 FA E1 C4 93 88 0A 
 4A 05 92 CD E3 AD 8C 2D 84 BB 33 07 27 E8 
 SWTPM_IO_Read: length 14
 80 01 00 00 00 0E 00 00 01 69 01 80 01 03 
    IsEnEnabled(0x169 = 'NV_ReadPublic'): 1
 SWTPM_IO_Write: length 94
 80 01 00 00 00 5E 00 00 00 00 00 2E 01 80 01 03 
 00 0B 62 04 04 14 00 20 47 CE 30 32 D8 BA D1 F3 
 08 9C B0 C0 90 88 DE 43 50 14 91 D4 60 40 2B 90 
 CD 1B 7F C0 B6 8C A9 2F 00 08 00 22 00 0B 7A 79 
 C8 38 E2 C0 97 B8 E8 F3 B1 6C DF 2B 76 FD DF 55 
 BB 33 8E 92 22 2B A8 2B 2D 77 F6 EA 6E B0 
 SWTPM_IO_Read: length 14
 80 01 00 00 00 0E 00 00 01 69 01 80 01 04 
    IsEnEnabled(0x169 = 'NV_ReadPublic'): 1
 SWTPM_IO_Write: length 94
 80 01 00 00 00 5E 00 00 00 00 00 2E 01 80 01 04 
 00 0B 62 04 14 04 00 20 47 CE 30 32 D8 BA D1 F3 
 08 9C B0 C0 90 88 DE 43 50 14 91 D4 60 40 2B 90 
 CD 1B 7F C0 B6 8C A9 2F 00 8C 00 22 00 0B 71 EF 
 44 50 1B 87 8C 5C 3C 0A 28 E2 38 93 CD 2B FA 86 
 21 68 21 E8 7D 6B C8 B5 59 BE 8C 97 DC 5D 
 SWTPM_IO_Read: length 14
 80 01 00 00 00 0E 00 00 01 69 01 80 01 05 
    IsEnEnabled(0x169 = 'NV_ReadPublic'): 1
 SWTPM_IO_Write: length 94
 80 01 00 00 00 5E 00 00 00 00 00 2E 01 80 01 05 
 00 0B 62 04 14 04 00 20 47 CE 30 32 D8 BA D1 F3 
 08 9C B0 C0 90 88 DE 43 50 14 91 D4 60 40 2B 90 
 CD 1B 7F C0 B6 8C A9 2F 00 8C 00 22 00 0B 9F 57 
 47 9A 60 C8 7F EF 0C B5 C9 E6 F9 CE 89 60 6D 20 
 21 70 1C 55 93 90 F1 14 82 75 F0 CC F1 D5 
 SWTPM_IO_Read: length 35
 80 02 00 00 00 23 00 00 01 4E 01 80 01 00 01 80 
 01 00 00 00 00 09 40 00 00 09 00 00 00 00 00 00 
 08 00 00 
    IsEnEnabled(0x14e = 'NV_Read'): 1
 SWTPM_IO_Write: length 29
 80 02 00 00 00 1D 00 00 00 00 00 00 00 0A 00 08 
 00 00 00 00 00 00 00 1C 00 00 01 00 00 
 SWTPM_IO_Read: length 35
 80 02 00 00 00 23 00 00 01 4E 01 80 01 01 01 80 
 01 01 00 00 00 09 40 00 00 09 00 00 00 00 00 00 
 B4 00 00 
    IsEnEnabled(0x14e = 'NV_Read'): 1
 SWTPM_IO_Write: length 201
 80 02 00 00 00 C9 00 00 00 00 00 00 00 B6 00 B4 
 43 53 45 52 54 50 4D 31 00 01 01 00 00 00 00 00 
 00 00 00 1C F6 A4 B0 7C 1E 17 36 1A A6 2B BC A2 
 C6 57 9B 38 0F DE 43 BE 44 F3 88 24 A3 DB 42 E8 
 28 55 C1 73 00 00 00 00 00 00 00 01 00 00 00 00 
 00 00 00 01 00 00 00 00 00 00 00 04 00 00 00 00 
 00 00 00 01 00 00 00 00 00 00 00 01 00 00 00 00 
 00 00 00 04 00 00 00 00 00 00 00 04 00 00 00 00 
 00 00 00 1B 8F 57 35 00 D9 EC A3 13 37 F3 7A 93 
 54 8E 52 C4 92 09 F3 8A 51 F5 6D 9D C4 43 4A DD 
 23 5E 0F FF 42 34 5E CA 2B 04 F9 A3 86 A3 19 9A 
 2D 90 F9 D8 CD D4 60 9C 9B B7 62 B0 DF CC 1F 7A 
 7F 38 A3 D8 00 00 01 00 00 
 SWTPM_IO_Read: length 35
 80 02 00 00 00 23 00 00 01 4E 01 80 01 03 01 80 
 01 03 00 00 00 09 40 00 00 09 00 00 00 00 00 00 
 08 00 00 
    IsEnEnabled(0x14e = 'NV_Read'): 1
 SWTPM_IO_Write: length 29
 80 02 00 00 00 1D 00 00 00 00 00 00 00 0A 00 08 
 00 00 00 00 00 00 00 04 00 00 01 00 00 
 SWTPM_IO_Read: length 35
 80 02 00 00 00 23 00 00 01 4E 01 80 01 04 01 80 
 01 04 00 00 00 09 40 00 00 09 00 00 00 00 00 00 
 8C 00 00 
    IsEnEnabled(0x14e = 'NV_Read'): 1
 SWTPM_IO_Write: length 161
 80 02 00 00 00 A1 00 00 00 00 00 00 00 8E 00 8C 
 43 53 45 52 54 50 4D 31 00 01 02 00 00 00 00 00 
 00 00 00 04 F6 A4 B0 7C 1E 17 36 1A A6 2B BC A2 
 C6 57 9B 38 0F DE 43 BE 44 F3 88 24 A3 DB 42 E8 
 28 55 C1 73 00 00 00 00 00 00 00 01 00 00 00 00 
 00 00 00 01 00 00 00 00 00 00 00 04 00 00 00 00 
 00 00 00 01 00 00 00 00 00 00 00 01 00 00 00 00 
 00 00 00 04 00 00 00 00 00 00 00 04 E2 E2 92 A1 
 FA 33 F8 D0 4B 21 EB 79 7B 43 70 0A 6C 3A F6 BC 
 49 E0 14 4F 0E 71 83 9B 17 75 20 89 00 00 01 00 
 00 
 SWTPM_IO_Read: length 215
 80 02 00 00 00 D7 00 00 01 37 01 80 01 02 01 80 
 01 02 00 00 00 09 40 00 00 09 00 00 00 00 00 00 
 B4 43 53 45 52 54 50 4D 31 00 01 01 00 00 00 00 
 00 00 00 00 1D F6 A4 B0 7C 1E 17 36 1A A6 2B BC 
 A2 C6 57 9B 38 0F DE 43 BE 44 F3 88 24 A3 DB 42 
 E8 28 55 C1 73 00 00 00 00 00 00 00 01 00 00 00 
 00 00 00 00 01 00 00 00 00 00 00 00 04 00 00 00 
 00 00 00 00 01 00 00 00 00 00 00 00 01 00 00 00 
 00 00 00 00 04 00 00 00 00 00 00 00 04 00 00 00 
 00 00 00 00 1C D7 B5 B9 88 F2 4E EA 88 0E D1 F3 
 F7 99 31 A0 6D 30 99 D3 4C 64 65 3C 66 83 8D 1B 
 08 55 32 96 6D CF F7 EE 7F 74 AE E2 18 83 8D 42 
 B6 D3 FF 0E 78 3F B3 30 DD 8C 5D 93 DF CB 5F D8 
 E6 01 0B 69 29 00 00 
    IsEnEnabled(0x137 = 'NV_Write'): 1
 SWTPM_IO_Write: length 19
 80 02 00 00 00 13 00 00 00 00 00 00 00 00 00 00 
 01 00 00 
 SWTPM_IO_Read: length 35
 80 02 00 00 00 23 00 00 01 4E 01 80 01 02 01 80 
 01 02 00 00 00 09 40 00 00 09 00 00 00 00 00 00 
 B4 00 00 
    IsEnEnabled(0x14e = 'NV_Read'): 1
 SWTPM_IO_Write: length 201
 80 02 00 00 00 C9 00 00 00 00 00 00 00 B6 00 B4 
 43 53 45 52 54 50 4D 31 00 01 01 00 00 00 00 00 
 00 00 00 1D F6 A4 B0 7C 1E 17 36 1A A6 2B BC A2 
 C6 57 9B 38 0F DE 43 BE 44 F3 88 24 A3 DB 42 E8 
 28 55 C1 73 00 00 00 00 00 00 00 01 00 00 00 00 
 00 00 00 01 00 00 00 00 00 00 00 04 00 00 00 00 
 00 00 00 01 00 00 00 00 00 00 00 01 00 00 00 00 
 00 00 00 04 00 00 00 00 00 00 00 04 00 00 00 00 
 00 00 00 1C D7 B5 B9 88 F2 4E EA 88 0E D1 F3 F7 
 99 31 A0 6D 30 99 D3 4C 64 65 3C 66 83 8D 1B 08 
 55 32 96 6D CF F7 EE 7F 74 AE E2 18 83 8D 42 B6 
 D3 FF 0E 78 3F B3 30 DD 8C 5D 93 DF CB 5F D8 E6 
 01 0B 69 29 00 00 01 00 00 
 SWTPM_IO_Read: length 31
 80 02 00 00 00 1F 00 00 01 34 01 80 01 00 01 80 
 01 00 00 00 00 09 40 00 00 09 00 00 00 00 00 
    IsEnEnabled(0x134 = 'NV_Increment'): 1
 SWTPM_IO_Write: length 19
 80 02 00 00 00 13 00 00 00 00 00 00 00 00 00 00 
 01 00 00 
 SWTPM_IO_Read: length 35
 80 02 00 00 00 23 00 00 01 4E 01 80 01 00 01 80 
 01 00 00 00 00 09 40 00 00 09 00 00 00 00 00 00 
 08 00 00 
    IsEnEnabled(0x14e = 'NV_Read'): 1
 SWTPM_IO_Write: length 29
 80 02 00 00 00 1D 00 00 00 00 00 00 00 0A 00 08 
 00 00 00 00 00 00 00 1D 00 00 01 00 00 
 SWTPM_IO_Read: length 14
 80 01 00 00 00 0E 00 00 01 69 01 80 01 00 
    IsEnEnabled(0x169 = 'NV_ReadPublic'): 1
 SWTPM_IO_Write: length 94
 80 01 00 00 00 5E 00 00 00 00 00 2E 01 80 01 00 
 00 0B 62 04 04 14 00 20 47 CE 30 32 D8 BA D1 F3 
 08 9C B0 C0 90 88 DE 43 50 14 91 D4 60 40 2B 90 
 CD 1B 7F C0 B6 8C A9 2F 00 08 00 22 00 0B C1 0D 
 A5 71 71 0D C0 EF 34 03 98 76 52 A2 A1 AA E0 1C 
 A0 C7 A6 3A 2D 8E DE F2 34 F2 EC AA D3 3D 
 SWTPM_IO_Read: length 14
 80 01 00 00 00 0E 00 00 01 69 01 80 01 01 
    IsEnEnabled(0x169 = 'NV_ReadPublic'): 1
 SWTPM_IO_Write: length 94
 80 01 00 00 00 5E 00 00 00 00 00 2E 01 80 01 01 
 00 0B 62 04 14 04 00 20 47 CE 30 32 D8 BA D1 F3 
 08 9C B0 C0 90 88 DE 43 50 14 91 D4 60 40 2B 90 
 CD 1B 7F C0 B6 8C A9 2F 00 B4 00 22 00 0B 61 A3 
 FC 9A 66 53 70 0A 3F E3 E3 E1 EA 84 C9 69 FD 04 
 5F 2D D7 7B 23 4C E6 CD 3B B8 BF 1A 39 F7 
 SWTPM_IO_Read: length 14
 80 01 00 00 00 0E 00 00 01 69 01 80 01 02 
    IsEnEnabled(0x169 = 'NV_ReadPublic'): 1
 SWTPM_IO_Write: length 94
 80 01 00 00 00 5E 00 00 00 00 00 2E 01 80 01 02 
 00 0B 62 04 14 04 00 20 47 CE 30 32 D8 BA D1 F3 
 08 9C B0 C0 90 88 DE 43 50 14 91 D4 60 40 2B 90 
 CD 1B 7F C0 B6 8C A9 2F 00 B4 00 22 00 0B 2A 9A 
 FE FE 5E 5D 33 57 E1 50 C8 04 FA E1 C4 93 88 0A 
 4A 05 92 CD E3 AD 8C 2D 84 BB 33 07 27 E8 
 SWTPM_IO_Read: length 14
 80 01 00 00 00 0E 00 00 01 69 01 80 01 03 
    IsEnEnabled(0x169 = 'NV_ReadPublic'): 1
 SWTPM_IO_Write: length 94
 80 01 00 00 00 5E 00 00 00 00 00 2E 01 80 01 03 
 00 0B 62 04 04 14 00 20 47 CE 30 32 D8 BA D1 F3 
 08 9C B0 C0 90 88 DE 43 50 14 91 D4 60 40 2B 90 
 CD 1B 7F C0 B6 8C A9 2F 00 08 00 22 00 0B 7A 79 
 C8 38 E2 C0 97 B8 E8 F3 B1 6C DF 2B 76 FD DF 55 
 BB 33 8E 92 22 2B A8 2B 2D 77 F6 EA 6E B0 
 SWTPM_IO_Read: length 14
 80 01 00 00 00 0E 00 00 01 69 01 80 01 04 
    IsEnEnabled(0x169 = 'NV_ReadPublic'): 1
 SWTPM_IO_Write: length 94
 80 01 00 00 00 5E 00 00 00 00 00 2E 01 80 01 04 
 00 0B 62 04 14 04 00 20 47 CE 30 32 D8 BA D1 F3 
 08 9C B0 C0 90 88 DE 43 50 14 91 D4 60 40 2B 90 
 CD 1B 7F C0 B6 8C A9 2F 00 8C 00 22 00 0B 71 EF 
 44 50 1B 87 8C 5C 3C 0A 28 E2 38 93 CD 2B FA 86 
 21 68 21 E8 7D 6B C8 B5 59 BE 8C 97 DC 5D 
 SWTPM_IO_Read: length 14
 80 01 00 00 00 0E 00 00 01 69 01 80 01 05 
    IsEnEnabled(0x169 = 'NV_ReadPublic'): 1
 SWTPM_IO_Write: length 94
 80 01 00 00 00 5E 00 00 00 00 00 2E 01 80 01 05 
 00 0B 62 04 14 04 00 20 47 CE 30 32 D8 BA D1 F3 
 08 9C B0 C0 90 88 DE 43 50 14 91 D4 60 40 2B 90 
 CD 1B 7F C0 B6 8C A9 2F 00 8C 00 22 00 0B 9F 57 
 47 9A 60 C8 7F EF 0C B5 C9 E6 F9 CE 89 60 6D 20 
 21 70 1C 55 93 90 F1 14 82 75 F0 CC F1 D5 
 SWTPM_IO_Read: length 35
 80 02 00 00 00 23 00 00 01 4E 01 80 01 00 01 80 
 01 00 00 00 00 09 40 00 00 09 00 00 00 00 00 00 
 08 00 00 
    IsEnEnabled(0x14e = 'NV_Read'): 1
 SWTPM_IO_Write: length 29
 80 02 00 00 00 1D 00 00 00 00 00 00 00 0A 00 08 
 00 00 00 00 00 00 00 1D 00 00 01 00 00 
 SWTPM_IO_Read: length 35
 80 02 00 00 00 23 00 00 01 4E 01 80 01 02 01 80 
 01 02 00 00 00 09 40 00 00 09 00 00 00 00 00 00 
 B4 00 00 
    IsEnEnabled(0x14e = 'NV_Read'): 1
 SWTPM_IO_Write: length 201
 80 02 00 00 00 C9 00 00 00 00 00 00 00 B6 00 B4 
 43 53 45 52 54 50 4D 31 00 01 01 00 00 00 00 00 
 00 00 00 1D F6 A4 B0 7C 1E 17 36 1A A6 2B BC A2 
 C6 57 9B 38 0F DE 43 BE 44 F3 88 24 A3 DB 42 E8 
 28 55 C1 73 00 00 00 00 00 00 00 01 00 00 00 00 
 00 00 00 01 00 00 00 00 00 00 00 04 00 00 00 00 
 00 00 00 01 00 00 00 00 00 00 00 01 00 00 00 00 
 00 00 00 04 00 00 00 00 00 00 00 04 00 00 00 00 
 00 00 00 1C D7 B5 B9 88 F2 4E EA 88 0E D1 F3 F7 
 99 31 A0 6D 30 99 D3 4C 64 65 3C 66 83 8D 1B 08 
 55 32 96 6D CF F7 EE 7F 74 AE E2 18 83 8D 42 B6 
 D3 FF 0E 78 3F B3 30 DD 8C 5D 93 DF CB 5F D8 E6 
 01 0B 69 29 00 00 01 00 00 
 SWTPM_IO_Read: length 35
 80 02 00 00 00 23 00 00 01 4E 01 80 01 03 01 80 
 01 03 00 00 00 09 40 00 00 09 00 00 00 00 00 00 
 08 00 00 
    IsEnEnabled(0x14e = 'NV_Read'): 1
 SWTPM_IO_Write: length 29
 80 02 00 00 00 1D 00 00 00 00 00 00 00 0A 00 08 
 00 00 00 00 00 00 00 04 00 00 01 00 00 
 SWTPM_IO_Read: length 35
 80 02 00 00 00 23 00 00 01 4E 01 80 01 04 01 80 
 01 04 00 00 00 09 40 00 00 09 00 00 00 00 00 00 
 8C 00 00 
    IsEnEnabled(0x14e = 'NV_Read'): 1
 SWTPM_IO_Write: length 161
 80 02 00 00 00 A1 00 00 00 00 00 00 00 8E 00 8C 
 43 53 45 52 54 50 4D 31 00 01 02 00 00 00 00 00 
 00 00 00 04 F6 A4 B0 7C 1E 17 36 1A A6 2B BC A2 
 C6 57 9B 38 0F DE 43 BE 44 F3 88 24 A3 DB 42 E8 
 28 55 C1 73 00 00 00 00 00 00 00 01 00 00 00 00 
 00 00 00 01 00 00 00 00 00 00 00 04 00 00 00 00 
 00 00 00 01 00 00 00 00 00 00 00 01 00 00 00 00 
 00 00 00 04 00 00 00 00 00 00 00 04 E2 E2 92 A1 
 FA 33 F8 D0 4B 21 EB 79 7B 43 70 0A 6C 3A F6 BC 
 49 E0 14 4F 0E 71 83 9B 17 75 20 89 00 00 01 00 
 00 
 SWTPM_IO_Read: length 215
 80 02 00 00 00 D7 00 00 01 37 01 80 01 01 01 80 
 01 01 00 00 00 09 40 00 00 09 00 00 00 00 00 00 
 B4 43 53 45 52 54 50 4D 31 00 01 01 00 00 00 00 
 00 00 00 00 1E F6 A4 B0 7C 1E 17 36 1A A6 2B BC 
 A2 C6 57 9B 38 0F DE 43 BE 44 F3 88 24 A3 DB 42 
 E8 28 55 C1 73 00 00 00 00 00 00 00 01 00 00 00 
 00 00 00 00 01 00 00 00 00 00 00 00 04 00 00 00 
 00 00 00 00 01 00 00 00 00 00 00 00 01 00 00 00 
 00 00 00 00 04 00 00 00 00 00 00 00 04 00 00 00 
 00 00 00 00 1D DA D3 84 31 39 45 26 3D E4 A9 2A 
 0A 78 0B EC 0C 9C 39 36 B5 78 4E 16 43 64 2E BD 
 46 02 D0 15 1D F3 E9 74 E3 D8 C6 50 C0 5A 8C C9 
 9E E0 7A 02 88 AD 52 DF 99 49 F7 E4 E7 C4 C1 E6 
 D6 58 2A 85 8A 00 00 
    IsEnEnabled(0x137 = 'NV_Write'): 1
 SWTPM_IO_Write: length 19
 80 02 00 00 00 13 00 00 00 00 00 00 00 00 00 00 
 01 00 00 
 SWTPM_IO_Read: length 35
 80 02 00 00 00 23 00 00 01 4E 01 80 01 01 01 80 
 01 01 00 00 00 09 40 00 00 09 00 00 00 00 00 00 
 B4 00 00 
    IsEnEnabled(0x14e = 'NV_Read'): 1
 SWTPM_IO_Write: length 201
 80 02 00 00 00 C9 00 00 00 00 00 00 00 B6 00 B4 
 43 53 45 52 54 50 4D 31 00 01 01 00 00 00 00 00 
 00 00 00 1E F6 A4 B0 7C 1E 17 36 1A A6 2B BC A2 
 C6 57 9B 38 0F DE 43 BE 44 F3 88 24 A3 DB 42 E8 
 28 55 C1 73 00 00 00 00 00 00 00 01 00 00 00 00 
 00 00 00 01 00 00 00 00 00 00 00 04 00 00 00 00 
 00 00 00 01 00 00 00 00 00 00 00 01 00 00 00 00 
 00 00 00 04 00 00 00 00 00 00 00 04 00 00 00 00 
 00 00 00 1D DA D3 84 31 39 45 26 3D E4 A9 2A 0A 
 78 0B EC 0C 9C 39 36 B5 78 4E 16 43 64 2E BD 46 
 02 D0 15 1D F3 E9 74 E3 D8 C6 50 C0 5A 8C C9 9E 
 E0 7A 02 88 AD 52 DF 99 49 F7 E4 E7 C4 C1 E6 D6 
 58 2A 85 8A 00 00 01 00 00 
 SWTPM_IO_Read: length 31
 80 02 00 00 00 1F 00 00 01 34 01 80 01 00 01 80 
 01 00 00 00 00 09 40 00 00 09 00 00 00 00 00 
    IsEnEnabled(0x134 = 'NV_Increment'): 1
 SWTPM_IO_Write: length 19
 80 02 00 00 00 13 00 00 00 00 00 00 00 00 00 00 
 01 00 00 
 SWTPM_IO_Read: length 35
 80 02 00 00 00 23 00 00 01 4E 01 80 01 00 01 80 
 01 00 00 00 00 09 40 00 00 09 00 00 00 00 00 00 
 08 00 00 
    IsEnEnabled(0x14e = 'NV_Read'): 1
 SWTPM_IO_Write: length 29
 80 02 00 00 00 1D 00 00 00 00 00 00 00 0A 00 08 
 00 00 00 00 00 00 00 1E 00 00 01 00 00 
 SWTPM_IO_Read: length 14
 80 01 00 00 00 0E 00 00 01 69 01 80 01 00 
    IsEnEnabled(0x169 = 'NV_ReadPublic'): 1
 SWTPM_IO_Write: length 94
 80 01 00 00 00 5E 00 00 00 00 00 2E 01 80 01 00 
 00 0B 62 04 04 14 00 20 47 CE 30 32 D8 BA D1 F3 
 08 9C B0 C0 90 88 DE 43 50 14 91 D4 60 40 2B 90 
 CD 1B 7F C0 B6 8C A9 2F 00 08 00 22 00 0B C1 0D 
 A5 71 71 0D C0 EF 34 03 98 76 52 A2 A1 AA E0 1C 
 A0 C7 A6 3A 2D 8E DE F2 34 F2 EC AA D3 3D 
 SWTPM_IO_Read: length 14
 80 01 00 00 00 0E 00 00 01 69 01 80 01 01 
    IsEnEnabled(0x169 = 'NV_ReadPublic'): 1
 SWTPM_IO_Write: length 94
 80 01 00 00 00 5E 00 00 00 00 00 2E 01 80 01 01 
 00 0B 62 04 14 04 00 20 47 CE 30 32 D8 BA D1 F3 
 08 9C B0 C0 90 88 DE 43 50 14 91 D4 60 40 2B 90 
 CD 1B 7F C0 B6 8C A9 2F 00 B4 00 22 00 0B 61 A3 
 FC 9A 66 53 70 0A 3F E3 E3 E1 EA 84 C9 69 FD 04 
 5F 2D D7 7B 23 4C E6 CD 3B B8 BF 1A 39 F7 
 SWTPM_IO_Read: length 14
 80 01 00 00 00 0E 00 00 01 69 01 80 01 02 
    IsEnEnabled(0x169 = 'NV_ReadPublic'): 1
 SWTPM_IO_Write: length 94
 80 01 00 00 00 5E 00 00 00 00 00 2E 01 80 01 02 
 00 0B 62 04 14 04 00 20 47 CE 30 32 D8 BA D1 F3 
 08 9C B0 C0 90 88 DE 43 50 14 91 D4 60 40 2B 90 
 CD 1B 7F C0 B6 8C A9 2F 00 B4 00 22 00 0B 2A 9A 
 FE FE 5E 5D 33 57 E1 50 C8 04 FA E1 C4 93 88 0A 
 4A 05 92 CD E3 AD 8C 2D 84 BB 33 07 27 E8 
 SWTPM_IO_Read: length 14
 80 01 00 00 00 0E 00 00 01 69 01 80 01 03 
    IsEnEnabled(0x169 = 'NV_ReadPublic'): 1
 SWTPM_IO_Write: length 94
 80 01 00 00 00 5E 00 00 00 00 00 2E 01 80 01 03 
 00 0B 62 04 04 14 00 20 47 CE 30 32 D8 BA D1 F3 
 08 9C B0 C0 90 88 DE 43 50 14 91 D4 60 40 2B 90 
 CD 1B 7F C0 B6 8C A9 2F 00 08 00 22 00 0B 7A 79 
 C8 38 E2 C0 97 B8 E8 F3 B1 6C DF 2B 76 FD DF 55 
 BB 33 8E 92 22 2B A8 2B 2D 77 F6 EA 6E B0 
 SWTPM_IO_Read: length 14
 80 01 00 00 00 0E 00 00 01 69 01 80 01 04 
    IsEnEnabled(0x169 = 'NV_ReadPublic'): 1
 SWTPM_IO_Write: length 94
 80 01 00 00 00 5E 00 00 00 00 00 2E 01 80 01 04 
 00 0B 62 04 14 04 00 20 47 CE 30 32 D8 BA D1 F3 
 08 9C B0 C0 90 88 DE 43 50 14 91 D4 60 40 2B 90 
 CD 1B 7F C0 B6 8C A9 2F 00 8C 00 22 00 0B 71 EF 
 44 50 1B 87 8C 5C 3C 0A 28 E2 38 93 CD 2B FA 86 
 21 68 21 E8 7D 6B C8 B5 59 BE 8C 97 DC 5D 
 SWTPM_IO_Read: length 14
 80 01 00 00 00 0E 00 00 01 69 01 80 01 05 
    IsEnEnabled(0x169 = 'NV_ReadPublic'): 1
 SWTPM_IO_Write: length 94
 80 01 00 00 00 5E 00 00 00 00 00 2E 01 80 01 05 
 00 0B 62 04 14 04 00 20 47 CE 30 32 D8 BA D1 F3 
 08 9C B0 C0 90 88 DE 43 50 14 91 D4 60 40 2B 90 
 CD 1B 7F C0 B6 8C A9 2F 00 8C 00 22 00 0B 9F 57 
 47 9A 60 C8 7F EF 0C B5 C9 E6 F9 CE 89 60 6D 20 
 21 70 1C 55 93 90 F1 14 82 75 F0 CC F1 D5 
 SWTPM_IO_Read: length 35
 80 02 00 00 00 23 00 00 01 4E 01 80 01 00 01 80 
 01 00 00 00 00 09 40 00 00 09 00 00 00 00 00 00 
 08 00 00 
    IsEnEnabled(0x14e = 'NV_Read'): 1
 SWTPM_IO_Write: length 29
 80 02 00 00 00 1D 00 00 00 00 00 00 00 0A 00 08 
 00 00 00 00 00 00 00 1E 00 00 01 00 00 
 SWTPM_IO_Read: length 35
 80 02 00 00 00 23 00 00 01 4E 01 80 01 01 01 80 
 01 01 00 00 00 09 40 00 00 09 00 00 00 00 00 00 
 B4 00 00 
    IsEnEnabled(0x14e = 'NV_Read'): 1
 SWTPM_IO_Write: length 201
 80 02 00 00 00 C9 00 00 00 00 00 00 00 B6 00 B4 
 43 53 45 52 54 50 4D 31 00 01 01 00 00 00 00 00 
 00 00 00 1E F6 A4 B0 7C 1E 17 36 1A A6 2B BC A2 
 C6 57 9B 38 0F DE 43 BE 44 F3 88 24 A3 DB 42 E8 
 28 55 C1 73 00 00 00 00 00 00 00 01 00 00 00 00 
 00 00 00 01 00 00 00 00 00 00 00 04 00 00 00 00 
 00 00 00 01 00 00 00 00 00 00 00 01 00 00 00 00 
 00 00 00 04 00 00 00 00 00 00 00 04 00 00 00 00 
 00 00 00 1D DA D3 84 31 39 45 26 3D E4 A9 2A 0A 
 78 0B EC 0C 9C 39 36 B5 78 4E 16 43 64 2E BD 46 
 02 D0 15 1D F3 E9 74 E3 D8 C6 50 C0 5A 8C C9 9E 
 E0 7A 02 88 AD 52 DF 99 49 F7 E4 E7 C4 C1 E6 D6 
 58 2A 85 8A 00 00 01 00 00 
 SWTPM_IO_Read: length 35
 80 02 00 00 00 23 00 00 01 4E 01 80 01 03 01 80 
 01 03 00 00 00 09 40 00 00 09 00 00 00 00 00 00 
 08 00 00 
    IsEnEnabled(0x14e = 'NV_Read'): 1
 SWTPM_IO_Write: length 29
 80 02 00 00 00 1D 00 00 00 00 00 00 00 0A 00 08 
 00 00 00 00 00 00 00 04 00 00 01 00 00 
 SWTPM_IO_Read: length 35
 80 02 00 00 00 23 00 00 01 4E 01 80 01 04 01 80 
 01 04 00 00 00 09 40 00 00 09 00 00 00 00 00 00 
 8C 00 00 
    IsEnEnabled(0x14e = 'NV_Read'): 1
 SWTPM_IO_Write: length 161
 80 02 00 00 00 A1 00 00 00 00 00 00 00 8E 00 8C 
 43 53 45 52 54 50 4D 31 00 01 02 00 00 00 00 00 
 00 00 00 04 F6 A4 B0 7C 1E 17 36 1A A6 2B BC A2 
 C6 57 9B 38 0F DE 43 BE 44 F3 88 24 A3 DB 42 E8 
 28 55 C1 73 00 00 00 00 00 00 00 01 00 00 00 00 
 00 00 00 01 00 00 00 00 00 00 00 04 00 00 00 00 
 00 00 00 01 00 00 00 00 00 00 00 01 00 00 00 00 
 00 00 00 04 00 00 00 00 00 00 00 04 E2 E2 92 A1 
 FA 33 F8 D0 4B 21 EB 79 7B 43 70 0A 6C 3A F6 BC 
 49 E0 14 4F 0E 71 83 9B 17 75 20 89 00 00 01 00 
 00 
 SWTPM_IO_Read: length 215
 80 02 00 00 00 D7 00 00 01 37 01 80 01 02 01 80 
 01 02 00 00 00 09 40 00 00 09 00 00 00 00 00 00 
 B4 43 53 45 52 54 50 4D 31 00 01 01 00 00 00 00 
 00 00 00 00 1F F6 A4 B0 7C 1E 17 36 1A A6 2B BC 
 A2 C6 57 9B 38 0F DE 43 BE 44 F3 88 24 A3 DB 42 
 E8 28 55 C1 73 00 00 00 00 00 00 00 01 00 00 00 
 00 00 00 00 01 00 00 00 00 00 00 00 04 00 00 00 
 00 00 00 00 01 00 00 00 00 00 00 00 01 00 00 00 
 00 00 00 00 04 00 00 00 00 00 00 00 04 00 00 00 
 00 00 00 00 1E 59 49 AC 19 F9 83 15 36 0E 03 FD 
 DB 1B AC 39 E0 EE A4 B2 5D 8B 14 97 BF A9 F7 82 
 80 5D FD B4 1A E8 59 69 76 46 97 4F 99 07 28 BD 
 AF 16 1A 96 FE 25 51 28 9C 03 97 B5 10 6E 15 FA 
 5F 7B 92 46 81 00 00 
    IsEnEnabled(0x137 = 'NV_Write'): 1
 SWTPM_IO_Write: length 19
 80 02 00 00 00 13 00 00 00 00 00 00 00 00 00 00 
 01 00 00 
 SWTPM_IO_Read: length 35
 80 02 00 00 00 23 00 00 01 4E 01 80 01 02 01 80 
 01 02 00 00 00 09 40 00 00 09 00 00 00 00 00 00 
 B4 00 00 
    IsEnEnabled(0x14e = 'NV_Read'): 1
 SWTPM_IO_Write: length 201
 80 02 00 00 00 C9 00 00 00 00 00 00 00 B6 00 B4 
 43 53 45 52 54 50 4D 31 00 01 01 00 00 00 00 00 
 00 00 00 1F F6 A4 B0 7C 1E 17 36 1A A6 2B BC A2 
 C6 57 9B 38 0F DE 43 BE 44 F3 88 24 A3 DB 42 E8 
 28 55 C1 73 00 00 00 00 00 00 00 01 00 00 00 00 
 00 00 00 01 00 00 00 00 00 00 00 04 00 00 00 00 
 00 00 00 01 00 00 00 00 00 00 00 01 00 00 00 00 
 00 00 00 04 00 00 00 00 00 00 00 04 00 00 00 00 
 00 00 00 1E 59 49 AC 19 F9 83 15 36 0E 03 FD DB 
 1B AC 39 E0 EE A4 B2 5D 8B 14 97 BF A9 F7 82 80 
 5D FD B4 1A E8 59 69 76 46 97 4F 99 07 28 BD AF 
 16 1A 96 FE 25 51 28 9C 03 97 B5 10 6E 15 FA 5F 
 7B 92 46 81 00 00 01 00 00 
 SWTPM_IO_Read: length 31
 80 02 00 00 00 1F 00 00 01 34 01 80 01 00 01 80 
 01 00 00 00 00 09 40 00 00 09 00 00 00 00 00 
    IsEnEnabled(0x134 = 'NV_Increment'): 1
 SWTPM_IO_Write: length 19
 80 02 00 00 00 13 00 00 00 00 00 00 00 00 00 00 
 01 00 00 
 SWTPM_IO_Read: length 35
 80 02 00 00 00 23 00 00 01 4E 01 80 01 00 01 80 
 01 00 00 00 00 09 40 00 00 09 00 00 00 00 00 00 
 08 00 00 
    IsEnEnabled(0x14e = 'NV_Read'): 1
 SWTPM_IO_Write: length 29
 80 02 00 00 00 1D 00 00 00 00 00 00 00 0A 00 08 
 00 00 00 00 00 00 00 1F 00 00 01 00 00 
 SWTPM_IO_Read: length 14
 80 01 00 00 00 0E 00 00 01 69 01 80 01 00 
    IsEnEnabled(0x169 = 'NV_ReadPublic'): 1
 SWTPM_IO_Write: length 94
 80 01 00 00 00 5E 00 00 00 00 00 2E 01 80 01 00 
 00 0B 62 04 04 14 00 20 47 CE 30 32 D8 BA D1 F3 
 08 9C B0 C0 90 88 DE 43 50 14 91 D4 60 40 2B 90 
 CD 1B 7F C0 B6 8C A9 2F 00 08 00 22 00 0B C1 0D 
 A5 71 71 0D C0 EF 34 03 98 76 52 A2 A1 AA E0 1C 
 A0 C7 A6 3A 2D 8E DE F2 34 F2 EC AA D3 3D 
 SWTPM_IO_Read: length 14
 80 01 00 00 00 0E 00 00 01 69 01 80 01 01 
    IsEnEnabled(0x169 = 'NV_ReadPublic'): 1
 SWTPM_IO_Write: length 94
 80 01 00 00 00 5E 00 00 00 00 00 2E 01 80 01 01 
 00 0B 62 04 14 04 00 20 47 CE 30 32 D8 BA D1 F3 
 08 9C B0 C0 90 88 DE 43 50 14 91 D4 60 40 2B 90 
 CD 1B 7F C0 B6 8C A9 2F 00 B4 00 22 00 0B 61 A3 
 FC 9A 66 53 70 0A 3F E3 E3 E1 EA 84 C9 69 FD 04 
 5F 2D D7 7B 23 4C E6 CD 3B B8 BF 1A 39 F7 
 SWTPM_IO_Read: length 14
 80 01 00 00 00 0E 00 00 01 69 01 80 01 02 
    IsEnEnabled(0x169 = 'NV_ReadPublic'): 1
 SWTPM_IO_Write: length 94
 80 01 00 00 00 5E 00 00 00 00 00 2E 01 80 01 02 
 00 0B 62 04 14 04 00 20 47 CE 30 32 D8 BA D1 F3 
 08 9C B0 C0 90 88 DE 43 50 14 91 D4 60 40 2B 90 
 CD 1B 7F C0 B6 8C A9 2F 00 B4 00 22 00 0B 2A 9A 
 FE FE 5E 5D 33 57 E1 50 C8 04 FA E1 C4 93 88 0A 
 4A 05 92 CD E3 AD 8C 2D 84 BB 33 07 27 E8 
 SWTPM_IO_Read: length 14
 80 01 00 00 00 0E 00 00 01 69 01 80 01 03 
    IsEnEnabled(0x169 = 'NV_ReadPublic'): 1
 SWTPM_IO_Write: length 94
 80 01 00 00 00 5E 00 00 00 00 00 2E 01 80 01 03 
 00 0B 62 04 04 14 00 20 47 CE 30 32 D8 BA D1 F3 
 08 9C B0 C0 90 88 DE 43 50 14 91 D4 60 40 2B 90 
 CD 1B 7F C0 B6 8C A9 2F 00 08 00 22 00 0B 7A 79 
 C8 38 E2 C0 97 B8 E8 F3 B1 6C DF 2B 76 FD DF 55 
 BB 33 8E 92 22 2B A8 2B 2D 77 F6 EA 6E B0 
 SWTPM_IO_Read: length 14
 80 01 00 00 00 0E 00 00 01 69 01 80 01 04 
    IsEnEnabled(0x169 = 'NV_ReadPublic'): 1
 SWTPM_IO_Write: length 94
 80 01 00 00 00 5E 00 00 00 00 00 2E 01 80 01 04 
 00 0B 62 04 14 04 00 20 47 CE 30 32 D8 BA D1 F3 
 08 9C B0 C0 90 88 DE 43 50 14 91 D4 60 40 2B 90 
 CD 1B 7F C0 B6 8C A9 2F 00 8C 00 22 00 0B 71 EF 
 44 50 1B 87 8C 5C 3C 0A 28 E2 38 93 CD 2B FA 86 
 21 68 21 E8 7D 6B C8 B5 59 BE 8C 97 DC 5D 
 SWTPM_IO_Read: length 14
 80 01 00 00 00 0E 00 00 01 69 01 80 01 05 
    IsEnEnabled(0x169 = 'NV_ReadPublic'): 1
 SWTPM_IO_Write: length 94
 80 01 00 00 00 5E 00 00 00 00 00 2E 01 80 01 05 
 00 0B 62 04 14 04 00 20 47 CE 30 32 D8 BA D1 F3 
 08 9C B0 C0 90 88 DE 43 50 14 91 D4 60 40 2B 90 
 CD 1B 7F C0 B6 8C A9 2F 00 8C 00 22 00 0B 9F 57 
 47 9A 60 C8 7F EF 0C B5 C9 E6 F9 CE 89 60 6D 20 
 21 70 1C 55 93 90 F1 14 82 75 F0 CC F1 D5 
 SWTPM_IO_Read: length 35
 80 02 00 00 00 23 00 00 01 4E 01 80 01 00 01 80 
 01 00 00 00 00 09 40 00 00 09 00 00 00 00 00 00 
 08 00 00 
    IsEnEnabled(0x14e = 'NV_Read'): 1
 SWTPM_IO_Write: length 29
 80 02 00 00 00 1D 00 00 00 00 00 00 00 0A 00 08 
 00 00 00 00 00 00 00 1F 00 00 01 00 00 
 SWTPM_IO_Read: length 35
 80 02 00 00 00 23 00 00 01 4E 01 80 01 02 01 80 
 01 02 00 00 00 09 40 00 00 09 00 00 00 00 00 00 
 B4 00 00 
    IsEnEnabled(0x14e = 'NV_Read'): 1
 SWTPM_IO_Write: length 201
 80 02 00 00 00 C9 00 00 00 00 00 00 00 B6 00 B4 
 43 53 45 52 54 50 4D 31 00 01 01 00 00 00 00 00 
 00 00 00 1F F6 A4 B0 7C 1E 17 36 1A A6 2B BC A2 
 C6 57 9B 38 0F DE 43 BE 44 F3 88 24 A3 DB 42 E8 
 28 55 C1 73 00 00 00 00 00 00 00 01 00 00 00 00 
 00 00 00 01 00 00 00 00 00 00 00 04 00 00 00 00 
 00 00 00 01 00 00 00 00 00 00 00 01 00 00 00 00 
 00 00 00 04 00 00 00 00 00 00 00 04 00 00 00 00 
 00 00 00 1E 59 49 AC 19 F9 83 15 36 0E 03 FD DB 
 1B AC 39 E0 EE A4 B2 5D 8B 14 97 BF A9 F7 82 80 
 5D FD B4 1A E8 59 69 76 46 97 4F 99 07 28 BD AF 
 16 1A 96 FE 25 51 28 9C 03 97 B5 10 6E 15 FA 5F 
 7B 92 46 81 00 00 01 00 00 
 SWTPM_IO_Read: length 35
 80 02 00 00 00 23 00 00 01 4E 01 80 01 03 01 80 
 01 03 00 00 00 09 40 00 00 09 00 00 00 00 00 00 
 08 00 00 
    IsEnEnabled(0x14e = 'NV_Read'): 1
 SWTPM_IO_Write: length 29
 80 02 00 00 00 1D 00 00 00 00 00 00 00 0A 00 08 
 00 00 00 00 00 00 00 04 00 00 01 00 00 
 SWTPM_IO_Read: length 35
 80 02 00 00 00 23 00 00 01 4E 01 80 01 04 01 80 
 01 04 00 00 00 09 40 00 00 09 00 00 00 00 00 00 
 8C 00 00 
    IsEnEnabled(0x14e = 'NV_Read'): 1
 SWTPM_IO_Write: length 161
 80 02 00 00 00 A1 00 00 00 00 00 00 00 8E 00 8C 
 43 53 45 52 54 50 4D 31 00 01 02 00 00 00 00 00 
 00 00 00 04 F6 A4 B0 7C 1E 17 36 1A A6 2B BC A2 
 C6 57 9B 38 0F DE 43 BE 44 F3 88 24 A3 DB 42 E8 
 28 55 C1 73 00 00 00 00 00 00 00 01 00 00 00 00 
 00 00 00 01 00 00 00 00 00 00 00 04 00 00 00 00 
 00 00 00 01 00 00 00 00 00 00 00 01 00 00 00 00 
 00 00 00 04 00 00 00 00 00 00 00 04 E2 E2 92 A1 
 FA 33 F8 D0 4B 21 EB 79 7B 43 70 0A 6C 3A F6 BC 
 49 E0 14 4F 0E 71 83 9B 17 75 20 89 00 00 01 00 
 00 
 SWTPM_IO_Read: length 215
 80 02 00 00 00 D7 00 00 01 37 01 80 01 01 01 80 
 01 01 00 00 00 09 40 00 00 09 00 00 00 00 00 00 
 B4 43 53 45 52 54 50 4D 31 00 01 01 00 00 00 00 
 00 00 00 00 20 F6 A4 B0 7C 1E 17 36 1A A6 2B BC 
 A2 C6 57 9B 38 0F DE 43 BE 44 F3 88 24 A3 DB 42 
 E8 28 55 C1 73 00 00 00 00 00 00 00 01 00 00 00 
 00 00 00 00 01 00 00 00 00 00 00 00 04 00 00 00 
 00 00 00 00 01 00 00 00 00 00 00 00 01 00 00 00 
 00 00 00 00 04 00 00 00 00 00 00 00 04 00 00 00 
 00 00 00 00 1F BF 12 C6 1E 04 4D 92 3F 6E 8B 4F 
 DE 06 1C 35 39 A6 56 76 15 2F AF 15 39 FD 18 8F 
 22 CF EB 74 48 2F 41 C5 01 48 CA 36 24 D4 BD C6 
 B6 CF 2B 67 9B AC B7 A8 5B 01 DC 1F C2 DE BC B6 
 D1 B0 27 E7 B6 00 00 
    IsEnEnabled(0x137 = 'NV_Write'): 1
 SWTPM_IO_Write: length 19
 80 02 00 00 00 13 00 00 00 00 00 00 00 00 00 00 
 01 00 00 
 SWTPM_IO_Read: length 35
 80 02 00 00 00 23 00 00 01 4E 01 80 01 01 01 80 
 01 01 00 00 00 09 40 00 00 09 00 00 00 00 00 00 
 B4 00 00 
    IsEnEnabled(0x14e = 'NV_Read'): 1
 SWTPM_IO_Write: length 201
 80 02 00 00 00 C9 00 00 00 00 00 00 00 B6 00 B4 
 43 53 45 52 54 50 4D 31 00 01 01 00 00 00 00 00 
 00 00 00 20 F6 A4 B0 7C 1E 17 36 1A A6 2B BC A2 
 C6 57 9B 38 0F DE 43 BE 44 F3 88 24 A3 DB 42 E8 
 28 55 C1 73 00 00 00 00 00 00 00 01 00 00 00 00 
 00 00 00 01 00 00 00 00 00 00 00 04 00 00 00 00 
 00 00 00 01 00 00 00 00 00 00 00 01 00 00 00 00 
 00 00 00 04 00 00 00 00 00 00 00 04 00 00 00 00 
 00 00 00 1F BF 12 C6 1E 04 4D 92 3F 6E 8B 4F DE 
 06 1C 35 39 A6 56 76 15 2F AF 15 39 FD 18 8F 22 
 CF EB 74 48 2F 41 C5 01 48 CA 36 24 D4 BD C6 B6 
 CF 2B 67 9B AC B7 A8 5B 01 DC 1F C2 DE BC B6 D1 
 B0 27 E7 B6 00 00 01 00 00 
 SWTPM_IO_Read: length 31
 80 02 00 00 00 1F 00 00 01 34 01 80 01 00 01 80 
 01 00 00 00 00 09 40 00 00 09 00 00 00 00 00 
    IsEnEnabled(0x134 = 'NV_Increment'): 1
 SWTPM_IO_Write: length 19
 80 02 00 00 00 13 00 00 00 00 00 00 00 00 00 00 
 01 00 00 
 SWTPM_IO_Read: length 35
 80 02 00 00 00 23 00 00 01 4E 01 80 01 00 01 80 
 01 00 00 00 00 09 40 00 00 09 00 00 00 00 00 00 
 08 00 00 
    IsEnEnabled(0x14e = 'NV_Read'): 1
 SWTPM_IO_Write: length 29
 80 02 00 00 00 1D 00 00 00 00 00 00 00 0A 00 08 
 00 00 00 00 00 00 00 20 00 00 01 00 00 
 SWTPM_IO_Read: length 14
 80 01 00 00 00 0E 00 00 01 69 01 80 01 00 
    IsEnEnabled(0x169 = 'NV_ReadPublic'): 1
 SWTPM_IO_Write: length 94
 80 01 00 00 00 5E 00 00 00 00 00 2E 01 80 01 00 
 00 0B 62 04 04 14 00 20 47 CE 30 32 D8 BA D1 F3 
 08 9C B0 C0 90 88 DE 43 50 14 91 D4 60 40 2B 90 
 CD 1B 7F C0 B6 8C A9 2F 00 08 00 22 00 0B C1 0D 
 A5 71 71 0D C0 EF 34 03 98 76 52 A2 A1 AA E0 1C 
 A0 C7 A6 3A 2D 8E DE F2 34 F2 EC AA D3 3D 
 SWTPM_IO_Read: length 14
 80 01 00 00 00 0E 00 00 01 69 01 80 01 01 
    IsEnEnabled(0x169 = 'NV_ReadPublic'): 1
 SWTPM_IO_Write: length 94
 80 01 00 00 00 5E 00 00 00 00 00 2E 01 80 01 01 
 00 0B 62 04 14 04 00 20 47 CE 30 32 D8 BA D1 F3 
 08 9C B0 C0 90 88 DE 43 50 14 91 D4 60 40 2B 90 
 CD 1B 7F C0 B6 8C A9 2F 00 B4 00 22 00 0B 61 A3 
 FC 9A 66 53 70 0A 3F E3 E3 E1 EA 84 C9 69 FD 04 
 5F 2D D7 7B 23 4C E6 CD 3B B8 BF 1A 39 F7 
 SWTPM_IO_Read: length 14
 80 01 00 00 00 0E 00 00 01 69 01 80 01 02 
    IsEnEnabled(0x169 = 'NV_ReadPublic'): 1
 SWTPM_IO_Write: length 94
 80 01 00 00 00 5E 00 00 00 00 00 2E 01 80 01 02 
 00 0B 62 04 14 04 00 20 47 CE 30 32 D8 BA D1 F3 
 08 9C B0 C0 90 88 DE 43 50 14 91 D4 60 40 2B 90 
 CD 1B 7F C0 B6 8C A9 2F 00 B4 00 22 00 0B 2A 9A 
 FE FE 5E 5D 33 57 E1 50 C8 04 FA E1 C4 93 88 0A 
 4A 05 92 CD E3 AD 8C 2D 84 BB 33 07 27 E8 
 SWTPM_IO_Read: length 14
 80 01 00 00 00 0E 00 00 01 69 01 80 01 03 
    IsEnEnabled(0x169 = 'NV_ReadPublic'): 1
 SWTPM_IO_Write: length 94
 80 01 00 00 00 5E 00 00 00 00 00 2E 01 80 01 03 
 00 0B 62 04 04 14 00 20 47 CE 30 32 D8 BA D1 F3 
 08 9C B0 C0 90 88 DE 43 50 14 91 D4 60 40 2B 90 
 CD 1B 7F C0 B6 8C A9 2F 00 08 00 22 00 0B 7A 79 
 C8 38 E2 C0 97 B8 E8 F3 B1 6C DF 2B 76 FD DF 55 
 BB 33 8E 92 22 2B A8 2B 2D 77 F6 EA 6E B0 
 SWTPM_IO_Read: length 14
 80 01 00 00 00 0E 00 00 01 69 01 80 01 04 
    IsEnEnabled(0x169 = 'NV_ReadPublic'): 1
 SWTPM_IO_Write: length 94
 80 01 00 00 00 5E 00 00 00 00 00 2E 01 80 01 04 
 00 0B 62 04 14 04 00 20 47 CE 30 32 D8 BA D1 F3 
 08 9C B0 C0 90 88 DE 43 50 14 91 D4 60 40 2B 90 
 CD 1B 7F C0 B6 8C A9 2F 00 8C 00 22 00 0B 71 EF 
 44 50 1B 87 8C 5C 3C 0A 28 E2 38 93 CD 2B FA 86 
 21 68 21 E8 7D 6B C8 B5 59 BE 8C 97 DC 5D 
 SWTPM_IO_Read: length 14
 80 01 00 00 00 0E 00 00 01 69 01 80 01 05 
    IsEnEnabled(0x169 = 'NV_ReadPublic'): 1
 SWTPM_IO_Write: length 94
 80 01 00 00 00 5E 00 00 00 00 00 2E 01 80 01 05 
 00 0B 62 04 14 04 00 20 47 CE 30 32 D8 BA D1 F3 
 08 9C B0 C0 90 88 DE 43 50 14 91 D4 60 40 2B 90 
 CD 1B 7F C0 B6 8C A9 2F 00 8C 00 22 00 0B 9F 57 
 47 9A 60 C8 7F EF 0C B5 C9 E6 F9 CE 89 60 6D 20 
 21 70 1C 55 93 90 F1 14 82 75 F0 CC F1 D5 
 SWTPM_IO_Read: length 35
 80 02 00 00 00 23 00 00 01 4E 01 80 01 00 01 80 
 01 00 00 00 00 09 40 00 00 09 00 00 00 00 00 00 
 08 00 00 
    IsEnEnabled(0x14e = 'NV_Read'): 1
 SWTPM_IO_Write: length 29
 80 02 00 00 00 1D 00 00 00 00 00 00 00 0A 00 08 
 00 00 00 00 00 00 00 20 00 00 01 00 00 
 SWTPM_IO_Read: length 35
 80 02 00 00 00 23 00 00 01 4E 01 80 01 01 01 80 
 01 01 00 00 00 09 40 00 00 09 00 00 00 00 00 00 
 B4 00 00 
    IsEnEnabled(0x14e = 'NV_Read'): 1
 SWTPM_IO_Write: length 201
 80 02 00 00 00 C9 00 00 00 00 00 00 00 B6 00 B4 
 43 53 45 52 54 50 4D 31 00 01 01 00 00 00 00 00 
 00 00 00 20 F6 A4 B0 7C 1E 17 36 1A A6 2B BC A2 
 C6 57 9B 38 0F DE 43 BE 44 F3 88 24 A3 DB 42 E8 
 28 55 C1 73 00 00 00 00 00 00 00 01 00 00 00 00 
 00 00 00 01 00 00 00 00 00 00 00 04 00 00 00 00 
 00 00 00 01 00 00 00 00 00 00 00 01 00 00 00 00 
 00 00 00 04 00 00 00 00 00 00 00 04 00 00 00 00 
 00 00 00 1F BF 12 C6 1E 04 4D 92 3F 6E 8B 4F DE 
 06 1C 35 39 A6 56 76 15 2F AF 15 39 FD 18 8F 22 
 CF EB 74 48 2F 41 C5 01 48 CA 36 24 D4 BD C6 B6 
 CF 2B 67 9B AC B7 A8 5B 01 DC 1F C2 DE BC B6 D1 
 B0 27 E7 B6 00 00 01 00 00 
 SWTPM_IO_Read: length 35
 80 02 00 00 00 23 00 00 01 4E 01 80 01 03 01 80 
 01 03 00 00 00 09 40 00 00 09 00 00 00 00 00 00 
 08 00 00 
    IsEnEnabled(0x14e = 'NV_Read'): 1
 SWTPM_IO_Write: length 29
 80 02 00 00 00 1D 00 00 00 00 00 00 00 0A 00 08 
 00 00 00 00 00 00 00 04 00 00 01 00 00 
 SWTPM_IO_Read: length 35
 80 02 00 00 00 23 00 00 01 4E 01 80 01 04 01 80 
 01 04 00 00 00 09 40 00 00 09 00 00 00 00 00 00 
 8C 00 00 
    IsEnEnabled(0x14e = 'NV_Read'): 1
 SWTPM_IO_Write: length 161
 80 02 00 00 00 A1 00 00 00 00 00 00 00 8E 00 8C 
 43 53 45 52 54 50 4D 31 00 01 02 00 00 00 00 00 
 00 00 00 04 F6 A4 B0 7C 1E 17 36 1A A6 2B BC A2 
 C6 57 9B 38 0F DE 43 BE 44 F3 88 24 A3 DB 42 E8 
 28 55 C1 73 00 00 00 00 00 00 00 01 00 00 00 00 
 00 00 00 01 00 00 00 00 00 00 00 04 00 00 00 00 
 00 00 00 01 00 00 00 00 00 00 00 01 00 00 00 00 
 00 00 00 04 00 00 00 00 00 00 00 04 E2 E2 92 A1 
 FA 33 F8 D0 4B 21 EB 79 7B 43 70 0A 6C 3A F6 BC 
 49 E0 14 4F 0E 71 83 9B 17 75 20 89 00 00 01 00 
 00 
 SWTPM_IO_Read: length 215
 80 02 00 00 00 D7 00 00 01 37 01 80 01 02 01 80 
 01 02 00 00 00 09 40 00 00 09 00 00 00 00 00 00 
 B4 43 53 45 52 54 50 4D 31 00 01 01 00 00 00 00 
 00 00 00 00 21 F6 A4 B0 7C 1E 17 36 1A A6 2B BC 
 A2 C6 57 9B 38 0F DE 43 BE 44 F3 88 24 A3 DB 42 
 E8 28 55 C1 73 00 00 00 00 00 00 00 01 00 00 00 
 00 00 00 00 01 00 00 00 00 00 00 00 04 00 00 00 
 00 00 00 00 01 00 00 00 00 00 00 00 01 00 00 00 
 00 00 00 00 04 00 00 00 00 00 00 00 04 00 00 00 
 00 00 00 00 20 64 64 F8 8C 35 71 E8 E8 FE 96 B4 
 7E 10 59 49 91 D4 EF 16 48 80 B3 E2 22 1A 3D 7A 
 91 9F 88 29 45 27 89 C8 EC 55 32 F7 0F 39 EB F6 
 D1 4B 16 5D E7 11 D5 10 CE 0E 3C FF 89 59 FC E9 
 CE 4D B8 E7 65 00 00 
    IsEnEnabled(0x137 = 'NV_Write'): 1
 SWTPM_IO_Write: length 19
 80 02 00 00 00 13 00 00 00 00 00 00 00 00 00 00 
 01 00 00 
 SWTPM_IO_Read: length 35
 80 02 00 00 00 23 00 00 01 4E 01 80 01 02 01 80 
 01 02 00 00 00 09 40 00 00 09 00 00 00 00 00 00 
 B4 00 00 
    IsEnEnabled(0x14e = 'NV_Read'): 1
 SWTPM_IO_Write: length 201
 80 02 00 00 00 C9 00 00 00 00 00 00 00 B6 00 B4 
 43 53 45 52 54 50 4D 31 00 01 01 00 00 00 00 00 
 00 00 00 21 F6 A4 B0 7C 1E 17 36 1A A6 2B BC A2 
 C6 57 9B 38 0F DE 43 BE 44 F3 88 24 A3 DB 42 E8 
 28 55 C1 73 00 00 00 00 00 00 00 01 00 00 00 00 
 00 00 00 01 00 00 00 00 00 00 00 04 00 00 00 00 
 00 00 00 01 00 00 00 00 00 00 00 01 00 00 00 00 
 00 00 00 04 00 00 00 00 00 00 00 04 00 00 00 00 
 00 00 00 20 64 64 F8 8C 35 71 E8 E8 FE 96 B4 7E 
 10 59 49 91 D4 EF 16 48 80 B3 E2 22 1A 3D 7A 91 
 9F 88 29 45 27 89 C8 EC 55 32 F7 0F 39 EB F6 D1 
 4B 16 5D E7 11 D5 10 CE 0E 3C FF 89 59 FC E9 CE 
 4D B8 E7 65 00 00 01 00 00 
 SWTPM_IO_Read: length 31
 80 02 00 00 00 1F 00 00 01 34 01 80 01 00 01 80 
 01 00 00 00 00 09 40 00 00 09 00 00 00 00 00 
    IsEnEnabled(0x134 = 'NV_Increment'): 1
 SWTPM_IO_Write: length 19
 80 02 00 00 00 13 00 00 00 00 00 00 00 00 00 00 
 01 00 00 
 SWTPM_IO_Read: length 35
 80 02 00 00 00 23 00 00 01 4E 01 80 01 00 01 80 
 01 00 00 00 00 09 40 00 00 09 00 00 00 00 00 00 
 08 00 00 
    IsEnEnabled(0x14e = 'NV_Read'): 1
 SWTPM_IO_Write: length 29
 80 02 00 00 00 1D 00 00 00 00 00 00 00 0A 00 08 
 00 00 00 00 00 00 00 21 00 00 01 00 00 
 SWTPM_IO_Read: length 14
 80 01 00 00 00 0E 00 00 01 69 01 80 01 00 
    IsEnEnabled(0x169 = 'NV_ReadPublic'): 1
 SWTPM_IO_Write: length 94
 80 01 00 00 00 5E 00 00 00 00 00 2E 01 80 01 00 
 00 0B 62 04 04 14 00 20 47 CE 30 32 D8 BA D1 F3 
 08 9C B0 C0 90 88 DE 43 50 14 91 D4 60 40 2B 90 
 CD 1B 7F C0 B6 8C A9 2F 00 08 00 22 00 0B C1 0D 
 A5 71 71 0D C0 EF 34 03 98 76 52 A2 A1 AA E0 1C 
 A0 C7 A6 3A 2D 8E DE F2 34 F2 EC AA D3 3D 
 SWTPM_IO_Read: length 14
 80 01 00 00 00 0E 00 00 01 69 01 80 01 01 
    IsEnEnabled(0x169 = 'NV_ReadPublic'): 1
 SWTPM_IO_Write: length 94
 80 01 00 00 00 5E 00 00 00 00 00 2E 01 80 01 01 
 00 0B 62 04 14 04 00 20 47 CE 30 32 D8 BA D1 F3 
 08 9C B0 C0 90 88 DE 43 50 14 91 D4 60 40 2B 90 
 CD 1B 7F C0 B6 8C A9 2F 00 B4 00 22 00 0B 61 A3 
 FC 9A 66 53 70 0A 3F E3 E3 E1 EA 84 C9 69 FD 04 
 5F 2D D7 7B 23 4C E6 CD 3B B8 BF 1A 39 F7 
 SWTPM_IO_Read: length 14
 80 01 00 00 00 0E 00 00 01 69 01 80 01 02 
    IsEnEnabled(0x169 = 'NV_ReadPublic'): 1
 SWTPM_IO_Write: length 94
 80 01 00 00 00 5E 00 00 00 00 00 2E 01 80 01 02 
 00 0B 62 04 14 04 00 20 47 CE 30 32 D8 BA D1 F3 
 08 9C B0 C0 90 88 DE 43 50 14 91 D4 60 40 2B 90 
 CD 1B 7F C0 B6 8C A9 2F 00 B4 00 22 00 0B 2A 9A 
 FE FE 5E 5D 33 57 E1 50 C8 04 FA E1 C4 93 88 0A 
 4A 05 92 CD E3 AD 8C 2D 84 BB 33 07 27 E8 
 SWTPM_IO_Read: length 14
 80 01 00 00 00 0E 00 00 01 69 01 80 01 03 
    IsEnEnabled(0x169 = 'NV_ReadPublic'): 1
 SWTPM_IO_Write: length 94
 80 01 00 00 00 5E 00 00 00 00 00 2E 01 80 01 03 
 00 0B 62 04 04 14 00 20 47 CE 30 32 D8 BA D1 F3 
 08 9C B0 C0 90 88 DE 43 50 14 91 D4 60 40 2B 90 
 CD 1B 7F C0 B6 8C A9 2F 00 08 00 22 00 0B 7A 79 
 C8 38 E2 C0 97 B8 E8 F3 B1 6C DF 2B 76 FD DF 55 
 BB 33 8E 92 22 2B A8 2B 2D 77 F6 EA 6E B0 
 SWTPM_IO_Read: length 14
 80 01 00 00 00 0E 00 00 01 69 01 80 01 04 
    IsEnEnabled(0x169 = 'NV_ReadPublic'): 1
 SWTPM_IO_Write: length 94
 80 01 00 00 00 5E 00 00 00 00 00 2E 01 80 01 04 
 00 0B 62 04 14 04 00 20 47 CE 30 32 D8 BA D1 F3 
 08 9C B0 C0 90 88 DE 43 50 14 91 D4 60 40 2B 90 
 CD 1B 7F C0 B6 8C A9 2F 00 8C 00 22 00 0B 71 EF 
 44 50 1B 87 8C 5C 3C 0A 28 E2 38 93 CD 2B FA 86 
 21 68 21 E8 7D 6B C8 B5 59 BE 8C 97 DC 5D 
 SWTPM_IO_Read: length 14
 80 01 00 00 00 0E 00 00 01 69 01 80 01 05 
    IsEnEnabled(0x169 = 'NV_ReadPublic'): 1
 SWTPM_IO_Write: length 94
 80 01 00 00 00 5E 00 00 00 00 00 2E 01 80 01 05 
 00 0B 62 04 14 04 00 20 47 CE 30 32 D8 BA D1 F3 
 08 9C B0 C0 90 88 DE 43 50 14 91 D4 60 40 2B 90 
 CD 1B 7F C0 B6 8C A9 2F 00 8C 00 22 00 0B 9F 57 
 47 9A 60 C8 7F EF 0C B5 C9 E6 F9 CE 89 60 6D 20 
 21 70 1C 55 93 90 F1 14 82 75 F0 CC F1 D5 
 SWTPM_IO_Read: length 35
 80 02 00 00 00 23 00 00 01 4E 01 80 01 00 01 80 
 01 00 00 00 00 09 40 00 00 09 00 00 00 00 00 00 
 08 00 00 
    IsEnEnabled(0x14e = 'NV_Read'): 1
 SWTPM_IO_Write: length 29
 80 02 00 00 00 1D 00 00 00 00 00 00 00 0A 00 08 
 00 00 00 00 00 00 00 21 00 00 01 00 00 
 SWTPM_IO_Read: length 35
 80 02 00 00 00 23 00 00 01 4E 01 80 01 02 01 80 
 01 02 00 00 00 09 40 00 00 09 00 00 00 00 00 00 
 B4 00 00 
    IsEnEnabled(0x14e = 'NV_Read'): 1
 SWTPM_IO_Write: length 201
 80 02 00 00 00 C9 00 00 00 00 00 00 00 B6 00 B4 
 43 53 45 52 54 50 4D 31 00 01 01 00 00 00 00 00 
 00 00 00 21 F6 A4 B0 7C 1E 17 36 1A A6 2B BC A2 
 C6 57 9B 38 0F DE 43 BE 44 F3 88 24 A3 DB 42 E8 
 28 55 C1 73 00 00 00 00 00 00 00 01 00 00 00 00 
 00 00 00 01 00 00 00 00 00 00 00 04 00 00 00 00 
 00 00 00 01 00 00 00 00 00 00 00 01 00 00 00 00 
 00 00 00 04 00 00 00 00 00 00 00 04 00 00 00 00 
 00 00 00 20 64 64 F8 8C 35 71 E8 E8 FE 96 B4 7E 
 10 59 49 91 D4 EF 16 48 80 B3 E2 22 1A 3D 7A 91 
 9F 88 29 45 27 89 C8 EC 55 32 F7 0F 39 EB F6 D1 
 4B 16 5D E7 11 D5 10 CE 0E 3C FF 89 59 FC E9 CE 
 4D B8 E7 65 00 00 01 00 00 
 SWTPM_IO_Read: length 35
 80 02 00 00 00 23 00 00 01 4E 01 80 01 03 01 80 
 01 03 00 00 00 09 40 00 00 09 00 00 00 00 00 00 
 08 00 00 
    IsEnEnabled(0x14e = 'NV_Read'): 1
 SWTPM_IO_Write: length 29
 80 02 00 00 00 1D 00 00 00 00 00 00 00 0A 00 08 
 00 00 00 00 00 00 00 04 00 00 01 00 00 
 SWTPM_IO_Read: length 35
 80 02 00 00 00 23 00 00 01 4E 01 80 01 04 01 80 
 01 04 00 00 00 09 40 00 00 09 00 00 00 00 00 00 
 8C 00 00 
    IsEnEnabled(0x14e = 'NV_Read'): 1
 SWTPM_IO_Write: length 161
 80 02 00 00 00 A1 00 00 00 00 00 00 00 8E 00 8C 
 43 53 45 52 54 50 4D 31 00 01 02 00 00 00 00 00 
 00 00 00 04 F6 A4 B0 7C 1E 17 36 1A A6 2B BC A2 
 C6 57 9B 38 0F DE 43 BE 44 F3 88 24 A3 DB 42 E8 
 28 55 C1 73 00 00 00 00 00 00 00 01 00 00 00 00 
 00 00 00 01 00 00 00 00 00 00 00 04 00 00 00 00 
 00 00 00 01 00 00 00 00 00 00 00 01 00 00 00 00 
 00 00 00 04 00 00 00 00 00 00 00 04 E2 E2 92 A1 
 FA 33 F8 D0 4B 21 EB 79 7B 43 70 0A 6C 3A F6 BC 
 49 E0 14 4F 0E 71 83 9B 17 75 20 89 00 00 01 00 
 00 
 SWTPM_IO_Read: length 215
 80 02 00 00 00 D7 00 00 01 37 01 80 01 01 01 80 
 01 01 00 00 00 09 40 00 00 09 00 00 00 00 00 00 
 B4 43 53 45 52 54 50 4D 31 00 01 01 00 00 00 00 
 00 00 00 00 22 F6 A4 B0 7C 1E 17 36 1A A6 2B BC 
 A2 C6 57 9B 38 0F DE 43 BE 44 F3 88 24 A3 DB 42 
 E8 28 55 C1 73 00 00 00 00 00 00 00 01 00 00 00 
 00 00 00 00 01 00 00 00 00 00 00 00 04 00 00 00 
 00 00 00 00 01 00 00 00 00 00 00 00 01 00 00 00 
 00 00 00 00 04 00 00 00 00 00 00 00 04 00 00 00 
 00 00 00 00 21 AB F9 96 01 7D 59 69 EB C7 F7 EE 
 FC BE B4 DD 4B F3 FE ED A2 2E A0 3A 14 7D 51 75 
 F3 5D AA B7 3F 9E 53 29 AD AA B3 AD F0 16 60 E1 
 58 C6 09 A0 73 5C 7D D1 2B E8 78 74 8B B9 51 D3 
 3C DB D8 98 62 00 00 
    IsEnEnabled(0x137 = 'NV_Write'): 1
 SWTPM_IO_Write: length 19
 80 02 00 00 00 13 00 00 00 00 00 00 00 00 00 00 
 01 00 00 
 SWTPM_IO_Read: length 35
 80 02 00 00 00 23 00 00 01 4E 01 80 01 01 01 80 
 01 01 00 00 00 09 40 00 00 09 00 00 00 00 00 00 
 B4 00 00 
    IsEnEnabled(0x14e = 'NV_Read'): 1
 SWTPM_IO_Write: length 201
 80 02 00 00 00 C9 00 00 00 00 00 00 00 B6 00 B4 
 43 53 45 52 54 50 4D 31 00 01 01 00 00 00 00 00 
 00 00 00 22 F6 A4 B0 7C 1E 17 36 1A A6 2B BC A2 
 C6 57 9B 38 0F DE 43 BE 44 F3 88 24 A3 DB 42 E8 
 28 55 C1 73 00 00 00 00 00 00 00 01 00 00 00 00 
 00 00 00 01 00 00 00 00 00 00 00 04 00 00 00 00 
 00 00 00 01 00 00 00 00 00 00 00 01 00 00 00 00 
 00 00 00 04 00 00 00 00 00 00 00 04 00 00 00 00 
 00 00 00 21 AB F9 96 01 7D 59 69 EB C7 F7 EE FC 
 BE B4 DD 4B F3 FE ED A2 2E A0 3A 14 7D 51 75 F3 
 5D AA B7 3F 9E 53 29 AD AA B3 AD F0 16 60 E1 58 
 C6 09 A0 73 5C 7D D1 2B E8 78 74 8B B9 51 D3 3C 
 DB D8 98 62 00 00 01 00 00 
 SWTPM_IO_Read: length 31
 80 02 00 00 00 1F 00 00 01 34 01 80 01 00 01 80 
 01 00 00 00 00 09 40 00 00 09 00 00 00 00 00 
    IsEnEnabled(0x134 = 'NV_Increment'): 1
 SWTPM_IO_Write: length 19
 80 02 00 00 00 13 00 00 00 00 00 00 00 00 00 00 
 01 00 00 
 SWTPM_IO_Read: length 35
 80 02 00 00 00 23 00 00 01 4E 01 80 01 00 01 80 
 01 00 00 00 00 09 40 00 00 09 00 00 00 00 00 00 
 08 00 00 
    IsEnEnabled(0x14e = 'NV_Read'): 1
 SWTPM_IO_Write: length 29
 80 02 00 00 00 1D 00 00 00 00 00 00 00 0A 00 08 
 00 00 00 00 00 00 00 22 00 00 01 00 00 
 SWTPM_IO_Read: length 14
 80 01 00 00 00 0E 00 00 01 69 01 80 01 00 
    IsEnEnabled(0x169 = 'NV_ReadPublic'): 1
 SWTPM_IO_Write: length 94
 80 01 00 00 00 5E 00 00 00 00 00 2E 01 80 01 00 
 00 0B 62 04 04 14 00 20 47 CE 30 32 D8 BA D1 F3 
 08 9C B0 C0 90 88 DE 43 50 14 91 D4 60 40 2B 90 
 CD 1B 7F C0 B6 8C A9 2F 00 08 00 22 00 0B C1 0D 
 A5 71 71 0D C0 EF 34 03 98 76 52 A2 A1 AA E0 1C 
 A0 C7 A6 3A 2D 8E DE F2 34 F2 EC AA D3 3D 
 SWTPM_IO_Read: length 14
 80 01 00 00 00 0E 00 00 01 69 01 80 01 01 
    IsEnEnabled(0x169 = 'NV_ReadPublic'): 1
 SWTPM_IO_Write: length 94
 80 01 00 00 00 5E 00 00 00 00 00 2E 01 80 01 01 
 00 0B 62 04 14 04 00 20 47 CE 30 32 D8 BA D1 F3 
 08 9C B0 C0 90 88 DE 43 50 14 91 D4 60 40 2B 90 
 CD 1B 7F C0 B6 8C A9 2F 00 B4 00 22 00 0B 61 A3 
 FC 9A 66 53 70 0A 3F E3 E3 E1 EA 84 C9 69 FD 04 
 5F 2D D7 7B 23 4C E6 CD 3B B8 BF 1A 39 F7 
 SWTPM_IO_Read: length 14
 80 01 00 00 00 0E 00 00 01 69 01 80 01 02 
    IsEnEnabled(0x169 = 'NV_ReadPublic'): 1
 SWTPM_IO_Write: length 94
 80 01 00 00 00 5E 00 00 00 00 00 2E 01 80 01 02 
 00 0B 62 04 14 04 00 20 47 CE 30 32 D8 BA D1 F3 
 08 9C B0 C0 90 88 DE 43 50 14 91 D4 60 40 2B 90 
 CD 1B 7F C0 B6 8C A9 2F 00 B4 00 22 00 0B 2A 9A 
 FE FE 5E 5D 33 57 E1 50 C8 04 FA E1 C4 93 88 0A 
 4A 05 92 CD E3 AD 8C 2D 84 BB 33 07 27 E8 
 SWTPM_IO_Read: length 14
 80 01 00 00 00 0E 00 00 01 69 01 80 01 03 
    IsEnEnabled(0x169 = 'NV_ReadPublic'): 1
 SWTPM_IO_Write: length 94
 80 01 00 00 00 5E 00 00 00 00 00 2E 01 80 01 03 
 00 0B 62 04 04 14 00 20 47 CE 30 32 D8 BA D1 F3 
 08 9C B0 C0 90 88 DE 43 50 14 91 D4 60 40 2B 90 
 CD 1B 7F C0 B6 8C A9 2F 00 08 00 22 00 0B 7A 79 
 C8 38 E2 C0 97 B8 E8 F3 B1 6C DF 2B 76 FD DF 55 
 BB 33 8E 92 22 2B A8 2B 2D 77 F6 EA 6E B0 
 SWTPM_IO_Read: length 14
 80 01 00 00 00 0E 00 00 01 69 01 80 01 04 
    IsEnEnabled(0x169 = 'NV_ReadPublic'): 1
 SWTPM_IO_Write: length 94
 80 01 00 00 00 5E 00 00 00 00 00 2E 01 80 01 04 
 00 0B 62 04 14 04 00 20 47 CE 30 32 D8 BA D1 F3 
 08 9C B0 C0 90 88 DE 43 50 14 91 D4 60 40 2B 90 
 CD 1B 7F C0 B6 8C A9 2F 00 8C 00 22 00 0B 71 EF 
 44 50 1B 87 8C 5C 3C 0A 28 E2 38 93 CD 2B FA 86 
 21 68 21 E8 7D 6B C8 B5 59 BE 8C 97 DC 5D 
 SWTPM_IO_Read: length 14
 80 01 00 00 00 0E 00 00 01 69 01 80 01 05 
    IsEnEnabled(0x169 = 'NV_ReadPublic'): 1
 SWTPM_IO_Write: length 94
 80 01 00 00 00 5E 00 00 00 00 00 2E 01 80 01 05 
 00 0B 62 04 14 04 00 20 47 CE 30 32 D8 BA D1 F3 
 08 9C B0 C0 90 88 DE 43 50 14 91 D4 60 40 2B 90 
 CD 1B 7F C0 B6 8C A9 2F 00 8C 00 22 00 0B 9F 57 
 47 9A 60 C8 7F EF 0C B5 C9 E6 F9 CE 89 60 6D 20 
 21 70 1C 55 93 90 F1 14 82 75 F0 CC F1 D5 
 SWTPM_IO_Read: length 35
 80 02 00 00 00 23 00 00 01 4E 01 80 01 00 01 80 
 01 00 00 00 00 09 40 00 00 09 00 00 00 00 00 00 
 08 00 00 
    IsEnEnabled(0x14e = 'NV_Read'): 1
 SWTPM_IO_Write: length 29
 80 02 00 00 00 1D 00 00 00 00 00 00 00 0A 00 08 
 00 00 00 00 00 00 00 22 00 00 01 00 00 
 SWTPM_IO_Read: length 35
 80 02 00 00 00 23 00 00 01 4E 01 80 01 01 01 80 
 01 01 00 00 00 09 40 00 00 09 00 00 00 00 00 00 
 B4 00 00 
    IsEnEnabled(0x14e = 'NV_Read'): 1
 SWTPM_IO_Write: length 201
 80 02 00 00 00 C9 00 00 00 00 00 00 00 B6 00 B4 
 43 53 45 52 54 50 4D 31 00 01 01 00 00 00 00 00 
 00 00 00 22 F6 A4 B0 7C 1E 17 36 1A A6 2B BC A2 
 C6 57 9B 38 0F DE 43 BE 44 F3 88 24 A3 DB 42 E8 
 28 55 C1 73 00 00 00 00 00 00 00 01 00 00 00 00 
 00 00 00 01 00 00 00 00 00 00 00 04 00 00 00 00 
 00 00 00 01 00 00 00 00 00 00 00 01 00 00 00 00 
 00 00 00 04 00 00 00 00 00 00 00 04 00 00 00 00 
 00 00 00 21 AB F9 96 01 7D 59 69 EB C7 F7 EE FC 
 BE B4 DD 4B F3 FE ED A2 2E A0 3A 14 7D 51 75 F3 
 5D AA B7 3F 9E 53 29 AD AA B3 AD F0 16 60 E1 58 
 C6 09 A0 73 5C 7D D1 2B E8 78 74 8B B9 51 D3 3C 
 DB D8 98 62 00 00 01 00 00 
 SWTPM_IO_Read: length 35
 80 02 00 00 00 23 00 00 01 4E 01 80 01 03 01 80 
 01 03 00 00 00 09 40 00 00 09 00 00 00 00 00 00 
 08 00 00 
    IsEnEnabled(0x14e = 'NV_Read'): 1
 SWTPM_IO_Write: length 29
 80 02 00 00 00 1D 00 00 00 00 00 00 00 0A 00 08 
 00 00 00 00 00 00 00 04 00 00 01 00 00 
 SWTPM_IO_Read: length 35
 80 02 00 00 00 23 00 00 01 4E 01 80 01 04 01 80 
 01 04 00 00 00 09 40 00 00 09 00 00 00 00 00 00 
 8C 00 00 
    IsEnEnabled(0x14e = 'NV_Read'): 1
 SWTPM_IO_Write: length 161
 80 02 00 00 00 A1 00 00 00 00 00 00 00 8E 00 8C 
 43 53 45 52 54 50 4D 31 00 01 02 00 00 00 00 00 
 00 00 00 04 F6 A4 B0 7C 1E 17 36 1A A6 2B BC A2 
 C6 57 9B 38 0F DE 43 BE 44 F3 88 24 A3 DB 42 E8 
 28 55 C1 73 00 00 00 00 00 00 00 01 00 00 00 00 
 00 00 00 01 00 00 00 00 00 00 00 04 00 00 00 00 
 00 00 00 01 00 00 00 00 00 00 00 01 00 00 00 00 
 00 00 00 04 00 00 00 00 00 00 00 04 E2 E2 92 A1 
 FA 33 F8 D0 4B 21 EB 79 7B 43 70 0A 6C 3A F6 BC 
 49 E0 14 4F 0E 71 83 9B 17 75 20 89 00 00 01 00 
 00 
 SWTPM_IO_Read: length 215
 80 02 00 00 00 D7 00 00 01 37 01 80 01 02 01 80 
 01 02 00 00 00 09 40 00 00 09 00 00 00 00 00 00 
 B4 43 53 45 52 54 50 4D 31 00 01 01 00 00 00 00 
 00 00 00 00 23 F6 A4 B0 7C 1E 17 36 1A A6 2B BC 
 A2 C6 57 9B 38 0F DE 43 BE 44 F3 88 24 A3 DB 42 
 E8 28 55 C1 73 00 00 00 00 00 00 00 01 00 00 00 
 00 00 00 00 01 00 00 00 00 00 00 00 04 00 00 00 
 00 00 00 00 01 00 00 00 00 00 00 00 01 00 00 00 
 00 00 00 00 04 00 00 00 00 00 00 00 04 00 00 00 
 00 00 00 00 22 A9 99 2F 3B C2 08 F8 FB D4 E8 C1 
 C1 B3 46 CD 32 85 92 B6 84 80 39 9B E7 45 DA 3B 
 C6 FD 46 67 D7 A7 53 EF 92 05 54 38 CA A7 2F DA 
 D0 BE 23 75 37 8A 08 2A 01 95 7C 89 11 E7 9E 98 
 5D DB 71 1F 02 00 00 
    IsEnEnabled(0x137 = 'NV_Write'): 1
 SWTPM_IO_Write: length 19
 80 02 00 00 00 13 00 00 00 00 00 00 00 00 00 00 
 01 00 00 
 SWTPM_IO_Read: length 35
 80 02 00 00 00 23 00 00 01 4E 01 80 01 02 01 80 
 01 02 00 00 00 09 40 00 00 09 00 00 00 00 00 00 
 B4 00 00 
    IsEnEnabled(0x14e = 'NV_Read'): 1
 SWTPM_IO_Write: length 201
 80 02 00 00 00 C9 00 00 00 00 00 00 00 B6 00 B4 
 43 53 45 52 54 50 4D 31 00 01 01 00 00 00 00 00 
 00 00 00 23 F6 A4 B0 7C 1E 17 36 1A A6 2B BC A2 
 C6 57 9B 38 0F DE 43 BE 44 F3 88 24 A3 DB 42 E8 
 28 55 C1 73 00 00 00 00 00 00 00 01 00 00 00 00 
 00 00 00 01 00 00 00 00 00 00 00 04 00 00 00 00 
 00 00 00 01 00 00 00 00 00 00 00 01 00 00 00 00 
 00 00 00 04 00 00 00 00 00 00 00 04 00 00 00 00 
 00 00 00 22 A9 99 2F 3B C2 08 F8 FB D4 E8 C1 C1 
 B3 46 CD 32 85 92 B6 84 80 39 9B E7 45 DA 3B C6 
 FD 46 67 D7 A7 53 EF 92 05 54 38 CA A7 2F DA D0 
 BE 23 75 37 8A 08 2A 01 95 7C 89 11 E7 9E 98 5D 
 DB 71 1F 02 00 00 01 00 00 
 SWTPM_IO_Read: length 31
 80 02 00 00 00 1F 00 00 01 34 01 80 01 00 01 80 
 01 00 00 00 00 09 40 00 00 09 00 00 00 00 00 
    IsEnEnabled(0x134 = 'NV_Increment'): 1
 SWTPM_IO_Write: length 19
 80 02 00 00 00 13 00 00 00 00 00 00 00 00 00 00 
 01 00 00 
 SWTPM_IO_Read: length 35
 80 02 00 00 00 23 00 00 01 4E 01 80 01 00 01 80 
 01 00 00 00 00 09 40 00 00 09 00 00 00 00 00 00 
 08 00 00 
    IsEnEnabled(0x14e = 'NV_Read'): 1
 SWTPM_IO_Write: length 29
 80 02 00 00 00 1D 00 00 00 00 00 00 00 0A 00 08 
 00 00 00 00 00 00 00 23 00 00 01 00 00 
 SWTPM_IO_Read: length 14
 80 01 00 00 00 0E 00 00 01 69 01 80 01 00 
    IsEnEnabled(0x169 = 'NV_ReadPublic'): 1
 SWTPM_IO_Write: length 94
 80 01 00 00 00 5E 00 00 00 00 00 2E 01 80 01 00 
 00 0B 62 04 04 14 00 20 47 CE 30 32 D8 BA D1 F3 
 08 9C B0 C0 90 88 DE 43 50 14 91 D4 60 40 2B 90 
 CD 1B 7F C0 B6 8C A9 2F 00 08 00 22 00 0B C1 0D 
 A5 71 71 0D C0 EF 34 03 98 76 52 A2 A1 AA E0 1C 
 A0 C7 A6 3A 2D 8E DE F2 34 F2 EC AA D3 3D 
 SWTPM_IO_Read: length 14
 80 01 00 00 00 0E 00 00 01 69 01 80 01 01 
    IsEnEnabled(0x169 = 'NV_ReadPublic'): 1
 SWTPM_IO_Write: length 94
 80 01 00 00 00 5E 00 00 00 00 00 2E 01 80 01 01 
 00 0B 62 04 14 04 00 20 47 CE 30 32 D8 BA D1 F3 
 08 9C B0 C0 90 88 DE 43 50 14 91 D4 60 40 2B 90 
 CD 1B 7F C0 B6 8C A9 2F 00 B4 00 22 00 0B 61 A3 
 FC 9A 66 53 70 0A 3F E3 E3 E1 EA 84 C9 69 FD 04 
 5F 2D D7 7B 23 4C E6 CD 3B B8 BF 1A 39 F7 
 SWTPM_IO_Read: length 14
 80 01 00 00 00 0E 00 00 01 69 01 80 01 02 
    IsEnEnabled(0x169 = 'NV_ReadPublic'): 1
 SWTPM_IO_Write: length 94
 80 01 00 00 00 5E 00 00 00 00 00 2E 01 80 01 02 
 00 0B 62 04 14 04 00 20 47 CE 30 32 D8 BA D1 F3 
 08 9C B0 C0 90 88 DE 43 50 14 91 D4 60 40 2B 90 
 CD 1B 7F C0 B6 8C A9 2F 00 B4 00 22 00 0B 2A 9A 
 FE FE 5E 5D 33 57 E1 50 C8 04 FA E1 C4 93 88 0A 
 4A 05 92 CD E3 AD 8C 2D 84 BB 33 07 27 E8 
 SWTPM_IO_Read: length 14
 80 01 00 00 00 0E 00 00 01 69 01 80 01 03 
    IsEnEnabled(0x169 = 'NV_ReadPublic'): 1
 SWTPM_IO_Write: length 94
 80 01 00 00 00 5E 00 00 00 00 00 2E 01 80 01 03 
 00 0B 62 04 04 14 00 20 47 CE 30 32 D8 BA D1 F3 
 08 9C B0 C0 90 88 DE 43 50 14 91 D4 60 40 2B 90 
 CD 1B 7F C0 B6 8C A9 2F 00 08 00 22 00 0B 7A 79 
 C8 38 E2 C0 97 B8 E8 F3 B1 6C DF 2B 76 FD DF 55 
 BB 33 8E 92 22 2B A8 2B 2D 77 F6 EA 6E B0 
 SWTPM_IO_Read: length 14
 80 01 00 00 00 0E 00 00 01 69 01 80 01 04 
    IsEnEnabled(0x169 = 'NV_ReadPublic'): 1
 SWTPM_IO_Write: length 94
 80 01 00 00 00 5E 00 00 00 00 00 2E 01 80 01 04 
 00 0B 62 04 14 04 00 20 47 CE 30 32 D8 BA D1 F3 
 08 9C B0 C0 90 88 DE 43 50 14 91 D4 60 40 2B 90 
 CD 1B 7F C0 B6 8C A9 2F 00 8C 00 22 00 0B 71 EF 
 44 50 1B 87 8C 5C 3C 0A 28 E2 38 93 CD 2B FA 86 
 21 68 21 E8 7D 6B C8 B5 59 BE 8C 97 DC 5D 
 SWTPM_IO_Read: length 14
 80 01 00 00 00 0E 00 00 01 69 01 80 01 05 
    IsEnEnabled(0x169 = 'NV_ReadPublic'): 1
 SWTPM_IO_Write: length 94
 80 01 00 00 00 5E 00 00 00 00 00 2E 01 80 01 05 
 00 0B 62 04 14 04 00 20 47 CE 30 32 D8 BA D1 F3 
 08 9C B0 C0 90 88 DE 43 50 14 91 D4 60 40 2B 90 
 CD 1B 7F C0 B6 8C A9 2F 00 8C 00 22 00 0B 9F 57 
 47 9A 60 C8 7F EF 0C B5 C9 E6 F9 CE 89 60 6D 20 
 21 70 1C 55 93 90 F1 14 82 75 F0 CC F1 D5 
 SWTPM_IO_Read: length 35
 80 02 00 00 00 23 00 00 01 4E 01 80 01 00 01 80 
 01 00 00 00 00 09 40 00 00 09 00 00 00 00 00 00 
 08 00 00 
    IsEnEnabled(0x14e = 'NV_Read'): 1
 SWTPM_IO_Write: length 29
 80 02 00 00 00 1D 00 00 00 00 00 00 00 0A 00 08 
 00 00 00 00 00 00 00 23 00 00 01 00 00 
 SWTPM_IO_Read: length 35
 80 02 00 00 00 23 00 00 01 4E 01 80 01 02 01 80 
 01 02 00 00 00 09 40 00 00 09 00 00 00 00 00 00 
 B4 00 00 
    IsEnEnabled(0x14e = 'NV_Read'): 1
 SWTPM_IO_Write: length 201
 80 02 00 00 00 C9 00 00 00 00 00 00 00 B6 00 B4 
 43 53 45 52 54 50 4D 31 00 01 01 00 00 00 00 00 
 00 00 00 23 F6 A4 B0 7C 1E 17 36 1A A6 2B BC A2 
 C6 57 9B 38 0F DE 43 BE 44 F3 88 24 A3 DB 42 E8 
 28 55 C1 73 00 00 00 00 00 00 00 01 00 00 00 00 
 00 00 00 01 00 00 00 00 00 00 00 04 00 00 00 00 
 00 00 00 01 00 00 00 00 00 00 00 01 00 00 00 00 
 00 00 00 04 00 00 00 00 00 00 00 04 00 00 00 00 
 00 00 00 22 A9 99 2F 3B C2 08 F8 FB D4 E8 C1 C1 
 B3 46 CD 32 85 92 B6 84 80 39 9B E7 45 DA 3B C6 
 FD 46 67 D7 A7 53 EF 92 05 54 38 CA A7 2F DA D0 
 BE 23 75 37 8A 08 2A 01 95 7C 89 11 E7 9E 98 5D 
 DB 71 1F 02 00 00 01 00 00 
 SWTPM_IO_Read: length 35
 80 02 00 00 00 23 00 00 01 4E 01 80 01 03 01 80 
 01 03 00 00 00 09 40 00 00 09 00 00 00 00 00 00 
 08 00 00 
    IsEnEnabled(0x14e = 'NV_Read'): 1
 SWTPM_IO_Write: length 29
 80 02 00 00 00 1D 00 00 00 00 00 00 00 0A 00 08 
 00 00 00 00 00 00 00 04 00 00 01 00 00 
 SWTPM_IO_Read: length 35
 80 02 00 00 00 23 00 00 01 4E 01 80 01 04 01 80 
 01 04 00 00 00 09 40 00 00 09 00 00 00 00 00 00 
 8C 00 00 
    IsEnEnabled(0x14e = 'NV_Read'): 1
 SWTPM_IO_Write: length 161
 80 02 00 00 00 A1 00 00 00 00 00 00 00 8E 00 8C 
 43 53 45 52 54 50 4D 31 00 01 02 00 00 00 00 00 
 00 00 00 04 F6 A4 B0 7C 1E 17 36 1A A6 2B BC A2 
 C6 57 9B 38 0F DE 43 BE 44 F3 88 24 A3 DB 42 E8 
 28 55 C1 73 00 00 00 00 00 00 00 01 00 00 00 00 
 00 00 00 01 00 00 00 00 00 00 00 04 00 00 00 00 
 00 00 00 01 00 00 00 00 00 00 00 01 00 00 00 00 
 00 00 00 04 00 00 00 00 00 00 00 04 E2 E2 92 A1 
 FA 33 F8 D0 4B 21 EB 79 7B 43 70 0A 6C 3A F6 BC 
 49 E0 14 4F 0E 71 83 9B 17 75 20 89 00 00 01 00 
 00 
 SWTPM_IO_Read: length 215
 80 02 00 00 00 D7 00 00 01 37 01 80 01 01 01 80 
 01 01 00 00 00 09 40 00 00 09 00 00 00 00 00 00 
 B4 43 53 45 52 54 50 4D 31 00 01 01 00 00 00 00 
 00 00 00 00 24 F6 A4 B0 7C 1E 17 36 1A A6 2B BC 
 A2 C6 57 9B 38 0F DE 43 BE 44 F3 88 24 A3 DB 42 
 E8 28 55 C1 73 00 00 00 00 00 00 00 01 00 00 00 
 00 00 00 00 01 00 00 00 00 00 00 00 04 00 00 00 
 00 00 00 00 01 00 00 00 00 00 00 00 01 00 00 00 
 00 00 00 00 04 00 00 00 00 00 00 00 04 00 00 00 
 00 00 00 00 23 2F 0F 30 D8 08 24 1F 20 55 C7 12 
 59 BF 64 AC A9 79 F9 C8 98 A0 5F 69 50 9C CB 98 
 3F 9D 0C F6 59 50 28 66 5B 80 8F 35 33 5B E1 02 
 08 9E 8B E5 08 52 F3 0F 81 D6 70 AF 36 30 BB CF 
 89 86 88 8E A2 00 00 
    IsEnEnabled(0x137 = 'NV_Write'): 1
 SWTPM_IO_Write: length 19
 80 02 00 00 00 13 00 00 00 00 00 00 00 00 00 00 
 01 00 00 
 SWTPM_IO_Read: length 35
 80 02 00 00 00 23 00 00 01 4E 01 80 01 01 01 80 
 01 01 00 00 00 09 40 00 00 09 00 00 00 00 00 00 
 B4 00 00 
    IsEnEnabled(0x14e = 'NV_Read'): 1
 SWTPM_IO_Write: length 201
 80 02 00 00 00 C9 00 00 00 00 00 00 00 B6 00 B4 
 43 53 45 52 54 50 4D 31 00 01 01 00 00 00 00 00 
 00 00 00 24 F6 A4 B0 7C 1E 17 36 1A A6 2B BC A2 
 C6 57 9B 38 0F DE 43 BE 44 F3 88 24 A3 DB 42 E8 
 28 55 C1 73 00 00 00 00 00 00 00 01 00 00 00 00 
 00 00 00 01 00 00 00 00 00 00 00 04 00 00 00 00 
 00 00 00 01 00 00 00 00 00 00 00 01 00 00 00 00 
 00 00 00 04 00 00 00 00 00 00 00 04 00 00 00 00 
 00 00 00 23 2F 0F 30 D8 08 24 1F 20 55 C7 12 59 
 BF 64 AC A9 79 F9 C8 98 A0 5F 69 50 9C CB 98 3F 
 9D 0C F6 59 50 28 66 5B 80 8F 35 33 5B E1 02 08 
 9E 8B E5 08 52 F3 0F 81 D6 70 AF 36 30 BB CF 89 
 86 88 8E A2 00 00 01 00 00 
 SWTPM_IO_Read: length 31
 80 02 00 00 00 1F 00 00 01 34 01 80 01 00 01 80 
 01 00 00 00 00 09 40 00 00 09 00 00 00 00 00 
    IsEnEnabled(0x134 = 'NV_Increment'): 1
 SWTPM_IO_Write: length 19
 80 02 00 00 00 13 00 00 00 00 00 00 00 00 00 00 
 01 00 00 
 SWTPM_IO_Read: length 35
 80 02 00 00 00 23 00 00 01 4E 01 80 01 00 01 80 
 01 00 00 00 00 09 40 00 00 09 00 00 00 00 00 00 
 08 00 00 
    IsEnEnabled(0x14e = 'NV_Read'): 1
 SWTPM_IO_Write: length 29
 80 02 00 00 00 1D 00 00 00 00 00 00 00 0A 00 08 
 00 00 00 00 00 00 00 24 00 00 01 00 00 
 SWTPM_IO_Read: length 14
 80 01 00 00 00 0E 00 00 01 69 01 80 01 00 
    IsEnEnabled(0x169 = 'NV_ReadPublic'): 1
 SWTPM_IO_Write: length 94
 80 01 00 00 00 5E 00 00 00 00 00 2E 01 80 01 00 
 00 0B 62 04 04 14 00 20 47 CE 30 32 D8 BA D1 F3 
 08 9C B0 C0 90 88 DE 43 50 14 91 D4 60 40 2B 90 
 CD 1B 7F C0 B6 8C A9 2F 00 08 00 22 00 0B C1 0D 
 A5 71 71 0D C0 EF 34 03 98 76 52 A2 A1 AA E0 1C 
 A0 C7 A6 3A 2D 8E DE F2 34 F2 EC AA D3 3D 
 SWTPM_IO_Read: length 14
 80 01 00 00 00 0E 00 00 01 69 01 80 01 01 
    IsEnEnabled(0x169 = 'NV_ReadPublic'): 1
 SWTPM_IO_Write: length 94
 80 01 00 00 00 5E 00 00 00 00 00 2E 01 80 01 01 
 00 0B 62 04 14 04 00 20 47 CE 30 32 D8 BA D1 F3 
 08 9C B0 C0 90 88 DE 43 50 14 91 D4 60 40 2B 90 
 CD 1B 7F C0 B6 8C A9 2F 00 B4 00 22 00 0B 61 A3 
 FC 9A 66 53 70 0A 3F E3 E3 E1 EA 84 C9 69 FD 04 
 5F 2D D7 7B 23 4C E6 CD 3B B8 BF 1A 39 F7 
 SWTPM_IO_Read: length 14
 80 01 00 00 00 0E 00 00 01 69 01 80 01 02 
    IsEnEnabled(0x169 = 'NV_ReadPublic'): 1
 SWTPM_IO_Write: length 94
 80 01 00 00 00 5E 00 00 00 00 00 2E 01 80 01 02 
 00 0B 62 04 14 04 00 20 47 CE 30 32 D8 BA D1 F3 
 08 9C B0 C0 90 88 DE 43 50 14 91 D4 60 40 2B 90 
 CD 1B 7F C0 B6 8C A9 2F 00 B4 00 22 00 0B 2A 9A 
 FE FE 5E 5D 33 57 E1 50 C8 04 FA E1 C4 93 88 0A 
 4A 05 92 CD E3 AD 8C 2D 84 BB 33 07 27 E8 
 SWTPM_IO_Read: length 14
 80 01 00 00 00 0E 00 00 01 69 01 80 01 03 
    IsEnEnabled(0x169 = 'NV_ReadPublic'): 1
 SWTPM_IO_Write: length 94
 80 01 00 00 00 5E 00 00 00 00 00 2E 01 80 01 03 
 00 0B 62 04 04 14 00 20 47 CE 30 32 D8 BA D1 F3 
 08 9C B0 C0 90 88 DE 43 50 14 91 D4 60 40 2B 90 
 CD 1B 7F C0 B6 8C A9 2F 00 08 00 22 00 0B 7A 79 
 C8 38 E2 C0 97 B8 E8 F3 B1 6C DF 2B 76 FD DF 55 
 BB 33 8E 92 22 2B A8 2B 2D 77 F6 EA 6E B0 
 SWTPM_IO_Read: length 14
 80 01 00 00 00 0E 00 00 01 69 01 80 01 04 
    IsEnEnabled(0x169 = 'NV_ReadPublic'): 1
 SWTPM_IO_Write: length 94
 80 01 00 00 00 5E 00 00 00 00 00 2E 01 80 01 04 
 00 0B 62 04 14 04 00 20 47 CE 30 32 D8 BA D1 F3 
 08 9C B0 C0 90 88 DE 43 50 14 91 D4 60 40 2B 90 
 CD 1B 7F C0 B6 8C A9 2F 00 8C 00 22 00 0B 71 EF 
 44 50 1B 87 8C 5C 3C 0A 28 E2 38 93 CD 2B FA 86 
 21 68 21 E8 7D 6B C8 B5 59 BE 8C 97 DC 5D 
 SWTPM_IO_Read: length 14
 80 01 00 00 00 0E 00 00 01 69 01 80 01 05 
    IsEnEnabled(0x169 = 'NV_ReadPublic'): 1
 SWTPM_IO_Write: length 94
 80 01 00 00 00 5E 00 00 00 00 00 2E 01 80 01 05 
 00 0B 62 04 14 04 00 20 47 CE 30 32 D8 BA D1 F3 
 08 9C B0 C0 90 88 DE 43 50 14 91 D4 60 40 2B 90 
 CD 1B 7F C0 B6 8C A9 2F 00 8C 00 22 00 0B 9F 57 
 47 9A 60 C8 7F EF 0C B5 C9 E6 F9 CE 89 60 6D 20 
 21 70 1C 55 93 90 F1 14 82 75 F0 CC F1 D5 
 SWTPM_IO_Read: length 35
 80 02 00 00 00 23 00 00 01 4E 01 80 01 00 01 80 
 01 00 00 00 00 09 40 00 00 09 00 00 00 00 00 00 
 08 00 00 
    IsEnEnabled(0x14e = 'NV_Read'): 1
 SWTPM_IO_Write: length 29
 80 02 00 00 00 1D 00 00 00 00 00 00 00 0A 00 08 
 00 00 00 00 00 00 00 24 00 00 01 00 00 
 SWTPM_IO_Read: length 35
 80 02 00 00 00 23 00 00 01 4E 01 80 01 01 01 80 
 01 01 00 00 00 09 40 00 00 09 00 00 00 00 00 00 
 B4 00 00 
    IsEnEnabled(0x14e = 'NV_Read'): 1
 SWTPM_IO_Write: length 201
 80 02 00 00 00 C9 00 00 00 00 00 00 00 B6 00 B4 
 43 53 45 52 54 50 4D 31 00 01 01 00 00 00 00 00 
 00 00 00 24 F6 A4 B0 7C 1E 17 36 1A A6 2B BC A2 
 C6 57 9B 38 0F DE 43 BE 44 F3 88 24 A3 DB 42 E8 
 28 55 C1 73 00 00 00 00 00 00 00 01 00 00 00 00 
 00 00 00 01 00 00 00 00 00 00 00 04 00 00 00 00 
 00 00 00 01 00 00 00 00 00 00 00 01 00 00 00 00 
 00 00 00 04 00 00 00 00 00 00 00 04 00 00 00 00 
 00 00 00 23 2F 0F 30 D8 08 24 1F 20 55 C7 12 59 
 BF 64 AC A9 79 F9 C8 98 A0 5F 69 50 9C CB 98 3F 
 9D 0C F6 59 50 28 66 5B 80 8F 35 33 5B E1 02 08 
 9E 8B E5 08 52 F3 0F 81 D6 70 AF 36 30 BB CF 89 
 86 88 8E A2 00 00 01 00 00 
 SWTPM_IO_Read: length 35
 80 02 00 00 00 23 00 00 01 4E 01 80 01 03 01 80 
 01 03 00 00 00 09 40 00 00 09 00 00 00 00 00 00 
 08 00 00 
    IsEnEnabled(0x14e = 'NV_Read'): 1
 SWTPM_IO_Write: length 29
 80 02 00 00 00 1D 00 00 00 00 00 00 00 0A 00 08 
 00 00 00 00 00 00 00 04 00 00 01 00 00 
 SWTPM_IO_Read: length 35
 80 02 00 00 00 23 00 00 01 4E 01 80 01 04 01 80 
 01 04 00 00 00 09 40 00 00 09 00 00 00 00 00 00 
 8C 00 00 
    IsEnEnabled(0x14e = 'NV_Read'): 1
 SWTPM_IO_Write: length 161
 80 02 00 00 00 A1 00 00 00 00 00 00 00 8E 00 8C 
 43 53 45 52 54 50 4D 31 00 01 02 00 00 00 00 00 
 00 00 00 04 F6 A4 B0 7C 1E 17 36 1A A6 2B BC A2 
 C6 57 9B 38 0F DE 43 BE 44 F3 88 24 A3 DB 42 E8 
 28 55 C1 73 00 00 00 00 00 00 00 01 00 00 00 00 
 00 00 00 01 00 00 00 00 00 00 00 04 00 00 00 00 
 00 00 00 01 00 00 00 00 00 00 00 01 00 00 00 00 
 00 00 00 04 00 00 00 00 00 00 00 04 E2 E2 92 A1 
 FA 33 F8 D0 4B 21 EB 79 7B 43 70 0A 6C 3A F6 BC 
 49 E0 14 4F 0E 71 83 9B 17 75 20 89 00 00 01 00 
 00 
 SWTPM_IO_Read: length 215
 80 02 00 00 00 D7 00 00 01 37 01 80 01 02 01 80 
 01 02 00 00 00 09 40 00 00 09 00 00 00 00 00 00 
 B4 43 53 45 52 54 50 4D 31 00 01 01 00 00 00 00 
 00 00 00 00 25 F6 A4 B0 7C 1E 17 36 1A A6 2B BC 
 A2 C6 57 9B 38 0F DE 43 BE 44 F3 88 24 A3 DB 42 
 E8 28 55 C1 73 00 00 00 00 00 00 00 01 00 00 00 
 00 00 00 00 01 00 00 00 00 00 00 00 04 00 00 00 
 00 00 00 00 01 00 00 00 00 00 00 00 01 00 00 00 
 00 00 00 00 04 00 00 00 00 00 00 00 04 00 00 00 
 00 00 00 00 24 AD CE 66 56 54 6E B4 1E 4D 64 8E 
 7C B4 9D EB 63 50 CE 87 82 00 08 2D ED 58 82 D8 
 58 3C 6C 04 F0 21 EB 44 CD C3 49 4A 15 F2 90 06 
 E1 31 2E EE 4E CF ED AF 8E F1 F3 93 5C 07 38 22 
 66 33 DA AD A2 00 00 
    IsEnEnabled(0x137 = 'NV_Write'): 1
 SWTPM_IO_Write: length 19
 80 02 00 00 00 13 00 00 00 00 00 00 00 00 00 00 
 01 00 00 
 SWTPM_IO_Read: length 35
 80 02 00 00 00 23 00 00 01 4E 01 80 01 02 01 80 
 01 02 00 00 00 09 40 00 00 09 00 00 00 00 00 00 
 B4 00 00 
    IsEnEnabled(0x14e = 'NV_Read'): 1
 SWTPM_IO_Write: length 201
 80 02 00 00 00 C9 00 00 00 00 00 00 00 B6 00 B4 
 43 53 45 52 54 50 4D 31 00 01 01 00 00 00 00 00 
 00 00 00 25 F6 A4 B0 7C 1E 17 36 1A A6 2B BC A2 
 C6 57 9B 38 0F DE 43 BE 44 F3 88 24 A3 DB 42 E8 
 28 55 C1 73 00 00 00 00 00 00 00 01 00 00 00 00 
 00 00 00 01 00 00 00 00 00 00 00 04 00 00 00 00 
 00 00 00 01 00 00 00 00 00 00 00 01 00 00 00 00 
 00 00 00 04 00 00 00 00 00 00 00 04 00 00 00 00 
 00 00 00 24 AD CE 66 56 54 6E B4 1E 4D 64 8E 7C 
 B4 9D EB 63 50 CE 87 82 00 08 2D ED 58 82 D8 58 
 3C 6C 04 F0 21 EB 44 CD C3 49 4A 15 F2 90 06 E1 
 31 2E EE 4E CF ED AF 8E F1 F3 93 5C 07 38 22 66 
 33 DA AD A2 00 00 01 00 00 
 SWTPM_IO_Read: length 31
 80 02 00 00 00 1F 00 00 01 34 01 80 01 00 01 80 
 01 00 00 00 00 09 40 00 00 09 00 00 00 00 00 
    IsEnEnabled(0x134 = 'NV_Increment'): 1
 SWTPM_IO_Write: length 19
 80 02 00 00 00 13 00 00 00 00 00 00 00 00 00 00 
 01 00 00 
 SWTPM_IO_Read: length 35
 80 02 00 00 00 23 00 00 01 4E 01 80 01 00 01 80 
 01 00 00 00 00 09 40 00 00 09 00 00 00 00 00 00 
 08 00 00 
    IsEnEnabled(0x14e = 'NV_Read'): 1
 SWTPM_IO_Write: length 29
 80 02 00 00 00 1D 00 00 00 00 00 00 00 0A 00 08 
 00 00 00 00 00 00 00 25 00 00 01 00 00 
 SWTPM_IO_Read: length 14
 80 01 00 00 00 0E 00 00 01 69 01 80 01 00 
    IsEnEnabled(0x169 = 'NV_ReadPublic'): 1
 SWTPM_IO_Write: length 94
 80 01 00 00 00 5E 00 00 00 00 00 2E 01 80 01 00 
 00 0B 62 04 04 14 00 20 47 CE 30 32 D8 BA D1 F3 
 08 9C B0 C0 90 88 DE 43 50 14 91 D4 60 40 2B 90 
 CD 1B 7F C0 B6 8C A9 2F 00 08 00 22 00 0B C1 0D 
 A5 71 71 0D C0 EF 34 03 98 76 52 A2 A1 AA E0 1C 
 A0 C7 A6 3A 2D 8E DE F2 34 F2 EC AA D3 3D 
 SWTPM_IO_Read: length 14
 80 01 00 00 00 0E 00 00 01 69 01 80 01 01 
    IsEnEnabled(0x169 = 'NV_ReadPublic'): 1
 SWTPM_IO_Write: length 94
 80 01 00 00 00 5E 00 00 00 00 00 2E 01 80 01 01 
 00 0B 62 04 14 04 00 20 47 CE 30 32 D8 BA D1 F3 
 08 9C B0 C0 90 88 DE 43 50 14 91 D4 60 40 2B 90 
 CD 1B 7F C0 B6 8C A9 2F 00 B4 00 22 00 0B 61 A3 
 FC 9A 66 53 70 0A 3F E3 E3 E1 EA 84 C9 69 FD 04 
 5F 2D D7 7B 23 4C E6 CD 3B B8 BF 1A 39 F7 
 SWTPM_IO_Read: length 14
 80 01 00 00 00 0E 00 00 01 69 01 80 01 02 
    IsEnEnabled(0x169 = 'NV_ReadPublic'): 1
 SWTPM_IO_Write: length 94
 80 01 00 00 00 5E 00 00 00 00 00 2E 01 80 01 02 
 00 0B 62 04 14 04 00 20 47 CE 30 32 D8 BA D1 F3 
 08 9C B0 C0 90 88 DE 43 50 14 91 D4 60 40 2B 90 
 CD 1B 7F C0 B6 8C A9 2F 00 B4 00 22 00 0B 2A 9A 
 FE FE 5E 5D 33 57 E1 50 C8 04 FA E1 C4 93 88 0A 
 4A 05 92 CD E3 AD 8C 2D 84 BB 33 07 27 E8 
 SWTPM_IO_Read: length 14
 80 01 00 00 00 0E 00 00 01 69 01 80 01 03 
    IsEnEnabled(0x169 = 'NV_ReadPublic'): 1
 SWTPM_IO_Write: length 94
 80 01 00 00 00 5E 00 00 00 00 00 2E 01 80 01 03 
 00 0B 62 04 04 14 00 20 47 CE 30 32 D8 BA D1 F3 
 08 9C B0 C0 90 88 DE 43 50 14 91 D4 60 40 2B 90 
 CD 1B 7F C0 B6 8C A9 2F 00 08 00 22 00 0B 7A 79 
 C8 38 E2 C0 97 B8 E8 F3 B1 6C DF 2B 76 FD DF 55 
 BB 33 8E 92 22 2B A8 2B 2D 77 F6 EA 6E B0 
 SWTPM_IO_Read: length 14
 80 01 00 00 00 0E 00 00 01 69 01 80 01 04 
    IsEnEnabled(0x169 = 'NV_ReadPublic'): 1
 SWTPM_IO_Write: length 94
 80 01 00 00 00 5E 00 00 00 00 00 2E 01 80 01 04 
 00 0B 62 04 14 04 00 20 47 CE 30 32 D8 BA D1 F3 
 08 9C B0 C0 90 88 DE 43 50 14 91 D4 60 40 2B 90 
 CD 1B 7F C0 B6 8C A9 2F 00 8C 00 22 00 0B 71 EF 
 44 50 1B 87 8C 5C 3C 0A 28 E2 38 93 CD 2B FA 86 
 21 68 21 E8 7D 6B C8 B5 59 BE 8C 97 DC 5D 
 SWTPM_IO_Read: length 14
 80 01 00 00 00 0E 00 00 01 69 01 80 01 05 
    IsEnEnabled(0x169 = 'NV_ReadPublic'): 1
 SWTPM_IO_Write: length 94
 80 01 00 00 00 5E 00 00 00 00 00 2E 01 80 01 05 
 00 0B 62 04 14 04 00 20 47 CE 30 32 D8 BA D1 F3 
 08 9C B0 C0 90 88 DE 43 50 14 91 D4 60 40 2B 90 
 CD 1B 7F C0 B6 8C A9 2F 00 8C 00 22 00 0B 9F 57 
 47 9A 60 C8 7F EF 0C B5 C9 E6 F9 CE 89 60 6D 20 
 21 70 1C 55 93 90 F1 14 82 75 F0 CC F1 D5 
 SWTPM_IO_Read: length 35
 80 02 00 00 00 23 00 00 01 4E 01 80 01 00 01 80 
 01 00 00 00 00 09 40 00 00 09 00 00 00 00 00 00 
 08 00 00 
    IsEnEnabled(0x14e = 'NV_Read'): 1
 SWTPM_IO_Write: length 29
 80 02 00 00 00 1D 00 00 00 00 00 00 00 0A 00 08 
 00 00 00 00 00 00 00 25 00 00 01 00 00 
 SWTPM_IO_Read: length 35
 80 02 00 00 00 23 00 00 01 4E 01 80 01 02 01 80 
 01 02 00 00 00 09 40 00 00 09 00 00 00 00 00 00 
 B4 00 00 
    IsEnEnabled(0x14e = 'NV_Read'): 1
 SWTPM_IO_Write: length 201
 80 02 00 00 00 C9 00 00 00 00 00 00 00 B6 00 B4 
 43 53 45 52 54 50 4D 31 00 01 01 00 00 00 00 00 
 00 00 00 25 F6 A4 B0 7C 1E 17 36 1A A6 2B BC A2 
 C6 57 9B 38 0F DE 43 BE 44 F3 88 24 A3 DB 42 E8 
 28 55 C1 73 00 00 00 00 00 00 00 01 00 00 00 00 
 00 00 00 01 00 00 00 00 00 00 00 04 00 00 00 00 
 00 00 00 01 00 00 00 00 00 00 00 01 00 00 00 00 
 00 00 00 04 00 00 00 00 00 00 00 04 00 00 00 00 
 00 00 00 24 AD CE 66 56 54 6E B4 1E 4D 64 8E 7C 
 B4 9D EB 63 50 CE 87 82 00 08 2D ED 58 82 D8 58 
 3C 6C 04 F0 21 EB 44 CD C3 49 4A 15 F2 90 06 E1 
 31 2E EE 4E CF ED AF 8E F1 F3 93 5C 07 38 22 66 
 33 DA AD A2 00 00 01 00 00 
 SWTPM_IO_Read: length 35
 80 02 00 00 00 23 00 00 01 4E 01 80 01 03 01 80 
 01 03 00 00 00 09 40 00 00 09 00 00 00 00 00 00 
 08 00 00 
    IsEnEnabled(0x14e = 'NV_Read'): 1
 SWTPM_IO_Write: length 29
 80 02 00 00 00 1D 00 00 00 00 00 00 00 0A 00 08 
 00 00 00 00 00 00 00 04 00 00 01 00 00 
 SWTPM_IO_Read: length 35
 80 02 00 00 00 23 00 00 01 4E 01 80 01 04 01 80 
 01 04 00 00 00 09 40 00 00 09 00 00 00 00 00 00 
 8C 00 00 
    IsEnEnabled(0x14e = 'NV_Read'): 1
 SWTPM_IO_Write: length 161
 80 02 00 00 00 A1 00 00 00 00 00 00 00 8E 00 8C 
 43 53 45 52 54 50 4D 31 00 01 02 00 00 00 00 00 
 00 00 00 04 F6 A4 B0 7C 1E 17 36 1A A6 2B BC A2 
 C6 57 9B 38 0F DE 43 BE 44 F3 88 24 A3 DB 42 E8 
 28 55 C1 73 00 00 00 00 00 00 00 01 00 00 00 00 
 00 00 00 01 00 00 00 00 00 00 00 04 00 00 00 00 
 00 00 00 01 00 00 00 00 00 00 00 01 00 00 00 00 
 00 00 00 04 00 00 00 00 00 00 00 04 E2 E2 92 A1 
 FA 33 F8 D0 4B 21 EB 79 7B 43 70 0A 6C 3A F6 BC 
 49 E0 14 4F 0E 71 83 9B 17 75 20 89 00 00 01 00 
 00 
 SWTPM_IO_Read: length 215
 80 02 00 00 00 D7 00 00 01 37 01 80 01 01 01 80 
 01 01 00 00 00 09 40 00 00 09 00 00 00 00 00 00 
 B4 43 53 45 52 54 50 4D 31 00 01 01 00 00 00 00 
 00 00 00 00 26 F6 A4 B0 7C 1E 17 36 1A A6 2B BC 
 A2 C6 57 9B 38 0F DE 43 BE 44 F3 88 24 A3 DB 42 
 E8 28 55 C1 73 00 00 00 00 00 00 00 01 00 00 00 
 00 00 00 00 01 00 00 00 00 00 00 00 04 00 00 00 
 00 00 00 00 01 00 00 00 00 00 00 00 01 00 00 00 
 00 00 00 00 04 00 00 00 00 00 00 00 04 00 00 00 
 00 00 00 00 25 FF 75 90 8E 5F 01 0C 6B 17 38 C8 
 88 1F C1 60 4D 19 6E 09 74 03 F5 8A E5 F2 CE CB 
 66 13 5B 34 62 A6 F6 69 74 5D F4 3A 5A 2D FA 54 
 AB C9 40 12 6B A9 AF 54 04 01 A5 B6 04 C0 A8 69 
 69 61 17 5E 7E 00 00 
    IsEnEnabled(0x137 = 'NV_Write'): 1
 SWTPM_IO_Write: length 19
 80 02 00 00 00 13 00 00 00 00 00 00 00 00 00 00 
 01 00 00 
 SWTPM_IO_Read: length 35
 80 02 00 00 00 23 00 00 01 4E 01 80 01 01 01 80 
 01 01 00 00 00 09 40 00 00 09 00 00 00 00 00 00 
 B4 00 00 
    IsEnEnabled(0x14e = 'NV_Read'): 1
 SWTPM_IO_Write: length 201
 80 02 00 00 00 C9 00 00 00 00 00 00 00 B6 00 B4 
 43 53 45 52 54 50 4D 31 00 01 01 00 00 00 00 00 
 00 00 00 26 F6 A4 B0 7C 1E 17 36 1A A6 2B BC A2 
 C6 57 9B 38 0F DE 43 BE 44 F3 88 24 A3 DB 42 E8 
 28 55 C1 73 00 00 00 00 00 00 00 01 00 00 00 00 
 00 00 00 01 00 00 00 00 00 00 00 04 00 00 00 00 
 00 00 00 01 00 00 00 00 00 00 00 01 00 00 00 00 
 00 00 00 04 00 00 00 00 00 00 00 04 00 00 00 00 
 00 00 00 25 FF 75 90 8E 5F 01 0C 6B 17 38 C8 88 
 1F C1 60 4D 19 6E 09 74 03 F5 8A E5 F2 CE CB 66 
 13 5B 34 62 A6 F6 69 74 5D F4 3A 5A 2D FA 54 AB 
 C9 40 12 6B A9 AF 54 04 01 A5 B6 04 C0 A8 69 69 
 61 17 5E 7E 00 00 01 00 00 
 SWTPM_IO_Read: length 31
 80 02 00 00 00 1F 00 00 01 34 01 80 01 00 01 80 
 01 00 00 00 00 09 40 00 00 09 00 00 00 00 00 
    IsEnEnabled(0x134 = 'NV_Increment'): 1
 SWTPM_IO_Write: length 19
 80 02 00 00 00 13 00 00 00 00 00 00 00 00 00 00 
 01 00 00 
 SWTPM_IO_Read: length 35
 80 02 00 00 00 23 00 00 01 4E 01 80 01 00 01 80 
 01 00 00 00 00 09 40 00 00 09 00 00 00 00 00 00 
 08 00 00 
    IsEnEnabled(0x14e = 'NV_Read'): 1
 SWTPM_IO_Write: length 29
 80 02 00 00 00 1D 00 00 00 00 00 00 00 0A 00 08 
 00 00 00 00 00 00 00 26 00 00 01 00 00 
 SWTPM_IO_Read: length 14
 80 01 00 00 00 0E 00 00 01 69 01 80 01 00 
    IsEnEnabled(0x169 = 'NV_ReadPublic'): 1
 SWTPM_IO_Write: length 94
 80 01 00 00 00 5E 00 00 00 00 00 2E 01 80 01 00 
 00 0B 62 04 04 14 00 20 47 CE 30 32 D8 BA D1 F3 
 08 9C B0 C0 90 88 DE 43 50 14 91 D4 60 40 2B 90 
 CD 1B 7F C0 B6 8C A9 2F 00 08 00 22 00 0B C1 0D 
 A5 71 71 0D C0 EF 34 03 98 76 52 A2 A1 AA E0 1C 
 A0 C7 A6 3A 2D 8E DE F2 34 F2 EC AA D3 3D 
 SWTPM_IO_Read: length 14
 80 01 00 00 00 0E 00 00 01 69 01 80 01 01 
    IsEnEnabled(0x169 = 'NV_ReadPublic'): 1
 SWTPM_IO_Write: length 94
 80 01 00 00 00 5E 00 00 00 00 00 2E 01 80 01 01 
 00 0B 62 04 14 04 00 20 47 CE 30 32 D8 BA D1 F3 
 08 9C B0 C0 90 88 DE 43 50 14 91 D4 60 40 2B 90 
 CD 1B 7F C0 B6 8C A9 2F 00 B4 00 22 00 0B 61 A3 
 FC 9A 66 53 70 0A 3F E3 E3 E1 EA 84 C9 69 FD 04 
 5F 2D D7 7B 23 4C E6 CD 3B B8 BF 1A 39 F7 
 SWTPM_IO_Read: length 14
 80 01 00 00 00 0E 00 00 01 69 01 80 01 02 
    IsEnEnabled(0x169 = 'NV_ReadPublic'): 1
 SWTPM_IO_Write: length 94
 80 01 00 00 00 5E 00 00 00 00 00 2E 01 80 01 02 
 00 0B 62 04 14 04 00 20 47 CE 30 32 D8 BA D1 F3 
 08 9C B0 C0 90 88 DE 43 50 14 91 D4 60 40 2B 90 
 CD 1B 7F C0 B6 8C A9 2F 00 B4 00 22 00 0B 2A 9A 
 FE FE 5E 5D 33 57 E1 50 C8 04 FA E1 C4 93 88 0A 
 4A 05 92 CD E3 AD 8C 2D 84 BB 33 07 27 E8 
 SWTPM_IO_Read: length 14
 80 01 00 00 00 0E 00 00 01 69 01 80 01 03 
    IsEnEnabled(0x169 = 'NV_ReadPublic'): 1
 SWTPM_IO_Write: length 94
 80 01 00 00 00 5E 00 00 00 00 00 2E 01 80 01 03 
 00 0B 62 04 04 14 00 20 47 CE 30 32 D8 BA D1 F3 
 08 9C B0 C0 90 88 DE 43 50 14 91 D4 60 40 2B 90 
 CD 1B 7F C0 B6 8C A9 2F 00 08 00 22 00 0B 7A 79 
 C8 38 E2 C0 97 B8 E8 F3 B1 6C DF 2B 76 FD DF 55 
 BB 33 8E 92 22 2B A8 2B 2D 77 F6 EA 6E B0 
 SWTPM_IO_Read: length 14
 80 01 00 00 00 0E 00 00 01 69 01 80 01 04 
    IsEnEnabled(0x169 = 'NV_ReadPublic'): 1
 SWTPM_IO_Write: length 94
 80 01 00 00 00 5E 00 00 00 00 00 2E 01 80 01 04 
 00 0B 62 04 14 04 00 20 47 CE 30 32 D8 BA D1 F3 
 08 9C B0 C0 90 88 DE 43 50 14 91 D4 60 40 2B 90 
 CD 1B 7F C0 B6 8C A9 2F 00 8C 00 22 00 0B 71 EF 
 44 50 1B 87 8C 5C 3C 0A 28 E2 38 93 CD 2B FA 86 
 21 68 21 E8 7D 6B C8 B5 59 BE 8C 97 DC 5D 
 SWTPM_IO_Read: length 14
 80 01 00 00 00 0E 00 00 01 69 01 80 01 05 
    IsEnEnabled(0x169 = 'NV_ReadPublic'): 1
 SWTPM_IO_Write: length 94
 80 01 00 00 00 5E 00 00 00 00 00 2E 01 80 01 05 
 00 0B 62 04 14 04 00 20 47 CE 30 32 D8 BA D1 F3 
 08 9C B0 C0 90 88 DE 43 50 14 91 D4 60 40 2B 90 
 CD 1B 7F C0 B6 8C A9 2F 00 8C 00 22 00 0B 9F 57 
 47 9A 60 C8 7F EF 0C B5 C9 E6 F9 CE 89 60 6D 20 
 21 70 1C 55 93 90 F1 14 82 75 F0 CC F1 D5 
 SWTPM_IO_Read: length 35
 80 02 00 00 00 23 00 00 01 4E 01 80 01 00 01 80 
 01 00 00 00 00 09 40 00 00 09 00 00 00 00 00 00 
 08 00 00 
    IsEnEnabled(0x14e = 'NV_Read'): 1
 SWTPM_IO_Write: length 29
 80 02 00 00 00 1D 00 00 00 00 00 00 00 0A 00 08 
 00 00 00 00 00 00 00 26 00 00 01 00 00 
 SWTPM_IO_Read: length 35
 80 02 00 00 00 23 00 00 01 4E 01 80 01 01 01 80 
 01 01 00 00 00 09 40 00 00 09 00 00 00 00 00 00 
 B4 00 00 
    IsEnEnabled(0x14e = 'NV_Read'): 1
 SWTPM_IO_Write: length 201
 80 02 00 00 00 C9 00 00 00 00 00 00 00 B6 00 B4 
 43 53 45 52 54 50 4D 31 00 01 01 00 00 00 00 00 
 00 00 00 26 F6 A4 B0 7C 1E 17 36 1A A6 2B BC A2 
 C6 57 9B 38 0F DE 43 BE 44 F3 88 24 A3 DB 42 E8 
 28 55 C1 73 00 00 00 00 00 00 00 01 00 00 00 00 
 00 00 00 01 00 00 00 00 00 00 00 04 00 00 00 00 
 00 00 00 01 00 00 00 00 00 00 00 01 00 00 00 00 
 00 00 00 04 00 00 00 00 00 00 00 04 00 00 00 00 
 00 00 00 25 FF 75 90 8E 5F 01 0C 6B 17 38 C8 88 
 1F C1 60 4D 19 6E 09 74 03 F5 8A E5 F2 CE CB 66 
 13 5B 34 62 A6 F6 69 74 5D F4 3A 5A 2D FA 54 AB 
 C9 40 12 6B A9 AF 54 04 01 A5 B6 04 C0 A8 69 69 
 61 17 5E 7E 00 00 01 00 00 
 SWTPM_IO_Read: length 35
 80 02 00 00 00 23 00 00 01 4E 01 80 01 03 01 80 
 01 03 00 00 00 09 40 00 00 09 00 00 00 00 00 00 
 08 00 00 
    IsEnEnabled(0x14e = 'NV_Read'): 1
 SWTPM_IO_Write: length 29
 80 02 00 00 00 1D 00 00 00 00 00 00 00 0A 00 08 
 00 00 00 00 00 00 00 04 00 00 01 00 00 
 SWTPM_IO_Read: length 35
 80 02 00 00 00 23 00 00 01 4E 01 80 01 04 01 80 
 01 04 00 00 00 09 40 00 00 09 00 00 00 00 00 00 
 8C 00 00 
    IsEnEnabled(0x14e = 'NV_Read'): 1
 SWTPM_IO_Write: length 161
 80 02 00 00 00 A1 00 00 00 00 00 00 00 8E 00 8C 
 43 53 45 52 54 50 4D 31 00 01 02 00 00 00 00 00 
 00 00 00 04 F6 A4 B0 7C 1E 17 36 1A A6 2B BC A2 
 C6 57 9B 38 0F DE 43 BE 44 F3 88 24 A3 DB 42 E8 
 28 55 C1 73 00 00 00 00 00 00 00 01 00 00 00 00 
 00 00 00 01 00 00 00 00 00 00 00 04 00 00 00 00 
 00 00 00 01 00 00 00 00 00 00 00 01 00 00 00 00 
 00 00 00 04 00 00 00 00 00 00 00 04 E2 E2 92 A1 
 FA 33 F8 D0 4B 21 EB 79 7B 43 70 0A 6C 3A F6 BC 
 49 E0 14 4F 0E 71 83 9B 17 75 20 89 00 00 01 00 
 00 
 SWTPM_IO_Read: length 215
 80 02 00 00 00 D7 00 00 01 37 01 80 01 02 01 80 
 01 02 00 00 00 09 40 00 00 09 00 00 00 00 00 00 
 B4 43 53 45 52 54 50 4D 31 00 01 01 00 00 00 00 
 00 00 00 00 27 F6 A4 B0 7C 1E 17 36 1A A6 2B BC 
 A2 C6 57 9B 38 0F DE 43 BE 44 F3 88 24 A3 DB 42 
 E8 28 55 C1 73 00 00 00 00 00 00 00 01 00 00 00 
 00 00 00 00 01 00 00 00 00 00 00 00 04 00 00 00 
 00 00 00 00 01 00 00 00 00 00 00 00 01 00 00 00 
 00 00 00 00 04 00 00 00 00 00 00 00 04 00 00 00 
 00 00 00 00 26 AD 30 11 0C AB B0 E9 6A A4 F9 8F 
 D5 F0 EB 0B 53 EC 78 D3 50 34 9D B5 14 4D 6D 28 
 06 C3 05 AA CA DE CF 04 B3 EF E7 C0 C5 46 80 C7 
 E2 B7 44 65 F6 EE 8B 65 C4 38 E8 9D 8A 8C 9E 27 
 78 FA A9 40 FF 00 00 
    IsEnEnabled(0x137 = 'NV_Write'): 1
 SWTPM_IO_Write: length 19
 80 02 00 00 00 13 00 00 00 00 00 00 00 00 00 00 
 01 00 00 
 SWTPM_IO_Read: length 35
 80 02 00 00 00 23 00 00 01 4E 01 80 01 02 01 80 
 01 02 00 00 00 09 40 00 00 09 00 00 00 00 00 00 
 B4 00 00 
    IsEnEnabled(0x14e = 'NV_Read'): 1
 SWTPM_IO_Write: length 201
 80 02 00 00 00 C9 00 00 00 00 00 00 00 B6 00 B4 
 43 53 45 52 54 50 4D 31 00 01 01 00 00 00 00 00 
 00 00 00 27 F6 A4 B0 7C 1E 17 36 1A A6 2B BC A2 
 C6 57 9B 38 0F DE 43 BE 44 F3 88 24 A3 DB 42 E8 
 28 55 C1 73 00 00 00 00 00 00 00 01 00 00 00 00 
 00 00 00 01 00 00 00 00 00 00 00 04 00 00 00 00 
 00 00 00 01 00 00 00 00 00 00 00 01 00 00 00 00 
 00 00 00 04 00 00 00 00 00 00 00 04 00 00 00 00 
 00 00 00 26 AD 30 11 0C AB B0 E9 6A A4 F9 8F D5 
 F0 EB 0B 53 EC 78 D3 50 34 9D B5 14 4D 6D 28 06 
 C3 05 AA CA DE CF 04 B3 EF E7 C0 C5 46 80 C7 E2 
 B7 44 65 F6 EE 8B 65 C4 38 E8 9D 8A 8C 9E 27 78 
 FA A9 40 FF 00 00 01 00 00 
 SWTPM_IO_Read: length 31
 80 02 00 00 00 1F 00 00 01 34 01 80 01 00 01 80 
 01 00 00 00 00 09 40 00 00 09 00 00 00 00 00 
    IsEnEnabled(0x134 = 'NV_Increment'): 1
 SWTPM_IO_Write: length 19
 80 02 00 00 00 13 00 00 00 00 00 00 00 00 00 00 
 01 00 00 
 SWTPM_IO_Read: length 35
 80 02 00 00 00 23 00 00 01 4E 01 80 01 00 01 80 
 01 00 00 00 00 09 40 00 00 09 00 00 00 00 00 00 
 08 00 00 
    IsEnEnabled(0x14e = 'NV_Read'): 1
 SWTPM_IO_Write: length 29
 80 02 00 00 00 1D 00 00 00 00 00 00 00 0A 00 08 
 00 00 00 00 00 00 00 27 00 00 01 00 00 
 SWTPM_IO_Read: length 14
 80 01 00 00 00 0E 00 00 01 69 01 80 01 00 
    IsEnEnabled(0x169 = 'NV_ReadPublic'): 1
 SWTPM_IO_Write: length 94
 80 01 00 00 00 5E 00 00 00 00 00 2E 01 80 01 00 
 00 0B 62 04 04 14 00 20 47 CE 30 32 D8 BA D1 F3 
 08 9C B0 C0 90 88 DE 43 50 14 91 D4 60 40 2B 90 
 CD 1B 7F C0 B6 8C A9 2F 00 08 00 22 00 0B C1 0D 
 A5 71 71 0D C0 EF 34 03 98 76 52 A2 A1 AA E0 1C 
 A0 C7 A6 3A 2D 8E DE F2 34 F2 EC AA D3 3D 
 SWTPM_IO_Read: length 14
 80 01 00 00 00 0E 00 00 01 69 01 80 01 01 
    IsEnEnabled(0x169 = 'NV_ReadPublic'): 1
 SWTPM_IO_Write: length 94
 80 01 00 00 00 5E 00 00 00 00 00 2E 01 80 01 01 
 00 0B 62 04 14 04 00 20 47 CE 30 32 D8 BA D1 F3 
 08 9C B0 C0 90 88 DE 43 50 14 91 D4 60 40 2B 90 
 CD 1B 7F C0 B6 8C A9 2F 00 B4 00 22 00 0B 61 A3 
 FC 9A 66 53 70 0A 3F E3 E3 E1 EA 84 C9 69 FD 04 
 5F 2D D7 7B 23 4C E6 CD 3B B8 BF 1A 39 F7 
 SWTPM_IO_Read: length 14
 80 01 00 00 00 0E 00 00 01 69 01 80 01 02 
    IsEnEnabled(0x169 = 'NV_ReadPublic'): 1
 SWTPM_IO_Write: length 94
 80 01 00 00 00 5E 00 00 00 00 00 2E 01 80 01 02 
 00 0B 62 04 14 04 00 20 47 CE 30 32 D8 BA D1 F3 
 08 9C B0 C0 90 88 DE 43 50 14 91 D4 60 40 2B 90 
 CD 1B 7F C0 B6 8C A9 2F 00 B4 00 22 00 0B 2A 9A 
 FE FE 5E 5D 33 57 E1 50 C8 04 FA E1 C4 93 88 0A 
 4A 05 92 CD E3 AD 8C 2D 84 BB 33 07 27 E8 
 SWTPM_IO_Read: length 14
 80 01 00 00 00 0E 00 00 01 69 01 80 01 03 
    IsEnEnabled(0x169 = 'NV_ReadPublic'): 1
 SWTPM_IO_Write: length 94
 80 01 00 00 00 5E 00 00 00 00 00 2E 01 80 01 03 
 00 0B 62 04 04 14 00 20 47 CE 30 32 D8 BA D1 F3 
 08 9C B0 C0 90 88 DE 43 50 14 91 D4 60 40 2B 90 
 CD 1B 7F C0 B6 8C A9 2F 00 08 00 22 00 0B 7A 79 
 C8 38 E2 C0 97 B8 E8 F3 B1 6C DF 2B 76 FD DF 55 
 BB 33 8E 92 22 2B A8 2B 2D 77 F6 EA 6E B0 
 SWTPM_IO_Read: length 14
 80 01 00 00 00 0E 00 00 01 69 01 80 01 04 
    IsEnEnabled(0x169 = 'NV_ReadPublic'): 1
 SWTPM_IO_Write: length 94
 80 01 00 00 00 5E 00 00 00 00 00 2E 01 80 01 04 
 00 0B 62 04 14 04 00 20 47 CE 30 32 D8 BA D1 F3 
 08 9C B0 C0 90 88 DE 43 50 14 91 D4 60 40 2B 90 
 CD 1B 7F C0 B6 8C A9 2F 00 8C 00 22 00 0B 71 EF 
 44 50 1B 87 8C 5C 3C 0A 28 E2 38 93 CD 2B FA 86 
 21 68 21 E8 7D 6B C8 B5 59 BE 8C 97 DC 5D 
 SWTPM_IO_Read: length 14
 80 01 00 00 00 0E 00 00 01 69 01 80 01 05 
    IsEnEnabled(0x169 = 'NV_ReadPublic'): 1
 SWTPM_IO_Write: length 94
 80 01 00 00 00 5E 00 00 00 00 00 2E 01 80 01 05 
 00 0B 62 04 14 04 00 20 47 CE 30 32 D8 BA D1 F3 
 08 9C B0 C0 90 88 DE 43 50 14 91 D4 60 40 2B 90 
 CD 1B 7F C0 B6 8C A9 2F 00 8C 00 22 00 0B 9F 57 
 47 9A 60 C8 7F EF 0C B5 C9 E6 F9 CE 89 60 6D 20 
 21 70 1C 55 93 90 F1 14 82 75 F0 CC F1 D5 
 SWTPM_IO_Read: length 35
 80 02 00 00 00 23 00 00 01 4E 01 80 01 00 01 80 
 01 00 00 00 00 09 40 00 00 09 00 00 00 00 00 00 
 08 00 00 
    IsEnEnabled(0x14e = 'NV_Read'): 1
 SWTPM_IO_Write: length 29
 80 02 00 00 00 1D 00 00 00 00 00 00 00 0A 00 08 
 00 00 00 00 00 00 00 27 00 00 01 00 00 
 SWTPM_IO_Read: length 35
 80 02 00 00 00 23 00 00 01 4E 01 80 01 02 01 80 
 01 02 00 00 00 09 40 00 00 09 00 00 00 00 00 00 
 B4 00 00 
    IsEnEnabled(0x14e = 'NV_Read'): 1
 SWTPM_IO_Write: length 201
 80 02 00 00 00 C9 00 00 00 00 00 00 00 B6 00 B4 
 43 53 45 52 54 50 4D 31 00 01 01 00 00 00 00 00 
 00 00 00 27 F6 A4 B0 7C 1E 17 36 1A A6 2B BC A2 
 C6 57 9B 38 0F DE 43 BE 44 F3 88 24 A3 DB 42 E8 
 28 55 C1 73 00 00 00 00 00 00 00 01 00 00 00 00 
 00 00 00 01 00 00 00 00 00 00 00 04 00 00 00 00 
 00 00 00 01 00 00 00 00 00 00 00 01 00 00 00 00 
 00 00 00 04 00 00 00 00 00 00 00 04 00 00 00 00 
 00 00 00 26 AD 30 11 0C AB B0 E9 6A A4 F9 8F D5 
 F0 EB 0B 53 EC 78 D3 50 34 9D B5 14 4D 6D 28 06 
 C3 05 AA CA DE CF 04 B3 EF E7 C0 C5 46 80 C7 E2 
 B7 44 65 F6 EE 8B 65 C4 38 E8 9D 8A 8C 9E 27 78 
 FA A9 40 FF 00 00 01 00 00 
 SWTPM_IO_Read: length 35
 80 02 00 00 00 23 00 00 01 4E 01 80 01 03 01 80 
 01 03 00 00 00 09 40 00 00 09 00 00 00 00 00 00 
 08 00 00 
    IsEnEnabled(0x14e = 'NV_Read'): 1
 SWTPM_IO_Write: length 29
 80 02 00 00 00 1D 00 00 00 00 00 00 00 0A 00 08 
 00 00 00 00 00 00 00 04 00 00 01 00 00 
 SWTPM_IO_Read: length 35
 80 02 00 00 00 23 00 00 01 4E 01 80 01 04 01 80 
 01 04 00 00 00 09 40 00 00 09 00 00 00 00 00 00 
 8C 00 00 
    IsEnEnabled(0x14e = 'NV_Read'): 1
 SWTPM_IO_Write: length 161
 80 02 00 00 00 A1 00 00 00 00 00 00 00 8E 00 8C 
 43 53 45 52 54 50 4D 31 00 01 02 00 00 00 00 00 
 00 00 00 04 F6 A4 B0 7C 1E 17 36 1A A6 2B BC A2 
 C6 57 9B 38 0F DE 43 BE 44 F3 88 24 A3 DB 42 E8 
 28 55 C1 73 00 00 00 00 00 00 00 01 00 00 00 00 
 00 00 00 01 00 00 00 00 00 00 00 04 00 00 00 00 
 00 00 00 01 00 00 00 00 00 00 00 01 00 00 00 00 
 00 00 00 04 00 00 00 00 00 00 00 04 E2 E2 92 A1 
 FA 33 F8 D0 4B 21 EB 79 7B 43 70 0A 6C 3A F6 BC 
 49 E0 14 4F 0E 71 83 9B 17 75 20 89 00 00 01 00 
 00 
 SWTPM_IO_Read: length 215
 80 02 00 00 00 D7 00 00 01 37 01 80 01 01 01 80 
 01 01 00 00 00 09 40 00 00 09 00 00 00 00 00 00 
 B4 43 53 45 52 54 50 4D 31 00 01 01 00 00 00 00 
 00 00 00 00 28 F6 A4 B0 7C 1E 17 36 1A A6 2B BC 
 A2 C6 57 9B 38 0F DE 43 BE 44 F3 88 24 A3 DB 42 
 E8 28 55 C1 73 00 00 00 00 00 00 00 01 00 00 00 
 00 00 00 00 01 00 00 00 00 00 00 00 04 00 00 00 
 00 00 00 00 01 00 00 00 00 00 00 00 01 00 00 00 
 00 00 00 00 04 00 00 00 00 00 00 00 04 00 00 00 
 00 00 00 00 27 80 FC E3 81 90 43 AE 3C 42 1F B5 
 B7 6D 63 44 89 4F AF 93 78 21 21 A8 53 24 EE A6 
 B5 D8 B0 0C 3C ED 5D 2C 26 0B E1 53 8A BD 00 4C 
 0E 86 19 E9 62 76 FB 72 F1 4A FF 06 1A 15 D7 EC 
 62 50 11 02 8D 00 00 
    IsEnEnabled(0x137 = 'NV_Write'): 1
 SWTPM_IO_Write: length 19
 80 02 00 00 00 13 00 00 00 00 00 00 00 00 00 00 
 01 00 00 
 SWTPM_IO_Read: length 35
 80 02 00 00 00 23 00 00 01 4E 01 80 01 01 01 80 
 01 01 00 00 00 09 40 00 00 09 00 00 00 00 00 00 
 B4 00 00 
    IsEnEnabled(0x14e = 'NV_Read'): 1
 SWTPM_IO_Write: length 201
 80 02 00 00 00 C9 00 00 00 00 00 00 00 B6 00 B4 
 43 53 45 52 54 50 4D 31 00 01 01 00 00 00 00 00 
 00 00 00 28 F6 A4 B0 7C 1E 17 36 1A A6 2B BC A2 
 C6 57 9B 38 0F DE 43 BE 44 F3 88 24 A3 DB 42 E8 
 28 55 C1 73 00 00 00 00 00 00 00 01 00 00 00 00 
 00 00 00 01 00 00 00 00 00 00 00 04 00 00 00 00 
 00 00 00 01 00 00 00 00 00 00 00 01 00 00 00 00 
 00 00 00 04 00 00 00 00 00 00 00 04 00 00 00 00 
 00 00 00 27 80 FC E3 81 90 43 AE 3C 42 1F B5 B7 
 6D 63 44 89 4F AF 93 78 21 21 A8 53 24 EE A6 B5 
 D8 B0 0C 3C ED 5D 2C 26 0B E1 53 8A BD 00 4C 0E 
 86 19 E9 62 76 FB 72 F1 4A FF 06 1A 15 D7 EC 62 
 50 11 02 8D 00 00 01 00 00 
 SWTPM_IO_Read: length 31
 80 02 00 00 00 1F 00 00 01 34 01 80 01 00 01 80 
 01 00 00 00 00 09 40 00 00 09 00 00 00 00 00 
    IsEnEnabled(0x134 = 'NV_Increment'): 1
 SWTPM_IO_Write: length 19
 80 02 00 00 00 13 00 00 00 00 00 00 00 00 00 00 
 01 00 00 
 SWTPM_IO_Read: length 35
 80 02 00 00 00 23 00 00 01 4E 01 80 01 00 01 80 
 01 00 00 00 00 09 40 00 00 09 00 00 00 00 00 00 
 08 00 00 
    IsEnEnabled(0x14e = 'NV_Read'): 1
 SWTPM_IO_Write: length 29
 80 02 00 00 00 1D 00 00 00 00 00 00 00 0A 00 08 
 00 00 00 00 00 00 00 28 00 00 01 00 00 
 SWTPM_IO_Read: length 14
 80 01 00 00 00 0E 00 00 01 69 01 80 01 00 
    IsEnEnabled(0x169 = 'NV_ReadPublic'): 1
 SWTPM_IO_Write: length 94
 80 01 00 00 00 5E 00 00 00 00 00 2E 01 80 01 00 
 00 0B 62 04 04 14 00 20 47 CE 30 32 D8 BA D1 F3 
 08 9C B0 C0 90 88 DE 43 50 14 91 D4 60 40 2B 90 
 CD 1B 7F C0 B6 8C A9 2F 00 08 00 22 00 0B C1 0D 
 A5 71 71 0D C0 EF 34 03 98 76 52 A2 A1 AA E0 1C 
 A0 C7 A6 3A 2D 8E DE F2 34 F2 EC AA D3 3D 
 SWTPM_IO_Read: length 14
 80 01 00 00 00 0E 00 00 01 69 01 80 01 01 
    IsEnEnabled(0x169 = 'NV_ReadPublic'): 1
 SWTPM_IO_Write: length 94
 80 01 00 00 00 5E 00 00 00 00 00 2E 01 80 01 01 
 00 0B 62 04 14 04 00 20 47 CE 30 32 D8 BA D1 F3 
 08 9C B0 C0 90 88 DE 43 50 14 91 D4 60 40 2B 90 
 CD 1B 7F C0 B6 8C A9 2F 00 B4 00 22 00 0B 61 A3 
 FC 9A 66 53 70 0A 3F E3 E3 E1 EA 84 C9 69 FD 04 
 5F 2D D7 7B 23 4C E6 CD 3B B8 BF 1A 39 F7 
 SWTPM_IO_Read: length 14
 80 01 00 00 00 0E 00 00 01 69 01 80 01 02 
    IsEnEnabled(0x169 = 'NV_ReadPublic'): 1
 SWTPM_IO_Write: length 94
 80 01 00 00 00 5E 00 00 00 00 00 2E 01 80 01 02 
 00 0B 62 04 14 04 00 20 47 CE 30 32 D8 BA D1 F3 
 08 9C B0 C0 90 88 DE 43 50 14 91 D4 60 40 2B 90 
 CD 1B 7F C0 B6 8C A9 2F 00 B4 00 22 00 0B 2A 9A 
 FE FE 5E 5D 33 57 E1 50 C8 04 FA E1 C4 93 88 0A 
 4A 05 92 CD E3 AD 8C 2D 84 BB 33 07 27 E8 
 SWTPM_IO_Read: length 14
 80 01 00 00 00 0E 00 00 01 69 01 80 01 03 
    IsEnEnabled(0x169 = 'NV_ReadPublic'): 1
 SWTPM_IO_Write: length 94
 80 01 00 00 00 5E 00 00 00 00 00 2E 01 80 01 03 
 00 0B 62 04 04 14 00 20 47 CE 30 32 D8 BA D1 F3 
 08 9C B0 C0 90 88 DE 43 50 14 91 D4 60 40 2B 90 
 CD 1B 7F C0 B6 8C A9 2F 00 08 00 22 00 0B 7A 79 
 C8 38 E2 C0 97 B8 E8 F3 B1 6C DF 2B 76 FD DF 55 
 BB 33 8E 92 22 2B A8 2B 2D 77 F6 EA 6E B0 
 SWTPM_IO_Read: length 14
 80 01 00 00 00 0E 00 00 01 69 01 80 01 04 
    IsEnEnabled(0x169 = 'NV_ReadPublic'): 1
 SWTPM_IO_Write: length 94
 80 01 00 00 00 5E 00 00 00 00 00 2E 01 80 01 04 
 00 0B 62 04 14 04 00 20 47 CE 30 32 D8 BA D1 F3 
 08 9C B0 C0 90 88 DE 43 50 14 91 D4 60 40 2B 90 
 CD 1B 7F C0 B6 8C A9 2F 00 8C 00 22 00 0B 71 EF 
 44 50 1B 87 8C 5C 3C 0A 28 E2 38 93 CD 2B FA 86 
 21 68 21 E8 7D 6B C8 B5 59 BE 8C 97 DC 5D 
 SWTPM_IO_Read: length 14
 80 01 00 00 00 0E 00 00 01 69 01 80 01 05 
    IsEnEnabled(0x169 = 'NV_ReadPublic'): 1
 SWTPM_IO_Write: length 94
 80 01 00 00 00 5E 00 00 00 00 00 2E 01 80 01 05 
 00 0B 62 04 14 04 00 20 47 CE 30 32 D8 BA D1 F3 
 08 9C B0 C0 90 88 DE 43 50 14 91 D4 60 40 2B 90 
 CD 1B 7F C0 B6 8C A9 2F 00 8C 00 22 00 0B 9F 57 
 47 9A 60 C8 7F EF 0C B5 C9 E6 F9 CE 89 60 6D 20 
 21 70 1C 55 93 90 F1 14 82 75 F0 CC F1 D5 
 SWTPM_IO_Read: length 35
 80 02 00 00 00 23 00 00 01 4E 01 80 01 00 01 80 
 01 00 00 00 00 09 40 00 00 09 00 00 00 00 00 00 
 08 00 00 
    IsEnEnabled(0x14e = 'NV_Read'): 1
 SWTPM_IO_Write: length 29
 80 02 00 00 00 1D 00 00 00 00 00 00 00 0A 00 08 
 00 00 00 00 00 00 00 28 00 00 01 00 00 
 SWTPM_IO_Read: length 35
 80 02 00 00 00 23 00 00 01 4E 01 80 01 01 01 80 
 01 01 00 00 00 09 40 00 00 09 00 00 00 00 00 00 
 B4 00 00 
    IsEnEnabled(0x14e = 'NV_Read'): 1
 SWTPM_IO_Write: length 201
 80 02 00 00 00 C9 00 00 00 00 00 00 00 B6 00 B4 
 43 53 45 52 54 50 4D 31 00 01 01 00 00 00 00 00 
 00 00 00 28 F6 A4 B0 7C 1E 17 36 1A A6 2B BC A2 
 C6 57 9B 38 0F DE 43 BE 44 F3 88 24 A3 DB 42 E8 
 28 55 C1 73 00 00 00 00 00 00 00 01 00 00 00 00 
 00 00 00 01 00 00 00 00 00 00 00 04 00 00 00 00 
 00 00 00 01 00 00 00 00 00 00 00 01 00 00 00 00 
 00 00 00 04 00 00 00 00 00 00 00 04 00 00 00 00 
 00 00 00 27 80 FC E3 81 90 43 AE 3C 42 1F B5 B7 
 6D 63 44 89 4F AF 93 78 21 21 A8 53 24 EE A6 B5 
 D8 B0 0C 3C ED 5D 2C 26 0B E1 53 8A BD 00 4C 0E 
 86 19 E9 62 76 FB 72 F1 4A FF 06 1A 15 D7 EC 62 
 50 11 02 8D 00 00 01 00 00 
 SWTPM_IO_Read: length 35
 80 02 00 00 00 23 00 00 01 4E 01 80 01 03 01 80 
 01 03 00 00 00 09 40 00 00 09 00 00 00 00 00 00 
 08 00 00 
    IsEnEnabled(0x14e = 'NV_Read'): 1
 SWTPM_IO_Write: length 29
 80 02 00 00 00 1D 00 00 00 00 00 00 00 0A 00 08 
 00 00 00 00 00 00 00 04 00 00 01 00 00 
 SWTPM_IO_Read: length 35
 80 02 00 00 00 23 00 00 01 4E 01 80 01 04 01 80 
 01 04 00 00 00 09 40 00 00 09 00 00 00 00 00 00 
 8C 00 00 
    IsEnEnabled(0x14e = 'NV_Read'): 1
 SWTPM_IO_Write: length 161
 80 02 00 00 00 A1 00 00 00 00 00 00 00 8E 00 8C 
 43 53 45 52 54 50 4D 31 00 01 02 00 00 00 00 00 
 00 00 00 04 F6 A4 B0 7C 1E 17 36 1A A6 2B BC A2 
 C6 57 9B 38 0F DE 43 BE 44 F3 88 24 A3 DB 42 E8 
 28 55 C1 73 00 00 00 00 00 00 00 01 00 00 00 00 
 00 00 00 01 00 00 00 00 00 00 00 04 00 00 00 00 
 00 00 00 01 00 00 00 00 00 00 00 01 00 00 00 00 
 00 00 00 04 00 00 00 00 00 00 00 04 E2 E2 92 A1 
 FA 33 F8 D0 4B 21 EB 79 7B 43 70 0A 6C 3A F6 BC 
 49 E0 14 4F 0E 71 83 9B 17 75 20 89 00 00 01 00 
 00 
 SWTPM_IO_Read: length 215
 80 02 00 00 00 D7 00 00 01 37 01 80 01 02 01 80 
 01 02 00 00 00 09 40 00 00 09 00 00 00 00 00 00 
 B4 43 53 45 52 54 50 4D 31 00 01 01 00 00 00 00 
 00 00 00 00 29 F6 A4 B0 7C 1E 17 36 1A A6 2B BC 
 A2 C6 57 9B 38 0F DE 43 BE 44 F3 88 24 A3 DB 42 
 E8 28 55 C1 73 00 00 00 00 00 00 00 01 00 00 00 
 00 00 00 00 01 00 00 00 00 00 00 00 04 00 00 00 
 00 00 00 00 01 00 00 00 00 00 00 00 01 00 00 00 
 00 00 00 00 04 00 00 00 00 00 00 00 04 00 00 00 
 00 00 00 00 28 27 3B CC 02 87 35 95 A9 41 32 02 
 9F 6B DA 3B AC 6C FA 5A E8 9A AA 29 37 6F EE 67 
 A0 F3 0C 26 14 C2 5D D6 D5 3F 26 5C 27 AA 83 2E 
 93 52 AD 10 55 B1 30 7C 33 A3 82 E8 33 FF B7 C0 
 00 7A 4E 37 18 00 00 
    IsEnEnabled(0x137 = 'NV_Write'): 1
 SWTPM_IO_Write: length 19
 80 02 00 00 00 13 00 00 00 00 00 00 00 00 00 00 
 01 00 00 
 SWTPM_IO_Read: length 35
 80 02 00 00 00 23 00 00 01 4E 01 80 01 02 01 80 
 01 02 00 00 00 09 40 00 00 09 00 00 00 00 00 00 
 B4 00 00 
    IsEnEnabled(0x14e = 'NV_Read'): 1
 SWTPM_IO_Write: length 201
 80 02 00 00 00 C9 00 00 00 00 00 00 00 B6 00 B4 
 43 53 45 52 54 50 4D 31 00 01 01 00 00 00 00 00 
 00 00 00 29 F6 A4 B0 7C 1E 17 36 1A A6 2B BC A2 
 C6 57 9B 38 0F DE 43 BE 44 F3 88 24 A3 DB 42 E8 
 28 55 C1 73 00 00 00 00 00 00 00 01 00 00 00 00 
 00 00 00 01 00 00 00 00 00 00 00 04 00 00 00 00 
 00 00 00 01 00 00 00 00 00 00 00 01 00 00 00 00 
 00 00 00 04 00 00 00 00 00 00 00 04 00 00 00 00 
 00 00 00 28 27 3B CC 02 87 35 95 A9 41 32 02 9F 
 6B DA 3B AC 6C FA 5A E8 9A AA 29 37 6F EE 67 A0 
 F3 0C 26 14 C2 5D D6 D5 3F 26 5C 27 AA 83 2E 93 
 52 AD 10 55 B1 30 7C 33 A3 82 E8 33 FF B7 C0 00 
 7A 4E 37 18 00 00 01 00 00 
 SWTPM_IO_Read: length 31
 80 02 00 00 00 1F 00 00 01 34 01 80 01 00 01 80 
 01 00 00 00 00 09 40 00 00 09 00 00 00 00 00 
    IsEnEnabled(0x134 = 'NV_Increment'): 1
 SWTPM_IO_Write: length 19
 80 02 00 00 00 13 00 00 00 00 00 00 00 00 00 00 
 01 00 00 
 SWTPM_IO_Read: length 35
 80 02 00 00 00 23 00 00 01 4E 01 80 01 00 01 80 
 01 00 00 00 00 09 40 00 00 09 00 00 00 00 00 00 
 08 00 00 
    IsEnEnabled(0x14e = 'NV_Read'): 1
 SWTPM_IO_Write: length 29
 80 02 00 00 00 1D 00 00 00 00 00 00 00 0A 00 08 
 00 00 00 00 00 00 00 29 00 00 01 00 00 
 SWTPM_IO_Read: length 14
 80 01 00 00 00 0E 00 00 01 69 01 80 01 00 
    IsEnEnabled(0x169 = 'NV_ReadPublic'): 1
 SWTPM_IO_Write: length 94
 80 01 00 00 00 5E 00 00 00 00 00 2E 01 80 01 00 
 00 0B 62 04 04 14 00 20 47 CE 30 32 D8 BA D1 F3 
 08 9C B0 C0 90 88 DE 43 50 14 91 D4 60 40 2B 90 
 CD 1B 7F C0 B6 8C A9 2F 00 08 00 22 00 0B C1 0D 
 A5 71 71 0D C0 EF 34 03 98 76 52 A2 A1 AA E0 1C 
 A0 C7 A6 3A 2D 8E DE F2 34 F2 EC AA D3 3D 
 SWTPM_IO_Read: length 14
 80 01 00 00 00 0E 00 00 01 69 01 80 01 01 
    IsEnEnabled(0x169 = 'NV_ReadPublic'): 1
 SWTPM_IO_Write: length 94
 80 01 00 00 00 5E 00 00 00 00 00 2E 01 80 01 01 
 00 0B 62 04 14 04 00 20 47 CE 30 32 D8 BA D1 F3 
 08 9C B0 C0 90 88 DE 43 50 14 91 D4 60 40 2B 90 
 CD 1B 7F C0 B6 8C A9 2F 00 B4 00 22 00 0B 61 A3 
 FC 9A 66 53 70 0A 3F E3 E3 E1 EA 84 C9 69 FD 04 
 5F 2D D7 7B 23 4C E6 CD 3B B8 BF 1A 39 F7 
 SWTPM_IO_Read: length 14
 80 01 00 00 00 0E 00 00 01 69 01 80 01 02 
    IsEnEnabled(0x169 = 'NV_ReadPublic'): 1
 SWTPM_IO_Write: length 94
 80 01 00 00 00 5E 00 00 00 00 00 2E 01 80 01 02 
 00 0B 62 04 14 04 00 20 47 CE 30 32 D8 BA D1 F3 
 08 9C B0 C0 90 88 DE 43 50 14 91 D4 60 40 2B 90 
 CD 1B 7F C0 B6 8C A9 2F 00 B4 00 22 00 0B 2A 9A 
 FE FE 5E 5D 33 57 E1 50 C8 04 FA E1 C4 93 88 0A 
 4A 05 92 CD E3 AD 8C 2D 84 BB 33 07 27 E8 
 SWTPM_IO_Read: length 14
 80 01 00 00 00 0E 00 00 01 69 01 80 01 03 
    IsEnEnabled(0x169 = 'NV_ReadPublic'): 1
 SWTPM_IO_Write: length 94
 80 01 00 00 00 5E 00 00 00 00 00 2E 01 80 01 03 
 00 0B 62 04 04 14 00 20 47 CE 30 32 D8 BA D1 F3 
 08 9C B0 C0 90 88 DE 43 50 14 91 D4 60 40 2B 90 
 CD 1B 7F C0 B6 8C A9 2F 00 08 00 22 00 0B 7A 79 
 C8 38 E2 C0 97 B8 E8 F3 B1 6C DF 2B 76 FD DF 55 
 BB 33 8E 92 22 2B A8 2B 2D 77 F6 EA 6E B0 
 SWTPM_IO_Read: length 14
 80 01 00 00 00 0E 00 00 01 69 01 80 01 04 
    IsEnEnabled(0x169 = 'NV_ReadPublic'): 1
 SWTPM_IO_Write: length 94
 80 01 00 00 00 5E 00 00 00 00 00 2E 01 80 01 04 
 00 0B 62 04 14 04 00 20 47 CE 30 32 D8 BA D1 F3 
 08 9C B0 C0 90 88 DE 43 50 14 91 D4 60 40 2B 90 
 CD 1B 7F C0 B6 8C A9 2F 00 8C 00 22 00 0B 71 EF 
 44 50 1B 87 8C 5C 3C 0A 28 E2 38 93 CD 2B FA 86 
 21 68 21 E8 7D 6B C8 B5 59 BE 8C 97 DC 5D 
 SWTPM_IO_Read: length 14
 80 01 00 00 00 0E 00 00 01 69 01 80 01 05 
    IsEnEnabled(0x169 = 'NV_ReadPublic'): 1
 SWTPM_IO_Write: length 94
 80 01 00 00 00 5E 00 00 00 00 00 2E 01 80 01 05 
 00 0B 62 04 14 04 00 20 47 CE 30 32 D8 BA D1 F3 
 08 9C B0 C0 90 88 DE 43 50 14 91 D4 60 40 2B 90 
 CD 1B 7F C0 B6 8C A9 2F 00 8C 00 22 00 0B 9F 57 
 47 9A 60 C8 7F EF 0C B5 C9 E6 F9 CE 89 60 6D 20 
 21 70 1C 55 93 90 F1 14 82 75 F0 CC F1 D5 
 SWTPM_IO_Read: length 35
 80 02 00 00 00 23 00 00 01 4E 01 80 01 00 01 80 
 01 00 00 00 00 09 40 00 00 09 00 00 00 00 00 00 
 08 00 00 
    IsEnEnabled(0x14e = 'NV_Read'): 1
 SWTPM_IO_Write: length 29
 80 02 00 00 00 1D 00 00 00 00 00 00 00 0A 00 08 
 00 00 00 00 00 00 00 29 00 00 01 00 00 
 SWTPM_IO_Read: length 35
 80 02 00 00 00 23 00 00 01 4E 01 80 01 02 01 80 
 01 02 00 00 00 09 40 00 00 09 00 00 00 00 00 00 
 B4 00 00 
    IsEnEnabled(0x14e = 'NV_Read'): 1
 SWTPM_IO_Write: length 201
 80 02 00 00 00 C9 00 00 00 00 00 00 00 B6 00 B4 
 43 53 45 52 54 50 4D 31 00 01 01 00 00 00 00 00 
 00 00 00 29 F6 A4 B0 7C 1E 17 36 1A A6 2B BC A2 
 C6 57 9B 38 0F DE 43 BE 44 F3 88 24 A3 DB 42 E8 
 28 55 C1 73 00 00 00 00 00 00 00 01 00 00 00 00 
 00 00 00 01 00 00 00 00 00 00 00 04 00 00 00 00 
 00 00 00 01 00 00 00 00 00 00 00 01 00 00 00 00 
 00 00 00 04 00 00 00 00 00 00 00 04 00 00 00 00 
 00 00 00 28 27 3B CC 02 87 35 95 A9 41 32 02 9F 
 6B DA 3B AC 6C FA 5A E8 9A AA 29 37 6F EE 67 A0 
 F3 0C 26 14 C2 5D D6 D5 3F 26 5C 27 AA 83 2E 93 
 52 AD 10 55 B1 30 7C 33 A3 82 E8 33 FF B7 C0 00 
 7A 4E 37 18 00 00 01 00 00 
 SWTPM_IO_Read: length 35
 80 02 00 00 00 23 00 00 01 4E 01 80 01 03 01 80 
 01 03 00 00 00 09 40 00 00 09 00 00 00 00 00 00 
 08 00 00 
    IsEnEnabled(0x14e = 'NV_Read'): 1
 SWTPM_IO_Write: length 29
 80 02 00 00 00 1D 00 00 00 00 00 00 00 0A 00 08 
 00 00 00 00 00 00 00 04 00 00 01 00 00 
 SWTPM_IO_Read: length 35
 80 02 00 00 00 23 00 00 01 4E 01 80 01 04 01 80 
 01 04 00 00 00 09 40 00 00 09 00 00 00 00 00 00 
 8C 00 00 
    IsEnEnabled(0x14e = 'NV_Read'): 1
 SWTPM_IO_Write: length 161
 80 02 00 00 00 A1 00 00 00 00 00 00 00 8E 00 8C 
 43 53 45 52 54 50 4D 31 00 01 02 00 00 00 00 00 
 00 00 00 04 F6 A4 B0 7C 1E 17 36 1A A6 2B BC A2 
 C6 57 9B 38 0F DE 43 BE 44 F3 88 24 A3 DB 42 E8 
 28 55 C1 73 00 00 00 00 00 00 00 01 00 00 00 00 
 00 00 00 01 00 00 00 00 00 00 00 04 00 00 00 00 
 00 00 00 01 00 00 00 00 00 00 00 01 00 00 00 00 
 00 00 00 04 00 00 00 00 00 00 00 04 E2 E2 92 A1 
 FA 33 F8 D0 4B 21 EB 79 7B 43 70 0A 6C 3A F6 BC 
 49 E0 14 4F 0E 71 83 9B 17 75 20 89 00 00 01 00 
 00 
 SWTPM_IO_Read: length 215
 80 02 00 00 00 D7 00 00 01 37 01 80 01 01 01 80 
 01 01 00 00 00 09 40 00 00 09 00 00 00 00 00 00 
 B4 43 53 45 52 54 50 4D 31 00 01 01 00 00 00 00 
 00 00 00 00 2A F6 A4 B0 7C 1E 17 36 1A A6 2B BC 
 A2 C6 57 9B 38 0F DE 43 BE 44 F3 88 24 A3 DB 42 
 E8 28 55 C1 73 00 00 00 00 00 00 00 01 00 00 00 
 00 00 00 00 01 00 00 00 00 00 00 00 04 00 00 00 
 00 00 00 00 01 00 00 00 00 00 00 00 01 00 00 00 
 00 00 00 00 04 00 00 00 00 00 00 00 04 00 00 00 
 00 00 00 00 29 2C E2 AA 88 1C 54 00 87 56 85 A8 
 8F AE 9E CC 55 ED F3 54 04 97 EB E1 EE 0A 57 71 
 E5 75 78 60 25 6F 8C AA D4 94 6A 3D 86 E1 1D F5 
 8A 0E 85 6A 30 0D 79 D7 62 12 FA 84 D8 3D 44 FD 
 15 26 F8 02 58 00 00 
    IsEnEnabled(0x137 = 'NV_Write'): 1
 SWTPM_IO_Write: length 19
 80 02 00 00 00 13 00 00 00 00 00 00 00 00 00 00 
 01 00 00 
 SWTPM_IO_Read: length 35
 80 02 00 00 00 23 00 00 01 4E 01 80 01 01 01 80 
 01 01 00 00 00 09 40 00 00 09 00 00 00 00 00 00 
 B4 00 00 
    IsEnEnabled(0x14e = 'NV_Read'): 1
 SWTPM_IO_Write: length 201
 80 02 00 00 00 C9 00 00 00 00 00 00 00 B6 00 B4 
 43 53 45 52 54 50 4D 31 00 01 01 00 00 00 00 00 
 00 00 00 2A F6 A4 B0 7C 1E 17 36 1A A6 2B BC A2 
 C6 57 9B 38 0F DE 43 BE 44 F3 88 24 A3 DB 42 E8 
 28 55 C1 73 00 00 00 00 00 00 00 01 00 00 00 00 
 00 00 00 01 00 00 00 00 00 00 00 04 00 00 00 00 
 00 00 00 01 00 00 00 00 00 00 00 01 00 00 00 00 
 00 00 00 04 00 00 00 00 00 00 00 04 00 00 00 00 
 00 00 00 29 2C E2 AA 88 1C 54 00 87 56 85 A8 8F 
 AE 9E CC 55 ED F3 54 04 97 EB E1 EE 0A 57 71 E5 
 75 78 60 25 6F 8C AA D4 94 6A 3D 86 E1 1D F5 8A 
 0E 85 6A 30 0D 79 D7 62 12 FA 84 D8 3D 44 FD 15 
 26 F8 02 58 00 00 01 00 00 
 SWTPM_IO_Read: length 31
 80 02 00 00 00 1F 00 00 01 34 01 80 01 00 01 80 
 01 00 00 00 00 09 40 00 00 09 00 00 00 00 00 
    IsEnEnabled(0x134 = 'NV_Increment'): 1
 SWTPM_IO_Write: length 19
 80 02 00 00 00 13 00 00 00 00 00 00 00 00 00 00 
 01 00 00 
 SWTPM_IO_Read: length 35
 80 02 00 00 00 23 00 00 01 4E 01 80 01 00 01 80 
 01 00 00 00 00 09 40 00 00 09 00 00 00 00 00 00 
 08 00 00 
    IsEnEnabled(0x14e = 'NV_Read'): 1
 SWTPM_IO_Write: length 29
 80 02 00 00 00 1D 00 00 00 00 00 00 00 0A 00 08 
 00 00 00 00 00 00 00 2A 00 00 01 00 00 
 SWTPM_IO_Read: length 14
 80 01 00 00 00 0E 00 00 01 69 01 80 01 00 
    IsEnEnabled(0x169 = 'NV_ReadPublic'): 1
 SWTPM_IO_Write: length 94
 80 01 00 00 00 5E 00 00 00 00 00 2E 01 80 01 00 
 00 0B 62 04 04 14 00 20 47 CE 30 32 D8 BA D1 F3 
 08 9C B0 C0 90 88 DE 43 50 14 91 D4 60 40 2B 90 
 CD 1B 7F C0 B6 8C A9 2F 00 08 00 22 00 0B C1 0D 
 A5 71 71 0D C0 EF 34 03 98 76 52 A2 A1 AA E0 1C 
 A0 C7 A6 3A 2D 8E DE F2 34 F2 EC AA D3 3D 
 SWTPM_IO_Read: length 14
 80 01 00 00 00 0E 00 00 01 69 01 80 01 01 
    IsEnEnabled(0x169 = 'NV_ReadPublic'): 1
 SWTPM_IO_Write: length 94
 80 01 00 00 00 5E 00 00 00 00 00 2E 01 80 01 01 
 00 0B 62 04 14 04 00 20 47 CE 30 32 D8 BA D1 F3 
 08 9C B0 C0 90 88 DE 43 50 14 91 D4 60 40 2B 90 
 CD 1B 7F C0 B6 8C A9 2F 00 B4 00 22 00 0B 61 A3 
 FC 9A 66 53 70 0A 3F E3 E3 E1 EA 84 C9 69 FD 04 
 5F 2D D7 7B 23 4C E6 CD 3B B8 BF 1A 39 F7 
 SWTPM_IO_Read: length 14
 80 01 00 00 00 0E 00 00 01 69 01 80 01 02 
    IsEnEnabled(0x169 = 'NV_ReadPublic'): 1
 SWTPM_IO_Write: length 94
 80 01 00 00 00 5E 00 00 00 00 00 2E 01 80 01 02 
 00 0B 62 04 14 04 00 20 47 CE 30 32 D8 BA D1 F3 
 08 9C B0 C0 90 88 DE 43 50 14 91 D4 60 40 2B 90 
 CD 1B 7F C0 B6 8C A9 2F 00 B4 00 22 00 0B 2A 9A 
 FE FE 5E 5D 33 57 E1 50 C8 04 FA E1 C4 93 88 0A 
 4A 05 92 CD E3 AD 8C 2D 84 BB 33 07 27 E8 
 SWTPM_IO_Read: length 14
 80 01 00 00 00 0E 00 00 01 69 01 80 01 03 
    IsEnEnabled(0x169 = 'NV_ReadPublic'): 1
 SWTPM_IO_Write: length 94
 80 01 00 00 00 5E 00 00 00 00 00 2E 01 80 01 03 
 00 0B 62 04 04 14 00 20 47 CE 30 32 D8 BA D1 F3 
 08 9C B0 C0 90 88 DE 43 50 14 91 D4 60 40 2B 90 
 CD 1B 7F C0 B6 8C A9 2F 00 08 00 22 00 0B 7A 79 
 C8 38 E2 C0 97 B8 E8 F3 B1 6C DF 2B 76 FD DF 55 
 BB 33 8E 92 22 2B A8 2B 2D 77 F6 EA 6E B0 
 SWTPM_IO_Read: length 14
 80 01 00 00 00 0E 00 00 01 69 01 80 01 04 
    IsEnEnabled(0x169 = 'NV_ReadPublic'): 1
 SWTPM_IO_Write: length 94
 80 01 00 00 00 5E 00 00 00 00 00 2E 01 80 01 04 
 00 0B 62 04 14 04 00 20 47 CE 30 32 D8 BA D1 F3 
 08 9C B0 C0 90 88 DE 43 50 14 91 D4 60 40 2B 90 
 CD 1B 7F C0 B6 8C A9 2F 00 8C 00 22 00 0B 71 EF 
 44 50 1B 87 8C 5C 3C 0A 28 E2 38 93 CD 2B FA 86 
 21 68 21 E8 7D 6B C8 B5 59 BE 8C 97 DC 5D 
 SWTPM_IO_Read: length 14
 80 01 00 00 00 0E 00 00 01 69 01 80 01 05 
    IsEnEnabled(0x169 = 'NV_ReadPublic'): 1
 SWTPM_IO_Write: length 94
 80 01 00 00 00 5E 00 00 00 00 00 2E 01 80 01 05 
 00 0B 62 04 14 04 00 20 47 CE 30 32 D8 BA D1 F3 
 08 9C B0 C0 90 88 DE 43 50 14 91 D4 60 40 2B 90 
 CD 1B 7F C0 B6 8C A9 2F 00 8C 00 22 00 0B 9F 57 
 47 9A 60 C8 7F EF 0C B5 C9 E6 F9 CE 89 60 6D 20 
 21 70 1C 55 93 90 F1 14 82 75 F0 CC F1 D5 
 SWTPM_IO_Read: length 35
 80 02 00 00 00 23 00 00 01 4E 01 80 01 00 01 80 
 01 00 00 00 00 09 40 00 00 09 00 00 00 00 00 00 
 08 00 00 
    IsEnEnabled(0x14e = 'NV_Read'): 1
 SWTPM_IO_Write: length 29
 80 02 00 00 00 1D 00 00 00 00 00 00 00 0A 00 08 
 00 00 00 00 00 00 00 2A 00 00 01 00 00 
 SWTPM_IO_Read: length 35
 80 02 00 00 00 23 00 00 01 4E 01 80 01 01 01 80 
 01 01 00 00 00 09 40 00 00 09 00 00 00 00 00 00 
 B4 00 00 
    IsEnEnabled(0x14e = 'NV_Read'): 1
 SWTPM_IO_Write: length 201
 80 02 00 00 00 C9 00 00 00 00 00 00 00 B6 00 B4 
 43 53 45 52 54 50 4D 31 00 01 01 00 00 00 00 00 
 00 00 00 2A F6 A4 B0 7C 1E 17 36 1A A6 2B BC A2 
 C6 57 9B 38 0F DE 43 BE 44 F3 88 24 A3 DB 42 E8 
 28 55 C1 73 00 00 00 00 00 00 00 01 00 00 00 00 
 00 00 00 01 00 00 00 00 00 00 00 04 00 00 00 00 
 00 00 00 01 00 00 00 00 00 00 00 01 00 00 00 00 
 00 00 00 04 00 00 00 00 00 00 00 04 00 00 00 00 
 00 00 00 29 2C E2 AA 88 1C 54 00 87 56 85 A8 8F 
 AE 9E CC 55 ED F3 54 04 97 EB E1 EE 0A 57 71 E5 
 75 78 60 25 6F 8C AA D4 94 6A 3D 86 E1 1D F5 8A 
 0E 85 6A 30 0D 79 D7 62 12 FA 84 D8 3D 44 FD 15 
 26 F8 02 58 00 00 01 00 00 
 SWTPM_IO_Read: length 35
 80 02 00 00 00 23 00 00 01 4E 01 80 01 03 01 80 
 01 03 00 00 00 09 40 00 00 09 00 00 00 00 00 00 
 08 00 00 
    IsEnEnabled(0x14e = 'NV_Read'): 1
 SWTPM_IO_Write: length 29
 80 02 00 00 00 1D 00 00 00 00 00 00 00 0A 00 08 
 00 00 00 00 00 00 00 04 00 00 01 00 00 
 SWTPM_IO_Read: length 35
 80 02 00 00 00 23 00 00 01 4E 01 80 01 04 01 80 
 01 04 00 00 00 09 40 00 00 09 00 00 00 00 00 00 
 8C 00 00 
    IsEnEnabled(0x14e = 'NV_Read'): 1
 SWTPM_IO_Write: length 161
 80 02 00 00 00 A1 00 00 00 00 00 00 00 8E 00 8C 
 43 53 45 52 54 50 4D 31 00 01 02 00 00 00 00 00 
 00 00 00 04 F6 A4 B0 7C 1E 17 36 1A A6 2B BC A2 
 C6 57 9B 38 0F DE 43 BE 44 F3 88 24 A3 DB 42 E8 
 28 55 C1 73 00 00 00 00 00 00 00 01 00 00 00 00 
 00 00 00 01 00 00 00 00 00 00 00 04 00 00 00 00 
 00 00 00 01 00 00 00 00 00 00 00 01 00 00 00 00 
 00 00 00 04 00 00 00 00 00 00 00 04 E2 E2 92 A1 
 FA 33 F8 D0 4B 21 EB 79 7B 43 70 0A 6C 3A F6 BC 
 49 E0 14 4F 0E 71 83 9B 17 75 20 89 00 00 01 00 
 00 
 SWTPM_IO_Read: length 215
 80 02 00 00 00 D7 00 00 01 37 01 80 01 02 01 80 
 01 02 00 00 00 09 40 00 00 09 00 00 00 00 00 00 
 B4 43 53 45 52 54 50 4D 31 00 01 01 00 00 00 00 
 00 00 00 00 2B F6 A4 B0 7C 1E 17 36 1A A6 2B BC 
 A2 C6 57 9B 38 0F DE 43 BE 44 F3 88 24 A3 DB 42 
 E8 28 55 C1 73 00 00 00 00 00 00 00 01 00 00 00 
 00 00 00 00 01 00 00 00 00 00 00 00 04 00 00 00 
 00 00 00 00 01 00 00 00 00 00 00 00 01 00 00 00 
 00 00 00 00 04 00 00 00 00 00 00 00 04 00 00 00 
 00 00 00 00 2A 27 DD 0B E9 BB 4C 3E E4 30 33 2E 
 9F 46 F2 55 E3 E9 30 F0 69 40 D1 0F 9A 51 8E 30 
 F1 34 67 69 D8 5D CE CC B2 2A 86 27 8C CF BD 40 
 77 6B 29 2C 22 09 A0 92 81 E8 02 78 CC D5 07 A8 
 5B DB 23 AF CF 00 00 
    IsEnEnabled(0x137 = 'NV_Write'): 1
 SWTPM_IO_Write: length 19
 80 02 00 00 00 13 00 00 00 00 00 00 00 00 00 00 
 01 00 00 
 SWTPM_IO_Read: length 35
 80 02 00 00 00 23 00 00 01 4E 01 80 01 02 01 80 
 01 02 00 00 00 09 40 00 00 09 00 00 00 00 00 00 
 B4 00 00 
    IsEnEnabled(0x14e = 'NV_Read'): 1
 SWTPM_IO_Write: length 201
 80 02 00 00 00 C9 00 00 00 00 00 00 00 B6 00 B4 
 43 53 45 52 54 50 4D 31 00 01 01 00 00 00 00 00 
 00 00 00 2B F6 A4 B0 7C 1E 17 36 1A A6 2B BC A2 
 C6 57 9B 38 0F DE 43 BE 44 F3 88 24 A3 DB 42 E8 
 28 55 C1 73 00 00 00 00 00 00 00 01 00 00 00 00 
 00 00 00 01 00 00 00 00 00 00 00 04 00 00 00 00 
 00 00 00 01 00 00 00 00 00 00 00 01 00 00 00 00 
 00 00 00 04 00 00 00 00 00 00 00 04 00 00 00 00 
 00 00 00 2A 27 DD 0B E9 BB 4C 3E E4 30 33 2E 9F 
 46 F2 55 E3 E9 30 F0 69 40 D1 0F 9A 51 8E 30 F1 
 34 67 69 D8 5D CE CC B2 2A 86 27 8C CF BD 40 77 
 6B 29 2C 22 09 A0 92 81 E8 02 78 CC D5 07 A8 5B 
 DB 23 AF CF 00 00 01 00 00 
 SWTPM_IO_Read: length 31
 80 02 00 00 00 1F 00 00 01 34 01 80 01 00 01 80 
 01 00 00 00 00 09 40 00 00 09 00 00 00 00 00 
    IsEnEnabled(0x134 = 'NV_Increment'): 1
 SWTPM_IO_Write: length 19
 80 02 00 00 00 13 00 00 00 00 00 00 00 00 00 00 
 01 00 00 
 SWTPM_IO_Read: length 35
 80 02 00 00 00 23 00 00 01 4E 01 80 01 00 01 80 
 01 00 00 00 00 09 40 00 00 09 00 00 00 00 00 00 
 08 00 00 
    IsEnEnabled(0x14e = 'NV_Read'): 1
 SWTPM_IO_Write: length 29
 80 02 00 00 00 1D 00 00 00 00 00 00 00 0A 00 08 
 00 00 00 00 00 00 00 2B 00 00 01 00 00 
 Ctrl Cmd: length 4
 00 00 00 03 
 Ctrl Rsp: length 4
 00 00 00 00 
Warning: Profile-enabled algorithms contain disabled 'RSA-1024-sign(SHA1, pkcs1-pss)'
Warning: Setting OPENSSL_ENABLE_SHA1_SIGNATURES=1
  Tested: camellia-128
  Tested: camellia-256
  Tested: tdes
  Tested: RSA-1024-sign(SHA1, pkcs1-pss)
  Tested: RSA-1024-sign(SHA1, pkcs1)
  Tested: RSA-2048-sign(SHA1, pkcs1-pss)
  Tested: RSA-2048-sign(SHA1, pkcs1)
 Ctrl Cmd: length 4
 00 00 00 10 
 Ctrl Rsp: length 4
 00 00 00 00 
 SWTPM_IO_Read: length 10
 80 01 00 00 00 0A 00 00 01 81 
    IsEnEnabled(0x181 = 'ReadClock'): 1
 SWTPM_IO_Write: length 10
 80 01 00 00 00 0A 00 00 01 00 
 Ctrl Cmd: length 4
 00 00 00 01 
 Ctrl Rsp: length 8
 00 00 00 00 00 01 FF FF 
 Ctrl Cmd: length 4
 00 00 00 0E 
 Ctrl Rsp: length 4
 00 00 00 00 
 Ctrl Cmd: length 8
 00 00 00 11 00 00 00 00 
 Ctrl Rsp: length 16
 00 00 00 00 00 00 10 00 00 00 0A F8 00 00 10 00 
 Ctrl Cmd: length 4
 00 00 00 0E 
 Ctrl Rsp: length 4
 00 00 00 00 
 Ctrl Cmd: length 8
 00 00 00 11 00 00 10 00 
 Ctrl Rsp: length 16
 00 00 00 00 00 00 10 00 00 00 0A F8 00 00 10 00 
 Ctrl Cmd: length 8
 00 00 00 02 00 00 00 00 
  Tested: RSA-1024-sign(SHA1, pkcs1-pss)
  Tested: RSA-1024-sign(SHA1, pkcs1)
  Tested: RSA-2048-sign(SHA1, pkcs1-pss)
  Tested: RSA-2048-sign(SHA1, pkcs1)
  Tested: camellia-128
  Tested: camellia-256
  Tested: tdes
 Ctrl Rsp: length 4
 00 00 00 00 
 Ctrl Cmd: length 4
 00 00 00 04 
 Ctrl Rsp: length 8
 00 00 00 00 00 00 00 00 
 Ctrl Cmd: length 8
 00 00 00 05 00 00 00 00 
 Ctrl Rsp: length 4
 00 00 00 00 
 SWTPM_IO_Read: length 12
 80 01 00 00 00 0C 00 00 01 44 00 00 
    IsEnEnabled(0x144 = 'Startup'): 1
 SWTPM_IO_Write: length 10
 80 01 00 00 00 0A 00 00 00 00 
 SWTPM_IO_Read: length 14
 80 01 00 00 00 0E 00 00 01 69 01 80 01 00 
    IsEnEnabled(0x169 = 'NV_ReadPublic'): 1
 SWTPM_IO_Write: length 94
 80 01 00 00 00 5E 00 00 00 00 00 2E 01 80 01 00 
 00 0B 62 04 04 14 00 20 47 CE 30 32 D8 BA D1 F3 
 08 9C B0 C0 90 88 DE 43 50 14 91 D4 60 40 2B 90 
 CD 1B 7F C0 B6 8C A9 2F 00 08 00 22 00 0B C1 0D 
 A5 71 71 0D C0 EF 34 03 98 76 52 A2 A1 AA E0 1C 
 A0 C7 A6 3A 2D 8E DE F2 34 F2 EC AA D3 3D 
 SWTPM_IO_Read: length 14
 80 01 00 00 00 0E 00 00 01 69 01 80 01 01 
    IsEnEnabled(0x169 = 'NV_ReadPublic'): 1
 SWTPM_IO_Write: length 94
 80 01 00 00 00 5E 00 00 00 00 00 2E 01 80 01 01 
 00 0B 62 04 14 04 00 20 47 CE 30 32 D8 BA D1 F3 
 08 9C B0 C0 90 88 DE 43 50 14 91 D4 60 40 2B 90 
 CD 1B 7F C0 B6 8C A9 2F 00 B4 00 22 00 0B 61 A3 
 FC 9A 66 53 70 0A 3F E3 E3 E1 EA 84 C9 69 FD 04 
 5F 2D D7 7B 23 4C E6 CD 3B B8 BF 1A 39 F7 
 SWTPM_IO_Read: length 14
 80 01 00 00 00 0E 00 00 01 69 01 80 01 02 
    IsEnEnabled(0x169 = 'NV_ReadPublic'): 1
 SWTPM_IO_Write: length 94
 80 01 00 00 00 5E 00 00 00 00 00 2E 01 80 01 02 
 00 0B 62 04 14 04 00 20 47 CE 30 32 D8 BA D1 F3 
 08 9C B0 C0 90 88 DE 43 50 14 91 D4 60 40 2B 90 
 CD 1B 7F C0 B6 8C A9 2F 00 B4 00 22 00 0B 2A 9A 
 FE FE 5E 5D 33 57 E1 50 C8 04 FA E1 C4 93 88 0A 
 4A 05 92 CD E3 AD 8C 2D 84 BB 33 07 27 E8 
 SWTPM_IO_Read: length 14
 80 01 00 00 00 0E 00 00 01 69 01 80 01 03 
    IsEnEnabled(0x169 = 'NV_ReadPublic'): 1
 SWTPM_IO_Write: length 94
 80 01 00 00 00 5E 00 00 00 00 00 2E 01 80 01 03 
 00 0B 62 04 04 14 00 20 47 CE 30 32 D8 BA D1 F3 
 08 9C B0 C0 90 88 DE 43 50 14 91 D4 60 40 2B 90 
 CD 1B 7F C0 B6 8C A9 2F 00 08 00 22 00 0B 7A 79 
 C8 38 E2 C0 97 B8 E8 F3 B1 6C DF 2B 76 FD DF 55 
 BB 33 8E 92 22 2B A8 2B 2D 77 F6 EA 6E B0 
 SWTPM_IO_Read: length 14
 80 01 00 00 00 0E 00 00 01 69 01 80 01 04 
    IsEnEnabled(0x169 = 'NV_ReadPublic'): 1
 SWTPM_IO_Write: length 94
 80 01 00 00 00 5E 00 00 00 00 00 2E 01 80 01 04 
 00 0B 62 04 14 04 00 20 47 CE 30 32 D8 BA D1 F3 
 08 9C B0 C0 90 88 DE 43 50 14 91 D4 60 40 2B 90 
 CD 1B 7F C0 B6 8C A9 2F 00 8C 00 22 00 0B 71 EF 
 44 50 1B 87 8C 5C 3C 0A 28 E2 38 93 CD 2B FA 86 
 21 68 21 E8 7D 6B C8 B5 59 BE 8C 97 DC 5D 
 SWTPM_IO_Read: length 14
 80 01 00 00 00 0E 00 00 01 69 01 80 01 05 
    IsEnEnabled(0x169 = 'NV_ReadPublic'): 1
 SWTPM_IO_Write: length 94
 80 01 00 00 00 5E 00 00 00 00 00 2E 01 80 01 05 
 00 0B 62 04 14 04 00 20 47 CE 30 32 D8 BA D1 F3 
 08 9C B0 C0 90 88 DE 43 50 14 91 D4 60 40 2B 90 
 CD 1B 7F C0 B6 8C A9 2F 00 8C 00 22 00 0B 9F 57 
 47 9A 60 C8 7F EF 0C B5 C9 E6 F9 CE 89 60 6D 20 
 21 70 1C 55 93 90 F1 14 82 75 F0 CC F1 D5 
 SWTPM_IO_Read: length 35
 80 02 00 00 00 23 00 00 01 4E 01 80 01 00 01 80 
 01 00 00 00 00 09 40 00 00 09 00 00 00 00 00 00 
 08 00 00 
    IsEnEnabled(0x14e = 'NV_Read'): 1
 SWTPM_IO_Write: length 29
 80 02 00 00 00 1D 00 00 00 00 00 00 00 0A 00 08 
 00 00 00 00 00 00 00 2B 00 00 01 00 00 
 SWTPM_IO_Read: length 35
 80 02 00 00 00 23 00 00 01 4E 01 80 01 02 01 80 
 01 02 00 00 00 09 40 00 00 09 00 00 00 00 00 00 
 B4 00 00 
    IsEnEnabled(0x14e = 'NV_Read'): 1
 SWTPM_IO_Write: length 201
 80 02 00 00 00 C9 00 00 00 00 00 00 00 B6 00 B4 
 43 53 45 52 54 50 4D 31 00 01 01 00 00 00 00 00 
 00 00 00 2B F6 A4 B0 7C 1E 17 36 1A A6 2B BC A2 
 C6 57 9B 38 0F DE 43 BE 44 F3 88 24 A3 DB 42 E8 
 28 55 C1 73 00 00 00 00 00 00 00 01 00 00 00 00 
 00 00 00 01 00 00 00 00 00 00 00 04 00 00 00 00 
 00 00 00 01 00 00 00 00 00 00 00 01 00 00 00 00 
 00 00 00 04 00 00 00 00 00 00 00 04 00 00 00 00 
 00 00 00 2A 27 DD 0B E9 BB 4C 3E E4 30 33 2E 9F 
 46 F2 55 E3 E9 30 F0 69 40 D1 0F 9A 51 8E 30 F1 
 34 67 69 D8 5D CE CC B2 2A 86 27 8C CF BD 40 77 
 6B 29 2C 22 09 A0 92 81 E8 02 78 CC D5 07 A8 5B 
 DB 23 AF CF 00 00 01 00 00 
 SWTPM_IO_Read: length 35
 80 02 00 00 00 23 00 00 01 4E 01 80 01 03 01 80 
 01 03 00 00 00 09 40 00 00 09 00 00 00 00 00 00 
 08 00 00 
    IsEnEnabled(0x14e = 'NV_Read'): 1
 SWTPM_IO_Write: length 29
 80 02 00 00 00 1D 00 00 00 00 00 00 00 0A 00 08 
 00 00 00 00 00 00 00 04 00 00 01 00 00 
 SWTPM_IO_Read: length 35
 80 02 00 00 00 23 00 00 01 4E 01 80 01 04 01 80 
 01 04 00 00 00 09 40 00 00 09 00 00 00 00 00 00 
 8C 00 00 
    IsEnEnabled(0x14e = 'NV_Read'): 1
 SWTPM_IO_Write: length 161
 80 02 00 00 00 A1 00 00 00 00 00 00 00 8E 00 8C 
 43 53 45 52 54 50 4D 31 00 01 02 00 00 00 00 00 
 00 00 00 04 F6 A4 B0 7C 1E 17 36 1A A6 2B BC A2 
 C6 57 9B 38 0F DE 43 BE 44 F3 88 24 A3 DB 42 E8 
 28 55 C1 73 00 00 00 00 00 00 00 01 00 00 00 00 
 00 00 00 01 00 00 00 00 00 00 00 04 00 00 00 00 
 00 00 00 01 00 00 00 00 00 00 00 01 00 00 00 00 
 00 00 00 04 00 00 00 00 00 00 00 04 E2 E2 92 A1 
 FA 33 F8 D0 4B 21 EB 79 7B 43 70 0A 6C 3A F6 BC 
 49 E0 14 4F 0E 71 83 9B 17 75 20 89 00 00 01 00 
 00 
 SWTPM_IO_Read: length 14
 80 01 00 00 00 0E 00 00 01 69 01 80 01 00 
    IsEnEnabled(0x169 = 'NV_ReadPublic'): 1
 SWTPM_IO_Write: length 94
 80 01 00 00 00 5E 00 00 00 00 00 2E 01 80 01 00 
 00 0B 62 04 04 14 00 20 47 CE 30 32 D8 BA D1 F3 
 08 9C B0 C0 90 88 DE 43 50 14 91 D4 60 40 2B 90 
 CD 1B 7F C0 B6 8C A9 2F 00 08 00 22 00 0B C1 0D 
 A5 71 71 0D C0 EF 34 03 98 76 52 A2 A1 AA E0 1C 
 A0 C7 A6 3A 2D 8E DE F2 34 F2 EC AA D3 3D 
 SWTPM_IO_Read: length 14
 80 01 00 00 00 0E 00 00 01 69 01 80 01 01 
    IsEnEnabled(0x169 = 'NV_ReadPublic'): 1
 SWTPM_IO_Write: length 94
 80 01 00 00 00 5E 00 00 00 00 00 2E 01 80 01 01 
 00 0B 62 04 14 04 00 20 47 CE 30 32 D8 BA D1 F3 
 08 9C B0 C0 90 88 DE 43 50 14 91 D4 60 40 2B 90 
 CD 1B 7F C0 B6 8C A9 2F 00 B4 00 22 00 0B 61 A3 
 FC 9A 66 53 70 0A 3F E3 E3 E1 EA 84 C9 69 FD 04 
 5F 2D D7 7B 23 4C E6 CD 3B B8 BF 1A 39 F7 
 SWTPM_IO_Read: length 14
 80 01 00 00 00 0E 00 00 01 69 01 80 01 02 
    IsEnEnabled(0x169 = 'NV_ReadPublic'): 1
 SWTPM_IO_Write: length 94
 80 01 00 00 00 5E 00 00 00 00 00 2E 01 80 01 02 
 00 0B 62 04 14 04 00 20 47 CE 30 32 D8 BA D1 F3 
 08 9C B0 C0 90 88 DE 43 50 14 91 D4 60 40 2B 90 
 CD 1B 7F C0 B6 8C A9 2F 00 B4 00 22 00 0B 2A 9A 
 FE FE 5E 5D 33 57 E1 50 C8 04 FA E1 C4 93 88 0A 
 4A 05 92 CD E3 AD 8C 2D 84 BB 33 07 27 E8 
 SWTPM_IO_Read: length 14
 80 01 00 00 00 0E 00 00 01 69 01 80 01 03 
    IsEnEnabled(0x169 = 'NV_ReadPublic'): 1
 SWTPM_IO_Write: length 94
 80 01 00 00 00 5E 00 00 00 00 00 2E 01 80 01 03 
 00 0B 62 04 04 14 00 20 47 CE 30 32 D8 BA D1 F3 
 08 9C B0 C0 90 88 DE 43 50 14 91 D4 60 40 2B 90 
 CD 1B 7F C0 B6 8C A9 2F 00 08 00 22 00 0B 7A 79 
 C8 38 E2 C0 97 B8 E8 F3 B1 6C DF 2B 76 FD DF 55 
 BB 33 8E 92 22 2B A8 2B 2D 77 F6 EA 6E B0 
 SWTPM_IO_Read: length 14
 80 01 00 00 00 0E 00 00 01 69 01 80 01 04 
    IsEnEnabled(0x169 = 'NV_ReadPublic'): 1
 SWTPM_IO_Write: length 94
 80 01 00 00 00 5E 00 00 00 00 00 2E 01 80 01 04 
 00 0B 62 04 14 04 00 20 47 CE 30 32 D8 BA D1 F3 
 08 9C B0 C0 90 88 DE 43 50 14 91 D4 60 40 2B 90 
 CD 1B 7F C0 B6 8C A9 2F 00 8C 00 22 00 0B 71 EF 
 44 50 1B 87 8C 5C 3C 0A 28 E2 38 93 CD 2B FA 86 
 21 68 21 E8 7D 6B C8 B5 59 BE 8C 97 DC 5D 
 SWTPM_IO_Read: length 14
 80 01 00 00 00 0E 00 00 01 69 01 80 01 05 
    IsEnEnabled(0x169 = 'NV_ReadPublic'): 1
 SWTPM_IO_Write: length 94
 80 01 00 00 00 5E 00 00 00 00 00 2E 01 80 01 05 
 00 0B 62 04 14 04 00 20 47 CE 30 32 D8 BA D1 F3 
 08 9C B0 C0 90 88 DE 43 50 14 91 D4 60 40 2B 90 
 CD 1B 7F C0 B6 8C A9 2F 00 8C 00 22 00 0B 9F 57 
 47 9A 60 C8 7F EF 0C B5 C9 E6 F9 CE 89 60 6D 20 
 21 70 1C 55 93 90 F1 14 82 75 F0 CC F1 D5 
 SWTPM_IO_Read: length 35
 80 02 00 00 00 23 00 00 01 4E 01 80 01 00 01 80 
 01 00 00 00 00 09 40 00 00 09 00 00 00 00 00 00 
 08 00 00 
    IsEnEnabled(0x14e = 'NV_Read'): 1
 SWTPM_IO_Write: length 29
 80 02 00 00 00 1D 00 00 00 00 00 00 00 0A 00 08 
 00 00 00 00 00 00 00 2B 00 00 01 00 00 
 SWTPM_IO_Read: length 35
 80 02 00 00 00 23 00 00 01 4E 01 80 01 02 01 80 
 01 02 00 00 00 09 40 00 00 09 00 00 00 00 00 00 
 B4 00 00 
    IsEnEnabled(0x14e = 'NV_Read'): 1
 SWTPM_IO_Write: length 201
 80 02 00 00 00 C9 00 00 00 00 00 00 00 B6 00 B4 
 43 53 45 52 54 50 4D 31 00 01 01 00 00 00 00 00 
 00 00 00 2B F6 A4 B0 7C 1E 17 36 1A A6 2B BC A2 
 C6 57 9B 38 0F DE 43 BE 44 F3 88 24 A3 DB 42 E8 
 28 55 C1 73 00 00 00 00 00 00 00 01 00 00 00 00 
 00 00 00 01 00 00 00 00 00 00 00 04 00 00 00 00 
 00 00 00 01 00 00 00 00 00 00 00 01 00 00 00 00 
 00 00 00 04 00 00 00 00 00 00 00 04 00 00 00 00 
 00 00 00 2A 27 DD 0B E9 BB 4C 3E E4 30 33 2E 9F 
 46 F2 55 E3 E9 30 F0 69 40 D1 0F 9A 51 8E 30 F1 
 34 67 69 D8 5D CE CC B2 2A 86 27 8C CF BD 40 77 
 6B 29 2C 22 09 A0 92 81 E8 02 78 CC D5 07 A8 5B 
 DB 23 AF CF 00 00 01 00 00 
 SWTPM_IO_Read: length 35
 80 02 00 00 00 23 00 00 01 4E 01 80 01 03 01 80 
 01 03 00 00 00 09 40 00 00 09 00 00 00 00 00 00 
 08 00 00 
    IsEnEnabled(0x14e = 'NV_Read'): 1
 SWTPM_IO_Write: length 29
 80 02 00 00 00 1D 00 00 00 00 00 00 00 0A 00 08 
 00 00 00 00 00 00 00 04 00 00 01 00 00 
 SWTPM_IO_Read: length 35
 80 02 00 00 00 23 00 00 01 4E 01 80 01 04 01 80 
 01 04 00 00 00 09 40 00 00 09 00 00 00 00 00 00 
 8C 00 00 
    IsEnEnabled(0x14e = 'NV_Read'): 1
 SWTPM_IO_Write: length 161
 80 02 00 00 00 A1 00 00 00 00 00 00 00 8E 00 8C 
 43 53 45 52 54 50 4D 31 00 01 02 00 00 00 00 00 
 00 00 00 04 F6 A4 B0 7C 1E 17 36 1A A6 2B BC A2 
 C6 57 9B 38 0F DE 43 BE 44 F3 88 24 A3 DB 42 E8 
 28 55 C1 73 00 00 00 00 00 00 00 01 00 00 00 00 
 00 00 00 01 00 00 00 00 00 00 00 04 00 00 00 00 
 00 00 00 01 00 00 00 00 00 00 00 01 00 00 00 00 
 00 00 00 04 00 00 00 00 00 00 00 04 E2 E2 92 A1 
 FA 33 F8 D0 4B 21 EB 79 7B 43 70 0A 6C 3A F6 BC 
 49 E0 14 4F 0E 71 83 9B 17 75 20 89 00 00 01 00 
 00 
 SWTPM_IO_Read: length 175
 80 02 00 00 00 AF 00 00 01 37 01 80 01 05 01 80 
 01 05 00 00 00 09 40 00 00 09 00 00 00 00 00 00 
 8C 43 53 45 52 54 50 4D 31 00 01 02 00 00 00 00 
 00 00 00 00 05 F6 A4 B0 7C 1E 17 36 1A A6 2B BC 
 A2 C6 57 9B 38 0F DE 43 BE 44 F3 88 24 A3 DB 42 
 E8 28 55 C1 73 00 00 00 00 00 00 00 01 00 00 00 
 00 00 00 00 01 00 00 00 00 00 00 00 05 00 00 00 
 00 00 00 00 01 00 00 00 00 00 00 00 01 00 00 00 
 00 00 00 00 05 00 00 00 00 00 00 00 05 71 50 26 
 1C E7 80 D7 B4 CC EF E9 AB 5A DD A0 74 E8 7B 7B 
 05 40 FF CE CF 66 E5 D9 E6 85 8F 88 B3 00 00 
    IsEnEnabled(0x137 = 'NV_Write'): 1
 SWTPM_IO_Write: length 19
 80 02 00 00 00 13 00 00 00 00 00 00 00 00 00 00 
 01 00 00 
 SWTPM_IO_Read: length 35
 80 02 00 00 00 23 00 00 01 4E 01 80 01 05 01 80 
 01 05 00 00 00 09 40 00 00 09 00 00 00 00 00 00 
 8C 00 00 
    IsEnEnabled(0x14e = 'NV_Read'): 1
 SWTPM_IO_Write: length 161
 80 02 00 00 00 A1 00 00 00 00 00 00 00 8E 00 8C 
 43 53 45 52 54 50 4D 31 00 01 02 00 00 00 00 00 
 00 00 00 05 F6 A4 B0 7C 1E 17 36 1A A6 2B BC A2 
 C6 57 9B 38 0F DE 43 BE 44 F3 88 24 A3 DB 42 E8 
 28 55 C1 73 00 00 00 00 00 00 00 01 00 00 00 00 
 00 00 00 01 00 00 00 00 00 00 00 05 00 00 00 00 
 00 00 00 01 00 00 00 00 00 00 00 01 00 00 00 00 
 00 00 00 05 00 00 00 00 00 00 00 05 71 50 26 1C 
 E7 80 D7 B4 CC EF E9 AB 5A DD A0 74 E8 7B 7B 05 
 40 FF CE CF 66 E5 D9 E6 85 8F 88 B3 00 00 01 00 
 00 
 SWTPM_IO_Read: length 31
 80 02 00 00 00 1F 00 00 01 34 01 80 01 03 01 80 
 01 03 00 00 00 09 40 00 00 09 00 00 00 00 00 
    IsEnEnabled(0x134 = 'NV_Increment'): 1
 SWTPM_IO_Write: length 19
 80 02 00 00 00 13 00 00 00 00 00 00 00 00 00 00 
 01 00 00 
 SWTPM_IO_Read: length 35
 80 02 00 00 00 23 00 00 01 4E 01 80 01 03 01 80 
 01 03 00 00 00 09 40 00 00 09 00 00 00 00 00 00 
 08 00 00 
    IsEnEnabled(0x14e = 'NV_Read'): 1
 SWTPM_IO_Write: length 29
 80 02 00 00 00 1D 00 00 00 00 00 00 00 0A 00 08 
 00 00 00 00 00 00 00 05 00 00 01 00 00 
 SWTPM_IO_Read: length 14
 80 01 00 00 00 0E 00 00 01 69 01 80 01 00 
    IsEnEnabled(0x169 = 'NV_ReadPublic'): 1
 SWTPM_IO_Write: length 94
 80 01 00 00 00 5E 00 00 00 00 00 2E 01 80 01 00 
 00 0B 62 04 04 14 00 20 47 CE 30 32 D8 BA D1 F3 
 08 9C B0 C0 90 88 DE 43 50 14 91 D4 60 40 2B 90 
 CD 1B 7F C0 B6 8C A9 2F 00 08 00 22 00 0B C1 0D 
 A5 71 71 0D C0 EF 34 03 98 76 52 A2 A1 AA E0 1C 
 A0 C7 A6 3A 2D 8E DE F2 34 F2 EC AA D3 3D 
 SWTPM_IO_Read: length 14
 80 01 00 00 00 0E 00 00 01 69 01 80 01 01 
    IsEnEnabled(0x169 = 'NV_ReadPublic'): 1
 SWTPM_IO_Write: length 94
 80 01 00 00 00 5E 00 00 00 00 00 2E 01 80 01 01 
 00 0B 62 04 14 04 00 20 47 CE 30 32 D8 BA D1 F3 
 08 9C B0 C0 90 88 DE 43 50 14 91 D4 60 40 2B 90 
 CD 1B 7F C0 B6 8C A9 2F 00 B4 00 22 00 0B 61 A3 
 FC 9A 66 53 70 0A 3F E3 E3 E1 EA 84 C9 69 FD 04 
 5F 2D D7 7B 23 4C E6 CD 3B B8 BF 1A 39 F7 
 SWTPM_IO_Read: length 14
 80 01 00 00 00 0E 00 00 01 69 01 80 01 02 
    IsEnEnabled(0x169 = 'NV_ReadPublic'): 1
 SWTPM_IO_Write: length 94
 80 01 00 00 00 5E 00 00 00 00 00 2E 01 80 01 02 
 00 0B 62 04 14 04 00 20 47 CE 30 32 D8 BA D1 F3 
 08 9C B0 C0 90 88 DE 43 50 14 91 D4 60 40 2B 90 
 CD 1B 7F C0 B6 8C A9 2F 00 B4 00 22 00 0B 2A 9A 
 FE FE 5E 5D 33 57 E1 50 C8 04 FA E1 C4 93 88 0A 
 4A 05 92 CD E3 AD 8C 2D 84 BB 33 07 27 E8 
 SWTPM_IO_Read: length 14
 80 01 00 00 00 0E 00 00 01 69 01 80 01 03 
    IsEnEnabled(0x169 = 'NV_ReadPublic'): 1
 SWTPM_IO_Write: length 94
 80 01 00 00 00 5E 00 00 00 00 00 2E 01 80 01 03 
 00 0B 62 04 04 14 00 20 47 CE 30 32 D8 BA D1 F3 
 08 9C B0 C0 90 88 DE 43 50 14 91 D4 60 40 2B 90 
 CD 1B 7F C0 B6 8C A9 2F 00 08 00 22 00 0B 7A 79 
 C8 38 E2 C0 97 B8 E8 F3 B1 6C DF 2B 76 FD DF 55 
 BB 33 8E 92 22 2B A8 2B 2D 77 F6 EA 6E B0 
 SWTPM_IO_Read: length 14
 80 01 00 00 00 0E 00 00 01 69 01 80 01 04 
    IsEnEnabled(0x169 = 'NV_ReadPublic'): 1
 SWTPM_IO_Write: length 94
 80 01 00 00 00 5E 00 00 00 00 00 2E 01 80 01 04 
 00 0B 62 04 14 04 00 20 47 CE 30 32 D8 BA D1 F3 
 08 9C B0 C0 90 88 DE 43 50 14 91 D4 60 40 2B 90 
 CD 1B 7F C0 B6 8C A9 2F 00 8C 00 22 00 0B 71 EF 
 44 50 1B 87 8C 5C 3C 0A 28 E2 38 93 CD 2B FA 86 
 21 68 21 E8 7D 6B C8 B5 59 BE 8C 97 DC 5D 
 SWTPM_IO_Read: length 14
 80 01 00 00 00 0E 00 00 01 69 01 80 01 05 
    IsEnEnabled(0x169 = 'NV_ReadPublic'): 1
 SWTPM_IO_Write: length 94
 80 01 00 00 00 5E 00 00 00 00 00 2E 01 80 01 05 
 00 0B 62 04 14 04 00 20 47 CE 30 32 D8 BA D1 F3 
 08 9C B0 C0 90 88 DE 43 50 14 91 D4 60 40 2B 90 
 CD 1B 7F C0 B6 8C A9 2F 00 8C 00 22 00 0B 9F 57 
 47 9A 60 C8 7F EF 0C B5 C9 E6 F9 CE 89 60 6D 20 
 21 70 1C 55 93 90 F1 14 82 75 F0 CC F1 D5 
 SWTPM_IO_Read: length 35
 80 02 00 00 00 23 00 00 01 4E 01 80 01 00 01 80 
 01 00 00 00 00 09 40 00 00 09 00 00 00 00 00 00 
 08 00 00 
    IsEnEnabled(0x14e = 'NV_Read'): 1
 SWTPM_IO_Write: length 29
 80 02 00 00 00 1D 00 00 00 00 00 00 00 0A 00 08 
 00 00 00 00 00 00 00 2B 00 00 01 00 00 
 SWTPM_IO_Read: length 35
 80 02 00 00 00 23 00 00 01 4E 01 80 01 02 01 80 
 01 02 00 00 00 09 40 00 00 09 00 00 00 00 00 00 
 B4 00 00 
    IsEnEnabled(0x14e = 'NV_Read'): 1
 SWTPM_IO_Write: length 201
 80 02 00 00 00 C9 00 00 00 00 00 00 00 B6 00 B4 
 43 53 45 52 54 50 4D 31 00 01 01 00 00 00 00 00 
 00 00 00 2B F6 A4 B0 7C 1E 17 36 1A A6 2B BC A2 
 C6 57 9B 38 0F DE 43 BE 44 F3 88 24 A3 DB 42 E8 
 28 55 C1 73 00 00 00 00 00 00 00 01 00 00 00 00 
 00 00 00 01 00 00 00 00 00 00 00 04 00 00 00 00 
 00 00 00 01 00 00 00 00 00 00 00 01 00 00 00 00 
 00 00 00 04 00 00 00 00 00 00 00 04 00 00 00 00 
 00 00 00 2A 27 DD 0B E9 BB 4C 3E E4 30 33 2E 9F 
 46 F2 55 E3 E9 30 F0 69 40 D1 0F 9A 51 8E 30 F1 
 34 67 69 D8 5D CE CC B2 2A 86 27 8C CF BD 40 77 
 6B 29 2C 22 09 A0 92 81 E8 02 78 CC D5 07 A8 5B 
 DB 23 AF CF 00 00 01 00 00 
 SWTPM_IO_Read: length 35
 80 02 00 00 00 23 00 00 01 4E 01 80 01 03 01 80 
 01 03 00 00 00 09 40 00 00 09 00 00 00 00 00 00 
 08 00 00 
    IsEnEnabled(0x14e = 'NV_Read'): 1
 SWTPM_IO_Write: length 29
 80 02 00 00 00 1D 00 00 00 00 00 00 00 0A 00 08 
 00 00 00 00 00 00 00 05 00 00 01 00 00 
 SWTPM_IO_Read: length 35
 80 02 00 00 00 23 00 00 01 4E 01 80 01 05 01 80 
 01 05 00 00 00 09 40 00 00 09 00 00 00 00 00 00 
 8C 00 00 
    IsEnEnabled(0x14e = 'NV_Read'): 1
 SWTPM_IO_Write: length 161
 80 02 00 00 00 A1 00 00 00 00 00 00 00 8E 00 8C 
 43 53 45 52 54 50 4D 31 00 01 02 00 00 00 00 00 
 00 00 00 05 F6 A4 B0 7C 1E 17 36 1A A6 2B BC A2 
 C6 57 9B 38 0F DE 43 BE 44 F3 88 24 A3 DB 42 E8 
 28 55 C1 73 00 00 00 00 00 00 00 01 00 00 00 00 
 00 00 00 01 00 00 00 00 00 00 00 05 00 00 00 00 
 00 00 00 01 00 00 00 00 00 00 00 01 00 00 00 00 
 00 00 00 05 00 00 00 00 00 00 00 05 71 50 26 1C 
 E7 80 D7 B4 CC EF E9 AB 5A DD A0 74 E8 7B 7B 05 
 40 FF CE CF 66 E5 D9 E6 85 8F 88 B3 00 00 01 00 
 00 
 SWTPM_IO_Read: length 215
 80 02 00 00 00 D7 00 00 01 37 01 80 01 01 01 80 
 01 01 00 00 00 09 40 00 00 09 00 00 00 00 00 00 
 B4 43 53 45 52 54 50 4D 31 00 01 01 00 00 00 00 
 00 00 00 00 2C F6 A4 B0 7C 1E 17 36 1A A6 2B BC 
 A2 C6 57 9B 38 0F DE 43 BE 44 F3 88 24 A3 DB 42 
 E8 28 55 C1 73 00 00 00 00 00 00 00 01 00 00 00 
 00 00 00 00 01 00 00 00 00 00 00 00 05 00 00 00 
 00 00 00 00 01 00 00 00 00 00 00 00 01 00 00 00 
 00 00 00 00 05 00 00 00 00 00 00 00 05 00 00 00 
 00 00 00 00 2B 44 68 76 8B EF F9 12 39 82 DF 77 
 C7 88 E5 91 DA 64 97 49 D0 36 55 C5 15 26 AE 62 
 40 DB D5 AD 53 33 79 CA EB DE F5 C0 28 FF BF 46 
 AA 26 96 E7 AD 52 48 D6 14 14 83 DC F3 47 43 CA 
 5C 4D 22 B0 AD 00 00 
    IsEnEnabled(0x137 = 'NV_Write'): 1
 SWTPM_IO_Write: length 19
 80 02 00 00 00 13 00 00 00 00 00 00 00 00 00 00 
 01 00 00 
 SWTPM_IO_Read: length 35
 80 02 00 00 00 23 00 00 01 4E 01 80 01 01 01 80 
 01 01 00 00 00 09 40 00 00 09 00 00 00 00 00 00 
 B4 00 00 
    IsEnEnabled(0x14e = 'NV_Read'): 1
 SWTPM_IO_Write: length 201
 80 02 00 00 00 C9 00 00 00 00 00 00 00 B6 00 B4 
 43 53 45 52 54 50 4D 31 00 01 01 00 00 00 00 00 
 00 00 00 2C F6 A4 B0 7C 1E 17 36 1A A6 2B BC A2 
 C6 57 9B 38 0F DE 43 BE 44 F3 88 24 A3 DB 42 E8 
 28 55 C1 73 00 00 00 00 00 00 00 01 00 00 00 00 
 00 00 00 01 00 00 00 00 00 00 00 05 00 00 00 00 
 00 00 00 01 00 00 00 00 00 00 00 01 00 00 00 00 
 00 00 00 05 00 00 00 00 00 00 00 05 00 00 00 00 
 00 00 00 2B 44 68 76 8B EF F9 12 39 82 DF 77 C7 
 88 E5 91 DA 64 97 49 D0 36 55 C5 15 26 AE 62 40 
 DB D5 AD 53 33 79 CA EB DE F5 C0 28 FF BF 46 AA 
 26 96 E7 AD 52 48 D6 14 14 83 DC F3 47 43 CA 5C 
 4D 22 B0 AD 00 00 01 00 00 
 SWTPM_IO_Read: length 31
 80 02 00 00 00 1F 00 00 01 34 01 80 01 00 01 80 
 01 00 00 00 00 09 40 00 00 09 00 00 00 00 00 
    IsEnEnabled(0x134 = 'NV_Increment'): 1
 SWTPM_IO_Write: length 19
 80 02 00 00 00 13 00 00 00 00 00 00 00 00 00 00 
 01 00 00 
 SWTPM_IO_Read: length 35
 80 02 00 00 00 23 00 00 01 4E 01 80 01 00 01 80 
 01 00 00 00 00 09 40 00 00 09 00 00 00 00 00 00 
 08 00 00 
    IsEnEnabled(0x14e = 'NV_Read'): 1
 SWTPM_IO_Write: length 29
 80 02 00 00 00 1D 00 00 00 00 00 00 00 0A 00 08 
 00 00 00 00 00 00 00 2C 00 00 01 00 00 
 SWTPM_IO_Read: length 14
 80 01 00 00 00 0E 00 00 01 69 01 80 01 00 
    IsEnEnabled(0x169 = 'NV_ReadPublic'): 1
 SWTPM_IO_Write: length 94
 80 01 00 00 00 5E 00 00 00 00 00 2E 01 80 01 00 
 00 0B 62 04 04 14 00 20 47 CE 30 32 D8 BA D1 F3 
 08 9C B0 C0 90 88 DE 43 50 14 91 D4 60 40 2B 90 
 CD 1B 7F C0 B6 8C A9 2F 00 08 00 22 00 0B C1 0D 
 A5 71 71 0D C0 EF 34 03 98 76 52 A2 A1 AA E0 1C 
 A0 C7 A6 3A 2D 8E DE F2 34 F2 EC AA D3 3D 
 SWTPM_IO_Read: length 14
 80 01 00 00 00 0E 00 00 01 69 01 80 01 01 
    IsEnEnabled(0x169 = 'NV_ReadPublic'): 1
 SWTPM_IO_Write: length 94
 80 01 00 00 00 5E 00 00 00 00 00 2E 01 80 01 01 
 00 0B 62 04 14 04 00 20 47 CE 30 32 D8 BA D1 F3 
 08 9C B0 C0 90 88 DE 43 50 14 91 D4 60 40 2B 90 
 CD 1B 7F C0 B6 8C A9 2F 00 B4 00 22 00 0B 61 A3 
 FC 9A 66 53 70 0A 3F E3 E3 E1 EA 84 C9 69 FD 04 
 5F 2D D7 7B 23 4C E6 CD 3B B8 BF 1A 39 F7 
 SWTPM_IO_Read: length 14
 80 01 00 00 00 0E 00 00 01 69 01 80 01 02 
    IsEnEnabled(0x169 = 'NV_ReadPublic'): 1
 SWTPM_IO_Write: length 94
 80 01 00 00 00 5E 00 00 00 00 00 2E 01 80 01 02 
 00 0B 62 04 14 04 00 20 47 CE 30 32 D8 BA D1 F3 
 08 9C B0 C0 90 88 DE 43 50 14 91 D4 60 40 2B 90 
 CD 1B 7F C0 B6 8C A9 2F 00 B4 00 22 00 0B 2A 9A 
 FE FE 5E 5D 33 57 E1 50 C8 04 FA E1 C4 93 88 0A 
 4A 05 92 CD E3 AD 8C 2D 84 BB 33 07 27 E8 
 SWTPM_IO_Read: length 14
 80 01 00 00 00 0E 00 00 01 69 01 80 01 03 
    IsEnEnabled(0x169 = 'NV_ReadPublic'): 1
 SWTPM_IO_Write: length 94
 80 01 00 00 00 5E 00 00 00 00 00 2E 01 80 01 03 
 00 0B 62 04 04 14 00 20 47 CE 30 32 D8 BA D1 F3 
 08 9C B0 C0 90 88 DE 43 50 14 91 D4 60 40 2B 90 
 CD 1B 7F C0 B6 8C A9 2F 00 08 00 22 00 0B 7A 79 
 C8 38 E2 C0 97 B8 E8 F3 B1 6C DF 2B 76 FD DF 55 
 BB 33 8E 92 22 2B A8 2B 2D 77 F6 EA 6E B0 
 SWTPM_IO_Read: length 14
 80 01 00 00 00 0E 00 00 01 69 01 80 01 04 
    IsEnEnabled(0x169 = 'NV_ReadPublic'): 1
 SWTPM_IO_Write: length 94
 80 01 00 00 00 5E 00 00 00 00 00 2E 01 80 01 04 
 00 0B 62 04 14 04 00 20 47 CE 30 32 D8 BA D1 F3 
 08 9C B0 C0 90 88 DE 43 50 14 91 D4 60 40 2B 90 
 CD 1B 7F C0 B6 8C A9 2F 00 8C 00 22 00 0B 71 EF 
 44 50 1B 87 8C 5C 3C 0A 28 E2 38 93 CD 2B FA 86 
 21 68 21 E8 7D 6B C8 B5 59 BE 8C 97 DC 5D 
 SWTPM_IO_Read: length 14
 80 01 00 00 00 0E 00 00 01 69 01 80 01 05 
    IsEnEnabled(0x169 = 'NV_ReadPublic'): 1
 SWTPM_IO_Write: length 94
 80 01 00 00 00 5E 00 00 00 00 00 2E 01 80 01 05 
 00 0B 62 04 14 04 00 20 47 CE 30 32 D8 BA D1 F3 
 08 9C B0 C0 90 88 DE 43 50 14 91 D4 60 40 2B 90 
 CD 1B 7F C0 B6 8C A9 2F 00 8C 00 22 00 0B 9F 57 
 47 9A 60 C8 7F EF 0C B5 C9 E6 F9 CE 89 60 6D 20 
 21 70 1C 55 93 90 F1 14 82 75 F0 CC F1 D5 
 SWTPM_IO_Read: length 35
 80 02 00 00 00 23 00 00 01 4E 01 80 01 00 01 80 
 01 00 00 00 00 09 40 00 00 09 00 00 00 00 00 00 
 08 00 00 
    IsEnEnabled(0x14e = 'NV_Read'): 1
 SWTPM_IO_Write: length 29
 80 02 00 00 00 1D 00 00 00 00 00 00 00 0A 00 08 
 00 00 00 00 00 00 00 2C 00 00 01 00 00 
 SWTPM_IO_Read: length 35
 80 02 00 00 00 23 00 00 01 4E 01 80 01 01 01 80 
 01 01 00 00 00 09 40 00 00 09 00 00 00 00 00 00 
 B4 00 00 
    IsEnEnabled(0x14e = 'NV_Read'): 1
 SWTPM_IO_Write: length 201
 80 02 00 00 00 C9 00 00 00 00 00 00 00 B6 00 B4 
 43 53 45 52 54 50 4D 31 00 01 01 00 00 00 00 00 
 00 00 00 2C F6 A4 B0 7C 1E 17 36 1A A6 2B BC A2 
 C6 57 9B 38 0F DE 43 BE 44 F3 88 24 A3 DB 42 E8 
 28 55 C1 73 00 00 00 00 00 00 00 01 00 00 00 00 
 00 00 00 01 00 00 00 00 00 00 00 05 00 00 00 00 
 00 00 00 01 00 00 00 00 00 00 00 01 00 00 00 00 
 00 00 00 05 00 00 00 00 00 00 00 05 00 00 00 00 
 00 00 00 2B 44 68 76 8B EF F9 12 39 82 DF 77 C7 
 88 E5 91 DA 64 97 49 D0 36 55 C5 15 26 AE 62 40 
 DB D5 AD 53 33 79 CA EB DE F5 C0 28 FF BF 46 AA 
 26 96 E7 AD 52 48 D6 14 14 83 DC F3 47 43 CA 5C 
 4D 22 B0 AD 00 00 01 00 00 
 SWTPM_IO_Read: length 35
 80 02 00 00 00 23 00 00 01 4E 01 80 01 03 01 80 
 01 03 00 00 00 09 40 00 00 09 00 00 00 00 00 00 
 08 00 00 
    IsEnEnabled(0x14e = 'NV_Read'): 1
 SWTPM_IO_Write: length 29
 80 02 00 00 00 1D 00 00 00 00 00 00 00 0A 00 08 
 00 00 00 00 00 00 00 05 00 00 01 00 00 
 SWTPM_IO_Read: length 35
 80 02 00 00 00 23 00 00 01 4E 01 80 01 05 01 80 
 01 05 00 00 00 09 40 00 00 09 00 00 00 00 00 00 
 8C 00 00 
    IsEnEnabled(0x14e = 'NV_Read'): 1
 SWTPM_IO_Write: length 161
 80 02 00 00 00 A1 00 00 00 00 00 00 00 8E 00 8C 
 43 53 45 52 54 50 4D 31 00 01 02 00 00 00 00 00 
 00 00 00 05 F6 A4 B0 7C 1E 17 36 1A A6 2B BC A2 
 C6 57 9B 38 0F DE 43 BE 44 F3 88 24 A3 DB 42 E8 
 28 55 C1 73 00 00 00 00 00 00 00 01 00 00 00 00 
 00 00 00 01 00 00 00 00 00 00 00 05 00 00 00 00 
 00 00 00 01 00 00 00 00 00 00 00 01 00 00 00 00 
 00 00 00 05 00 00 00 00 00 00 00 05 71 50 26 1C 
 E7 80 D7 B4 CC EF E9 AB 5A DD A0 74 E8 7B 7B 05 
 40 FF CE CF 66 E5 D9 E6 85 8F 88 B3 00 00 01 00 
 00 
 SWTPM_IO_Read: length 215
 80 02 00 00 00 D7 00 00 01 37 01 80 01 02 01 80 
 01 02 00 00 00 09 40 00 00 09 00 00 00 00 00 00 
 B4 43 53 45 52 54 50 4D 31 00 01 01 00 00 00 00 
 00 00 00 00 2D F6 A4 B0 7C 1E 17 36 1A A6 2B BC 
 A2 C6 57 9B 38 0F DE 43 BE 44 F3 88 24 A3 DB 42 
 E8 28 55 C1 73 00 00 00 00 00 00 00 01 00 00 00 
 00 00 00 00 01 00 00 00 00 00 00 00 05 00 00 00 
 00 00 00 00 01 00 00 00 00 00 00 00 01 00 00 00 
 00 00 00 00 05 00 00 00 00 00 00 00 05 00 00 00 
 00 00 00 00 2C A2 E5 5F B3 8F 54 6B 24 C9 8F 9F 
 52 80 65 3D 40 93 6C E0 23 AD 99 A7 9A F3 D2 1D 
 1F D1 4B 31 DB F8 E7 64 5E 71 AE 0E 13 85 6F C6 
 70 AB 62 7F 8C 9C B5 70 45 57 95 4F 21 84 07 C2 
 C5 6F A4 C3 5C 00 00 
    IsEnEnabled(0x137 = 'NV_Write'): 1
 SWTPM_IO_Write: length 19
 80 02 00 00 00 13 00 00 00 00 00 00 00 00 00 00 
 01 00 00 
 SWTPM_IO_Read: length 35
 80 02 00 00 00 23 00 00 01 4E 01 80 01 02 01 80 
 01 02 00 00 00 09 40 00 00 09 00 00 00 00 00 00 
 B4 00 00 
    IsEnEnabled(0x14e = 'NV_Read'): 1
 SWTPM_IO_Write: length 201
 80 02 00 00 00 C9 00 00 00 00 00 00 00 B6 00 B4 
 43 53 45 52 54 50 4D 31 00 01 01 00 00 00 00 00 
 00 00 00 2D F6 A4 B0 7C 1E 17 36 1A A6 2B BC A2 
 C6 57 9B 38 0F DE 43 BE 44 F3 88 24 A3 DB 42 E8 
 28 55 C1 73 00 00 00 00 00 00 00 01 00 00 00 00 
 00 00 00 01 00 00 00 00 00 00 00 05 00 00 00 00 
 00 00 00 01 00 00 00 00 00 00 00 01 00 00 00 00 
 00 00 00 05 00 00 00 00 00 00 00 05 00 00 00 00 
 00 00 00 2C A2 E5 5F B3 8F 54 6B 24 C9 8F 9F 52 
 80 65 3D 40 93 6C E0 23 AD 99 A7 9A F3 D2 1D 1F 
 D1 4B 31 DB F8 E7 64 5E 71 AE 0E 13 85 6F C6 70 
 AB 62 7F 8C 9C B5 70 45 57 95 4F 21 84 07 C2 C5 
 6F A4 C3 5C 00 00 01 00 00 
 SWTPM_IO_Read: length 31
 80 02 00 00 00 1F 00 00 01 34 01 80 01 00 01 80 
 01 00 00 00 00 09 40 00 00 09 00 00 00 00 00 
    IsEnEnabled(0x134 = 'NV_Increment'): 1
 SWTPM_IO_Write: length 19
 80 02 00 00 00 13 00 00 00 00 00 00 00 00 00 00 
 01 00 00 
 SWTPM_IO_Read: length 35
 80 02 00 00 00 23 00 00 01 4E 01 80 01 00 01 80 
 01 00 00 00 00 09 40 00 00 09 00 00 00 00 00 00 
 08 00 00 
    IsEnEnabled(0x14e = 'NV_Read'): 1
 SWTPM_IO_Write: length 29
 80 02 00 00 00 1D 00 00 00 00 00 00 00 0A 00 08 
 00 00 00 00 00 00 00 2D 00 00 01 00 00 
 SWTPM_IO_Read: length 14
 80 01 00 00 00 0E 00 00 01 69 01 80 01 00 
    IsEnEnabled(0x169 = 'NV_ReadPublic'): 1
 SWTPM_IO_Write: length 94
 80 01 00 00 00 5E 00 00 00 00 00 2E 01 80 01 00 
 00 0B 62 04 04 14 00 20 47 CE 30 32 D8 BA D1 F3 
 08 9C B0 C0 90 88 DE 43 50 14 91 D4 60 40 2B 90 
 CD 1B 7F C0 B6 8C A9 2F 00 08 00 22 00 0B C1 0D 
 A5 71 71 0D C0 EF 34 03 98 76 52 A2 A1 AA E0 1C 
 A0 C7 A6 3A 2D 8E DE F2 34 F2 EC AA D3 3D 
 SWTPM_IO_Read: length 14
 80 01 00 00 00 0E 00 00 01 69 01 80 01 01 
    IsEnEnabled(0x169 = 'NV_ReadPublic'): 1
 SWTPM_IO_Write: length 94
 80 01 00 00 00 5E 00 00 00 00 00 2E 01 80 01 01 
 00 0B 62 04 14 04 00 20 47 CE 30 32 D8 BA D1 F3 
 08 9C B0 C0 90 88 DE 43 50 14 91 D4 60 40 2B 90 
 CD 1B 7F C0 B6 8C A9 2F 00 B4 00 22 00 0B 61 A3 
 FC 9A 66 53 70 0A 3F E3 E3 E1 EA 84 C9 69 FD 04 
 5F 2D D7 7B 23 4C E6 CD 3B B8 BF 1A 39 F7 
 SWTPM_IO_Read: length 14
 80 01 00 00 00 0E 00 00 01 69 01 80 01 02 
    IsEnEnabled(0x169 = 'NV_ReadPublic'): 1
 SWTPM_IO_Write: length 94
 80 01 00 00 00 5E 00 00 00 00 00 2E 01 80 01 02 
 00 0B 62 04 14 04 00 20 47 CE 30 32 D8 BA D1 F3 
 08 9C B0 C0 90 88 DE 43 50 14 91 D4 60 40 2B 90 
 CD 1B 7F C0 B6 8C A9 2F 00 B4 00 22 00 0B 2A 9A 
 FE FE 5E 5D 33 57 E1 50 C8 04 FA E1 C4 93 88 0A 
 4A 05 92 CD E3 AD 8C 2D 84 BB 33 07 27 E8 
 SWTPM_IO_Read: length 14
 80 01 00 00 00 0E 00 00 01 69 01 80 01 03 
    IsEnEnabled(0x169 = 'NV_ReadPublic'): 1
 SWTPM_IO_Write: length 94
 80 01 00 00 00 5E 00 00 00 00 00 2E 01 80 01 03 
 00 0B 62 04 04 14 00 20 47 CE 30 32 D8 BA D1 F3 
 08 9C B0 C0 90 88 DE 43 50 14 91 D4 60 40 2B 90 
 CD 1B 7F C0 B6 8C A9 2F 00 08 00 22 00 0B 7A 79 
 C8 38 E2 C0 97 B8 E8 F3 B1 6C DF 2B 76 FD DF 55 
 BB 33 8E 92 22 2B A8 2B 2D 77 F6 EA 6E B0 
 SWTPM_IO_Read: length 14
 80 01 00 00 00 0E 00 00 01 69 01 80 01 04 
    IsEnEnabled(0x169 = 'NV_ReadPublic'): 1
 SWTPM_IO_Write: length 94
 80 01 00 00 00 5E 00 00 00 00 00 2E 01 80 01 04 
 00 0B 62 04 14 04 00 20 47 CE 30 32 D8 BA D1 F3 
 08 9C B0 C0 90 88 DE 43 50 14 91 D4 60 40 2B 90 
 CD 1B 7F C0 B6 8C A9 2F 00 8C 00 22 00 0B 71 EF 
 44 50 1B 87 8C 5C 3C 0A 28 E2 38 93 CD 2B FA 86 
 21 68 21 E8 7D 6B C8 B5 59 BE 8C 97 DC 5D 
 SWTPM_IO_Read: length 14
 80 01 00 00 00 0E 00 00 01 69 01 80 01 05 
    IsEnEnabled(0x169 = 'NV_ReadPublic'): 1
 SWTPM_IO_Write: length 94
 80 01 00 00 00 5E 00 00 00 00 00 2E 01 80 01 05 
 00 0B 62 04 14 04 00 20 47 CE 30 32 D8 BA D1 F3 
 08 9C B0 C0 90 88 DE 43 50 14 91 D4 60 40 2B 90 
 CD 1B 7F C0 B6 8C A9 2F 00 8C 00 22 00 0B 9F 57 
 47 9A 60 C8 7F EF 0C B5 C9 E6 F9 CE 89 60 6D 20 
 21 70 1C 55 93 90 F1 14 82 75 F0 CC F1 D5 
 SWTPM_IO_Read: length 35
 80 02 00 00 00 23 00 00 01 4E 01 80 01 00 01 80 
 01 00 00 00 00 09 40 00 00 09 00 00 00 00 00 00 
 08 00 00 
    IsEnEnabled(0x14e = 'NV_Read'): 1
 SWTPM_IO_Write: length 29
 80 02 00 00 00 1D 00 00 00 00 00 00 00 0A 00 08 
 00 00 00 00 00 00 00 2D 00 00 01 00 00 
 SWTPM_IO_Read: length 35
 80 02 00 00 00 23 00 00 01 4E 01 80 01 02 01 80 
 01 02 00 00 00 09 40 00 00 09 00 00 00 00 00 00 
 B4 00 00 
    IsEnEnabled(0x14e = 'NV_Read'): 1
 SWTPM_IO_Write: length 201
 80 02 00 00 00 C9 00 00 00 00 00 00 00 B6 00 B4 
 43 53 45 52 54 50 4D 31 00 01 01 00 00 00 00 00 
 00 00 00 2D F6 A4 B0 7C 1E 17 36 1A A6 2B BC A2 
 C6 57 9B 38 0F DE 43 BE 44 F3 88 24 A3 DB 42 E8 
 28 55 C1 73 00 00 00 00 00 00 00 01 00 00 00 00 
 00 00 00 01 00 00 00 00 00 00 00 05 00 00 00 00 
 00 00 00 01 00 00 00 00 00 00 00 01 00 00 00 00 
 00 00 00 05 00 00 00 00 00 00 00 05 00 00 00 00 
 00 00 00 2C A2 E5 5F B3 8F 54 6B 24 C9 8F 9F 52 
 80 65 3D 40 93 6C E0 23 AD 99 A7 9A F3 D2 1D 1F 
 D1 4B 31 DB F8 E7 64 5E 71 AE 0E 13 85 6F C6 70 
 AB 62 7F 8C 9C B5 70 45 57 95 4F 21 84 07 C2 C5 
 6F A4 C3 5C 00 00 01 00 00 
 SWTPM_IO_Read: length 35
 80 02 00 00 00 23 00 00 01 4E 01 80 01 03 01 80 
 01 03 00 00 00 09 40 00 00 09 00 00 00 00 00 00 
 08 00 00 
    IsEnEnabled(0x14e = 'NV_Read'): 1
 SWTPM_IO_Write: length 29
 80 02 00 00 00 1D 00 00 00 00 00 00 00 0A 00 08 
 00 00 00 00 00 00 00 05 00 00 01 00 00 
 SWTPM_IO_Read: length 35
 80 02 00 00 00 23 00 00 01 4E 01 80 01 05 01 80 
 01 05 00 00 00 09 40 00 00 09 00 00 00 00 00 00 
 8C 00 00 
    IsEnEnabled(0x14e = 'NV_Read'): 1
 SWTPM_IO_Write: length 161
 80 02 00 00 00 A1 00 00 00 00 00 00 00 8E 00 8C 
 43 53 45 52 54 50 4D 31 00 01 02 00 00 00 00 00 
 00 00 00 05 F6 A4 B0 7C 1E 17 36 1A A6 2B BC A2 
 C6 57 9B 38 0F DE 43 BE 44 F3 88 24 A3 DB 42 E8 
 28 55 C1 73 00 00 00 00 00 00 00 01 00 00 00 00 
 00 00 00 01 00 00 00 00 00 00 00 05 00 00 00 00 
 00 00 00 01 00 00 00 00 00 00 00 01 00 00 00 00 
 00 00 00 05 00 00 00 00 00 00 00 05 71 50 26 1C 
 E7 80 D7 B4 CC EF E9 AB 5A DD A0 74 E8 7B 7B 05 
 40 FF CE CF 66 E5 D9 E6 85 8F 88 B3 00 00 01 00 
 00 
 SWTPM_IO_Read: length 215
 80 02 00 00 00 D7 00 00 01 37 01 80 01 01 01 80 
 01 01 00 00 00 09 40 00 00 09 00 00 00 00 00 00 
 B4 43 53 45 52 54 50 4D 31 00 01 01 00 00 00 00 
 00 00 00 00 2E F6 A4 B0 7C 1E 17 36 1A A6 2B BC 
 A2 C6 57 9B 38 0F DE 43 BE 44 F3 88 24 A3 DB 42 
 E8 28 55 C1 73 00 00 00 00 00 00 00 01 00 00 00 
 00 00 00 00 01 00 00 00 00 00 00 00 05 00 00 00 
 00 00 00 00 01 00 00 00 00 00 00 00 01 00 00 00 
 00 00 00 00 05 00 00 00 00 00 00 00 05 00 00 00 
 00 00 00 00 2D D2 CE 3C B9 6E 2D BE 8D AC A8 D5 
 7C ED 85 3E 5C 6B 25 0B AB 6B AC 27 62 14 B7 2A 
 7F AD 52 0C 57 47 C0 03 E8 7A 5F AE 73 FD 54 86 
 7A C0 EB 0D 86 63 90 0E 99 E2 34 38 1C 84 E5 3A 
 3B F8 BE 76 D0 00 00 
    IsEnEnabled(0x137 = 'NV_Write'): 1
 SWTPM_IO_Write: length 19
 80 02 00 00 00 13 00 00 00 00 00 00 00 00 00 00 
 01 00 00 
 SWTPM_IO_Read: length 35
 80 02 00 00 00 23 00 00 01 4E 01 80 01 01 01 80 
 01 01 00 00 00 09 40 00 00 09 00 00 00 00 00 00 
 B4 00 00 
    IsEnEnabled(0x14e = 'NV_Read'): 1
 SWTPM_IO_Write: length 201
 80 02 00 00 00 C9 00 00 00 00 00 00 00 B6 00 B4 
 43 53 45 52 54 50 4D 31 00 01 01 00 00 00 00 00 
 00 00 00 2E F6 A4 B0 7C 1E 17 36 1A A6 2B BC A2 
 C6 57 9B 38 0F DE 43 BE 44 F3 88 24 A3 DB 42 E8 
 28 55 C1 73 00 00 00 00 00 00 00 01 00 00 00 00 
 00 00 00 01 00 00 00 00 00 00 00 05 00 00 00 00 
 00 00 00 01 00 00 00 00 00 00 00 01 00 00 00 00 
 00 00 00 05 00 00 00 00 00 00 00 05 00 00 00 00 
 00 00 00 2D D2 CE 3C B9 6E 2D BE 8D AC A8 D5 7C 
 ED 85 3E 5C 6B 25 0B AB 6B AC 27 62 14 B7 2A 7F 
 AD 52 0C 57 47 C0 03 E8 7A 5F AE 73 FD 54 86 7A 
 C0 EB 0D 86 63 90 0E 99 E2 34 38 1C 84 E5 3A 3B 
 F8 BE 76 D0 00 00 01 00 00 
 SWTPM_IO_Read: length 31
 80 02 00 00 00 1F 00 00 01 34 01 80 01 00 01 80 
 01 00 00 00 00 09 40 00 00 09 00 00 00 00 00 
    IsEnEnabled(0x134 = 'NV_Increment'): 1
 SWTPM_IO_Write: length 19
 80 02 00 00 00 13 00 00 00 00 00 00 00 00 00 00 
 01 00 00 
 SWTPM_IO_Read: length 35
 80 02 00 00 00 23 00 00 01 4E 01 80 01 00 01 80 
 01 00 00 00 00 09 40 00 00 09 00 00 00 00 00 00 
 08 00 00 
    IsEnEnabled(0x14e = 'NV_Read'): 1
 SWTPM_IO_Write: length 29
 80 02 00 00 00 1D 00 00 00 00 00 00 00 0A 00 08 
 00 00 00 00 00 00 00 2E 00 00 01 00 00 
 SWTPM_IO_Read: length 14
 80 01 00 00 00 0E 00 00 01 69 01 80 01 00 
    IsEnEnabled(0x169 = 'NV_ReadPublic'): 1
 SWTPM_IO_Write: length 94
 80 01 00 00 00 5E 00 00 00 00 00 2E 01 80 01 00 
 00 0B 62 04 04 14 00 20 47 CE 30 32 D8 BA D1 F3 
 08 9C B0 C0 90 88 DE 43 50 14 91 D4 60 40 2B 90 
 CD 1B 7F C0 B6 8C A9 2F 00 08 00 22 00 0B C1 0D 
 A5 71 71 0D C0 EF 34 03 98 76 52 A2 A1 AA E0 1C 
 A0 C7 A6 3A 2D 8E DE F2 34 F2 EC AA D3 3D 
 SWTPM_IO_Read: length 14
 80 01 00 00 00 0E 00 00 01 69 01 80 01 01 
    IsEnEnabled(0x169 = 'NV_ReadPublic'): 1
 SWTPM_IO_Write: length 94
 80 01 00 00 00 5E 00 00 00 00 00 2E 01 80 01 01 
 00 0B 62 04 14 04 00 20 47 CE 30 32 D8 BA D1 F3 
 08 9C B0 C0 90 88 DE 43 50 14 91 D4 60 40 2B 90 
 CD 1B 7F C0 B6 8C A9 2F 00 B4 00 22 00 0B 61 A3 
 FC 9A 66 53 70 0A 3F E3 E3 E1 EA 84 C9 69 FD 04 
 5F 2D D7 7B 23 4C E6 CD 3B B8 BF 1A 39 F7 
 SWTPM_IO_Read: length 14
 80 01 00 00 00 0E 00 00 01 69 01 80 01 02 
    IsEnEnabled(0x169 = 'NV_ReadPublic'): 1
 SWTPM_IO_Write: length 94
 80 01 00 00 00 5E 00 00 00 00 00 2E 01 80 01 02 
 00 0B 62 04 14 04 00 20 47 CE 30 32 D8 BA D1 F3 
 08 9C B0 C0 90 88 DE 43 50 14 91 D4 60 40 2B 90 
 CD 1B 7F C0 B6 8C A9 2F 00 B4 00 22 00 0B 2A 9A 
 FE FE 5E 5D 33 57 E1 50 C8 04 FA E1 C4 93 88 0A 
 4A 05 92 CD E3 AD 8C 2D 84 BB 33 07 27 E8 
 SWTPM_IO_Read: length 14
 80 01 00 00 00 0E 00 00 01 69 01 80 01 03 
    IsEnEnabled(0x169 = 'NV_ReadPublic'): 1
 SWTPM_IO_Write: length 94
 80 01 00 00 00 5E 00 00 00 00 00 2E 01 80 01 03 
 00 0B 62 04 04 14 00 20 47 CE 30 32 D8 BA D1 F3 
 08 9C B0 C0 90 88 DE 43 50 14 91 D4 60 40 2B 90 
 CD 1B 7F C0 B6 8C A9 2F 00 08 00 22 00 0B 7A 79 
 C8 38 E2 C0 97 B8 E8 F3 B1 6C DF 2B 76 FD DF 55 
 BB 33 8E 92 22 2B A8 2B 2D 77 F6 EA 6E B0 
 SWTPM_IO_Read: length 14
 80 01 00 00 00 0E 00 00 01 69 01 80 01 04 
    IsEnEnabled(0x169 = 'NV_ReadPublic'): 1
 SWTPM_IO_Write: length 94
 80 01 00 00 00 5E 00 00 00 00 00 2E 01 80 01 04 
 00 0B 62 04 14 04 00 20 47 CE 30 32 D8 BA D1 F3 
 08 9C B0 C0 90 88 DE 43 50 14 91 D4 60 40 2B 90 
 CD 1B 7F C0 B6 8C A9 2F 00 8C 00 22 00 0B 71 EF 
 44 50 1B 87 8C 5C 3C 0A 28 E2 38 93 CD 2B FA 86 
 21 68 21 E8 7D 6B C8 B5 59 BE 8C 97 DC 5D 
 SWTPM_IO_Read: length 14
 80 01 00 00 00 0E 00 00 01 69 01 80 01 05 
    IsEnEnabled(0x169 = 'NV_ReadPublic'): 1
 SWTPM_IO_Write: length 94
 80 01 00 00 00 5E 00 00 00 00 00 2E 01 80 01 05 
 00 0B 62 04 14 04 00 20 47 CE 30 32 D8 BA D1 F3 
 08 9C B0 C0 90 88 DE 43 50 14 91 D4 60 40 2B 90 
 CD 1B 7F C0 B6 8C A9 2F 00 8C 00 22 00 0B 9F 57 
 47 9A 60 C8 7F EF 0C B5 C9 E6 F9 CE 89 60 6D 20 
 21 70 1C 55 93 90 F1 14 82 75 F0 CC F1 D5 
 SWTPM_IO_Read: length 35
 80 02 00 00 00 23 00 00 01 4E 01 80 01 00 01 80 
 01 00 00 00 00 09 40 00 00 09 00 00 00 00 00 00 
 08 00 00 
    IsEnEnabled(0x14e = 'NV_Read'): 1
 SWTPM_IO_Write: length 29
 80 02 00 00 00 1D 00 00 00 00 00 00 00 0A 00 08 
 00 00 00 00 00 00 00 2E 00 00 01 00 00 
 SWTPM_IO_Read: length 35
 80 02 00 00 00 23 00 00 01 4E 01 80 01 01 01 80 
 01 01 00 00 00 09 40 00 00 09 00 00 00 00 00 00 
 B4 00 00 
    IsEnEnabled(0x14e = 'NV_Read'): 1
 SWTPM_IO_Write: length 201
 80 02 00 00 00 C9 00 00 00 00 00 00 00 B6 00 B4 
 43 53 45 52 54 50 4D 31 00 01 01 00 00 00 00 00 
 00 00 00 2E F6 A4 B0 7C 1E 17 36 1A A6 2B BC A2 
 C6 57 9B 38 0F DE 43 BE 44 F3 88 24 A3 DB 42 E8 
 28 55 C1 73 00 00 00 00 00 00 00 01 00 00 00 00 
 00 00 00 01 00 00 00 00 00 00 00 05 00 00 00 00 
 00 00 00 01 00 00 00 00 00 00 00 01 00 00 00 00 
 00 00 00 05 00 00 00 00 00 00 00 05 00 00 00 00 
 00 00 00 2D D2 CE 3C B9 6E 2D BE 8D AC A8 D5 7C 
 ED 85 3E 5C 6B 25 0B AB 6B AC 27 62 14 B7 2A 7F 
 AD 52 0C 57 47 C0 03 E8 7A 5F AE 73 FD 54 86 7A 
 C0 EB 0D 86 63 90 0E 99 E2 34 38 1C 84 E5 3A 3B 
 F8 BE 76 D0 00 00 01 00 00 
 SWTPM_IO_Read: length 35
 80 02 00 00 00 23 00 00 01 4E 01 80 01 03 01 80 
 01 03 00 00 00 09 40 00 00 09 00 00 00 00 00 00 
 08 00 00 
    IsEnEnabled(0x14e = 'NV_Read'): 1
 SWTPM_IO_Write: length 29
 80 02 00 00 00 1D 00 00 00 00 00 00 00 0A 00 08 
 00 00 00 00 00 00 00 05 00 00 01 00 00 
 SWTPM_IO_Read: length 35
 80 02 00 00 00 23 00 00 01 4E 01 80 01 05 01 80 
 01 05 00 00 00 09 40 00 00 09 00 00 00 00 00 00 
 8C 00 00 
    IsEnEnabled(0x14e = 'NV_Read'): 1
 SWTPM_IO_Write: length 161
 80 02 00 00 00 A1 00 00 00 00 00 00 00 8E 00 8C 
 43 53 45 52 54 50 4D 31 00 01 02 00 00 00 00 00 
 00 00 00 05 F6 A4 B0 7C 1E 17 36 1A A6 2B BC A2 
 C6 57 9B 38 0F DE 43 BE 44 F3 88 24 A3 DB 42 E8 
 28 55 C1 73 00 00 00 00 00 00 00 01 00 00 00 00 
 00 00 00 01 00 00 00 00 00 00 00 05 00 00 00 00 
 00 00 00 01 00 00 00 00 00 00 00 01 00 00 00 00 
 00 00 00 05 00 00 00 00 00 00 00 05 71 50 26 1C 
 E7 80 D7 B4 CC EF E9 AB 5A DD A0 74 E8 7B 7B 05 
 40 FF CE CF 66 E5 D9 E6 85 8F 88 B3 00 00 01 00 
 00 
 SWTPM_IO_Read: length 215
 80 02 00 00 00 D7 00 00 01 37 01 80 01 02 01 80 
 01 02 00 00 00 09 40 00 00 09 00 00 00 00 00 00 
 B4 43 53 45 52 54 50 4D 31 00 01 01 00 00 00 00 
 00 00 00 00 2F F6 A4 B0 7C 1E 17 36 1A A6 2B BC 
 A2 C6 57 9B 38 0F DE 43 BE 44 F3 88 24 A3 DB 42 
 E8 28 55 C1 73 00 00 00 00 00 00 00 01 00 00 00 
 00 00 00 00 01 00 00 00 00 00 00 00 05 00 00 00 
 00 00 00 00 01 00 00 00 00 00 00 00 01 00 00 00 
 00 00 00 00 05 00 00 00 00 00 00 00 05 00 00 00 
 00 00 00 00 2E C2 A0 36 E2 DA DB 4B EC C5 85 5C 
 DF 48 C7 BC 85 97 8A 8F 55 95 F9 E6 40 00 A6 EF 
 DB B6 A2 AB 58 94 D7 5B D7 83 26 BB 6F D7 7C 86 
 EE 48 AF D7 B3 3E 8B 02 58 A9 FB 95 7F 97 11 D4 
 3C CF 56 17 C7 00 00 
    IsEnEnabled(0x137 = 'NV_Write'): 1
 SWTPM_IO_Write: length 19
 80 02 00 00 00 13 00 00 00 00 00 00 00 00 00 00 
 01 00 00 
 SWTPM_IO_Read: length 35
 80 02 00 00 00 23 00 00 01 4E 01 80 01 02 01 80 
 01 02 00 00 00 09 40 00 00 09 00 00 00 00 00 00 
 B4 00 00 
    IsEnEnabled(0x14e = 'NV_Read'): 1
 SWTPM_IO_Write: length 201
 80 02 00 00 00 C9 00 00 00 00 00 00 00 B6 00 B4 
 43 53 45 52 54 50 4D 31 00 01 01 00 00 00 00 00 
 00 00 00 2F F6 A4 B0 7C 1E 17 36 1A A6 2B BC A2 
 C6 57 9B 38 0F DE 43 BE 44 F3 88 24 A3 DB 42 E8 
 28 55 C1 73 00 00 00 00 00 00 00 01 00 00 00 00 
 00 00 00 01 00 00 00 00 00 00 00 05 00 00 00 00 
 00 00 00 01 00 00 00 00 00 00 00 01 00 00 00 00 
 00 00 00 05 00 00 00 00 00 00 00 05 00 00 00 00 
 00 00 00 2E C2 A0 36 E2 DA DB 4B EC C5 85 5C DF 
 48 C7 BC 85 97 8A 8F 55 95 F9 E6 40 00 A6 EF DB 
 B6 A2 AB 58 94 D7 5B D7 83 26 BB 6F D7 7C 86 EE 
 48 AF D7 B3 3E 8B 02 58 A9 FB 95 7F 97 11 D4 3C 
 CF 56 17 C7 00 00 01 00 00 
 SWTPM_IO_Read: length 31
 80 02 00 00 00 1F 00 00 01 34 01 80 01 00 01 80 
 01 00 00 00 00 09 40 00 00 09 00 00 00 00 00 
    IsEnEnabled(0x134 = 'NV_Increment'): 1
 SWTPM_IO_Write: length 19
 80 02 00 00 00 13 00 00 00 00 00 00 00 00 00 00 
 01 00 00 
 SWTPM_IO_Read: length 35
 80 02 00 00 00 23 00 00 01 4E 01 80 01 00 01 80 
 01 00 00 00 00 09 40 00 00 09 00 00 00 00 00 00 
 08 00 00 
    IsEnEnabled(0x14e = 'NV_Read'): 1
 SWTPM_IO_Write: length 29
 80 02 00 00 00 1D 00 00 00 00 00 00 00 0A 00 08 
 00 00 00 00 00 00 00 2F 00 00 01 00 00 
 SWTPM_IO_Read: length 14
 80 01 00 00 00 0E 00 00 01 69 01 80 01 00 
    IsEnEnabled(0x169 = 'NV_ReadPublic'): 1
 SWTPM_IO_Write: length 94
 80 01 00 00 00 5E 00 00 00 00 00 2E 01 80 01 00 
 00 0B 62 04 04 14 00 20 47 CE 30 32 D8 BA D1 F3 
 08 9C B0 C0 90 88 DE 43 50 14 91 D4 60 40 2B 90 
 CD 1B 7F C0 B6 8C A9 2F 00 08 00 22 00 0B C1 0D 
 A5 71 71 0D C0 EF 34 03 98 76 52 A2 A1 AA E0 1C 
 A0 C7 A6 3A 2D 8E DE F2 34 F2 EC AA D3 3D 
 SWTPM_IO_Read: length 14
 80 01 00 00 00 0E 00 00 01 69 01 80 01 01 
    IsEnEnabled(0x169 = 'NV_ReadPublic'): 1
 SWTPM_IO_Write: length 94
 80 01 00 00 00 5E 00 00 00 00 00 2E 01 80 01 01 
 00 0B 62 04 14 04 00 20 47 CE 30 32 D8 BA D1 F3 
 08 9C B0 C0 90 88 DE 43 50 14 91 D4 60 40 2B 90 
 CD 1B 7F C0 B6 8C A9 2F 00 B4 00 22 00 0B 61 A3 
 FC 9A 66 53 70 0A 3F E3 E3 E1 EA 84 C9 69 FD 04 
 5F 2D D7 7B 23 4C E6 CD 3B B8 BF 1A 39 F7 
 SWTPM_IO_Read: length 14
 80 01 00 00 00 0E 00 00 01 69 01 80 01 02 
    IsEnEnabled(0x169 = 'NV_ReadPublic'): 1
 SWTPM_IO_Write: length 94
 80 01 00 00 00 5E 00 00 00 00 00 2E 01 80 01 02 
 00 0B 62 04 14 04 00 20 47 CE 30 32 D8 BA D1 F3 
 08 9C B0 C0 90 88 DE 43 50 14 91 D4 60 40 2B 90 
 CD 1B 7F C0 B6 8C A9 2F 00 B4 00 22 00 0B 2A 9A 
 FE FE 5E 5D 33 57 E1 50 C8 04 FA E1 C4 93 88 0A 
 4A 05 92 CD E3 AD 8C 2D 84 BB 33 07 27 E8 
 SWTPM_IO_Read: length 14
 80 01 00 00 00 0E 00 00 01 69 01 80 01 03 
    IsEnEnabled(0x169 = 'NV_ReadPublic'): 1
 SWTPM_IO_Write: length 94
 80 01 00 00 00 5E 00 00 00 00 00 2E 01 80 01 03 
 00 0B 62 04 04 14 00 20 47 CE 30 32 D8 BA D1 F3 
 08 9C B0 C0 90 88 DE 43 50 14 91 D4 60 40 2B 90 
 CD 1B 7F C0 B6 8C A9 2F 00 08 00 22 00 0B 7A 79 
 C8 38 E2 C0 97 B8 E8 F3 B1 6C DF 2B 76 FD DF 55 
 BB 33 8E 92 22 2B A8 2B 2D 77 F6 EA 6E B0 
 SWTPM_IO_Read: length 14
 80 01 00 00 00 0E 00 00 01 69 01 80 01 04 
    IsEnEnabled(0x169 = 'NV_ReadPublic'): 1
 SWTPM_IO_Write: length 94
 80 01 00 00 00 5E 00 00 00 00 00 2E 01 80 01 04 
 00 0B 62 04 14 04 00 20 47 CE 30 32 D8 BA D1 F3 
 08 9C B0 C0 90 88 DE 43 50 14 91 D4 60 40 2B 90 
 CD 1B 7F C0 B6 8C A9 2F 00 8C 00 22 00 0B 71 EF 
 44 50 1B 87 8C 5C 3C 0A 28 E2 38 93 CD 2B FA 86 
 21 68 21 E8 7D 6B C8 B5 59 BE 8C 97 DC 5D 
 SWTPM_IO_Read: length 14
 80 01 00 00 00 0E 00 00 01 69 01 80 01 05 
    IsEnEnabled(0x169 = 'NV_ReadPublic'): 1
 SWTPM_IO_Write: length 94
 80 01 00 00 00 5E 00 00 00 00 00 2E 01 80 01 05 
 00 0B 62 04 14 04 00 20 47 CE 30 32 D8 BA D1 F3 
 08 9C B0 C0 90 88 DE 43 50 14 91 D4 60 40 2B 90 
 CD 1B 7F C0 B6 8C A9 2F 00 8C 00 22 00 0B 9F 57 
 47 9A 60 C8 7F EF 0C B5 C9 E6 F9 CE 89 60 6D 20 
 21 70 1C 55 93 90 F1 14 82 75 F0 CC F1 D5 
 SWTPM_IO_Read: length 35
 80 02 00 00 00 23 00 00 01 4E 01 80 01 00 01 80 
 01 00 00 00 00 09 40 00 00 09 00 00 00 00 00 00 
 08 00 00 
    IsEnEnabled(0x14e = 'NV_Read'): 1
 SWTPM_IO_Write: length 29
 80 02 00 00 00 1D 00 00 00 00 00 00 00 0A 00 08 
 00 00 00 00 00 00 00 2F 00 00 01 00 00 
 SWTPM_IO_Read: length 35
 80 02 00 00 00 23 00 00 01 4E 01 80 01 02 01 80 
 01 02 00 00 00 09 40 00 00 09 00 00 00 00 00 00 
 B4 00 00 
    IsEnEnabled(0x14e = 'NV_Read'): 1
 SWTPM_IO_Write: length 201
 80 02 00 00 00 C9 00 00 00 00 00 00 00 B6 00 B4 
 43 53 45 52 54 50 4D 31 00 01 01 00 00 00 00 00 
 00 00 00 2F F6 A4 B0 7C 1E 17 36 1A A6 2B BC A2 
 C6 57 9B 38 0F DE 43 BE 44 F3 88 24 A3 DB 42 E8 
 28 55 C1 73 00 00 00 00 00 00 00 01 00 00 00 00 
 00 00 00 01 00 00 00 00 00 00 00 05 00 00 00 00 
 00 00 00 01 00 00 00 00 00 00 00 01 00 00 00 00 
 00 00 00 05 00 00 00 00 00 00 00 05 00 00 00 00 
 00 00 00 2E C2 A0 36 E2 DA DB 4B EC C5 85 5C DF 
 48 C7 BC 85 97 8A 8F 55 95 F9 E6 40 00 A6 EF DB 
 B6 A2 AB 58 94 D7 5B D7 83 26 BB 6F D7 7C 86 EE 
 48 AF D7 B3 3E 8B 02 58 A9 FB 95 7F 97 11 D4 3C 
 CF 56 17 C7 00 00 01 00 00 
 SWTPM_IO_Read: length 35
 80 02 00 00 00 23 00 00 01 4E 01 80 01 03 01 80 
 01 03 00 00 00 09 40 00 00 09 00 00 00 00 00 00 
 08 00 00 
    IsEnEnabled(0x14e = 'NV_Read'): 1
 SWTPM_IO_Write: length 29
 80 02 00 00 00 1D 00 00 00 00 00 00 00 0A 00 08 
 00 00 00 00 00 00 00 05 00 00 01 00 00 
 SWTPM_IO_Read: length 35
 80 02 00 00 00 23 00 00 01 4E 01 80 01 05 01 80 
 01 05 00 00 00 09 40 00 00 09 00 00 00 00 00 00 
 8C 00 00 
    IsEnEnabled(0x14e = 'NV_Read'): 1
 SWTPM_IO_Write: length 161
 80 02 00 00 00 A1 00 00 00 00 00 00 00 8E 00 8C 
 43 53 45 52 54 50 4D 31 00 01 02 00 00 00 00 00 
 00 00 00 05 F6 A4 B0 7C 1E 17 36 1A A6 2B BC A2 
 C6 57 9B 38 0F DE 43 BE 44 F3 88 24 A3 DB 42 E8 
 28 55 C1 73 00 00 00 00 00 00 00 01 00 00 00 00 
 00 00 00 01 00 00 00 00 00 00 00 05 00 00 00 00 
 00 00 00 01 00 00 00 00 00 00 00 01 00 00 00 00 
 00 00 00 05 00 00 00 00 00 00 00 05 71 50 26 1C 
 E7 80 D7 B4 CC EF E9 AB 5A DD A0 74 E8 7B 7B 05 
 40 FF CE CF 66 E5 D9 E6 85 8F 88 B3 00 00 01 00 
 00 
 SWTPM_IO_Read: length 215
 80 02 00 00 00 D7 00 00 01 37 01 80 01 01 01 80 
 01 01 00 00 00 09 40 00 00 09 00 00 00 00 00 00 
 B4 43 53 45 52 54 50 4D 31 00 01 01 00 00 00 00 
 00 00 00 00 30 F6 A4 B0 7C 1E 17 36 1A A6 2B BC 
 A2 C6 57 9B 38 0F DE 43 BE 44 F3 88 24 A3 DB 42 
 E8 28 55 C1 73 00 00 00 00 00 00 00 01 00 00 00 
 00 00 00 00 01 00 00 00 00 00 00 00 05 00 00 00 
 00 00 00 00 01 00 00 00 00 00 00 00 01 00 00 00 
 00 00 00 00 05 00 00 00 00 00 00 00 05 00 00 00 
 00 00 00 00 2F D3 97 E5 AC D7 F0 4C 8F B3 9F EF 
 28 CD 5C B5 73 B3 61 2C 05 22 D3 54 BE 5E FC F0 
 DA BB D9 8B B0 36 3F AD 7F 41 C4 65 94 E7 51 2D 
 B6 85 14 28 17 1C 61 75 95 BD C7 70 51 50 4C DE 
 C4 6A D0 16 69 00 00 
    IsEnEnabled(0x137 = 'NV_Write'): 1
 SWTPM_IO_Write: length 19
 80 02 00 00 00 13 00 00 00 00 00 00 00 00 00 00 
 01 00 00 
 SWTPM_IO_Read: length 35
 80 02 00 00 00 23 00 00 01 4E 01 80 01 01 01 80 
 01 01 00 00 00 09 40 00 00 09 00 00 00 00 00 00 
 B4 00 00 
    IsEnEnabled(0x14e = 'NV_Read'): 1
 SWTPM_IO_Write: length 201
 80 02 00 00 00 C9 00 00 00 00 00 00 00 B6 00 B4 
 43 53 45 52 54 50 4D 31 00 01 01 00 00 00 00 00 
 00 00 00 30 F6 A4 B0 7C 1E 17 36 1A A6 2B BC A2 
 C6 57 9B 38 0F DE 43 BE 44 F3 88 24 A3 DB 42 E8 
 28 55 C1 73 00 00 00 00 00 00 00 01 00 00 00 00 
 00 00 00 01 00 00 00 00 00 00 00 05 00 00 00 00 
 00 00 00 01 00 00 00 00 00 00 00 01 00 00 00 00 
 00 00 00 05 00 00 00 00 00 00 00 05 00 00 00 00 
 00 00 00 2F D3 97 E5 AC D7 F0 4C 8F B3 9F EF 28 
 CD 5C B5 73 B3 61 2C 05 22 D3 54 BE 5E FC F0 DA 
 BB D9 8B B0 36 3F AD 7F 41 C4 65 94 E7 51 2D B6 
 85 14 28 17 1C 61 75 95 BD C7 70 51 50 4C DE C4 
 6A D0 16 69 00 00 01 00 00 
 SWTPM_IO_Read: length 31
 80 02 00 00 00 1F 00 00 01 34 01 80 01 00 01 80 
 01 00 00 00 00 09 40 00 00 09 00 00 00 00 00 
    IsEnEnabled(0x134 = 'NV_Increment'): 1
 SWTPM_IO_Write: length 19
 80 02 00 00 00 13 00 00 00 00 00 00 00 00 00 00 
 01 00 00 
 SWTPM_IO_Read: length 35
 80 02 00 00 00 23 00 00 01 4E 01 80 01 00 01 80 
 01 00 00 00 00 09 40 00 00 09 00 00 00 00 00 00 
 08 00 00 
    IsEnEnabled(0x14e = 'NV_Read'): 1
 SWTPM_IO_Write: length 29
 80 02 00 00 00 1D 00 00 00 00 00 00 00 0A 00 08 
 00 00 00 00 00 00 00 30 00 00 01 00 00 
 SWTPM_IO_Read: length 14
 80 01 00 00 00 0E 00 00 01 69 01 80 01 00 
    IsEnEnabled(0x169 = 'NV_ReadPublic'): 1
 SWTPM_IO_Write: length 94
 80 01 00 00 00 5E 00 00 00 00 00 2E 01 80 01 00 
 00 0B 62 04 04 14 00 20 47 CE 30 32 D8 BA D1 F3 
 08 9C B0 C0 90 88 DE 43 50 14 91 D4 60 40 2B 90 
 CD 1B 7F C0 B6 8C A9 2F 00 08 00 22 00 0B C1 0D 
 A5 71 71 0D C0 EF 34 03 98 76 52 A2 A1 AA E0 1C 
 A0 C7 A6 3A 2D 8E DE F2 34 F2 EC AA D3 3D 
 SWTPM_IO_Read: length 14
 80 01 00 00 00 0E 00 00 01 69 01 80 01 01 
    IsEnEnabled(0x169 = 'NV_ReadPublic'): 1
 SWTPM_IO_Write: length 94
 80 01 00 00 00 5E 00 00 00 00 00 2E 01 80 01 01 
 00 0B 62 04 14 04 00 20 47 CE 30 32 D8 BA D1 F3 
 08 9C B0 C0 90 88 DE 43 50 14 91 D4 60 40 2B 90 
 CD 1B 7F C0 B6 8C A9 2F 00 B4 00 22 00 0B 61 A3 
 FC 9A 66 53 70 0A 3F E3 E3 E1 EA 84 C9 69 FD 04 
 5F 2D D7 7B 23 4C E6 CD 3B B8 BF 1A 39 F7 
 SWTPM_IO_Read: length 14
 80 01 00 00 00 0E 00 00 01 69 01 80 01 02 
    IsEnEnabled(0x169 = 'NV_ReadPublic'): 1
 SWTPM_IO_Write: length 94
 80 01 00 00 00 5E 00 00 00 00 00 2E 01 80 01 02 
 00 0B 62 04 14 04 00 20 47 CE 30 32 D8 BA D1 F3 
 08 9C B0 C0 90 88 DE 43 50 14 91 D4 60 40 2B 90 
 CD 1B 7F C0 B6 8C A9 2F 00 B4 00 22 00 0B 2A 9A 
 FE FE 5E 5D 33 57 E1 50 C8 04 FA E1 C4 93 88 0A 
 4A 05 92 CD E3 AD 8C 2D 84 BB 33 07 27 E8 
 SWTPM_IO_Read: length 14
 80 01 00 00 00 0E 00 00 01 69 01 80 01 03 
    IsEnEnabled(0x169 = 'NV_ReadPublic'): 1
 SWTPM_IO_Write: length 94
 80 01 00 00 00 5E 00 00 00 00 00 2E 01 80 01 03 
 00 0B 62 04 04 14 00 20 47 CE 30 32 D8 BA D1 F3 
 08 9C B0 C0 90 88 DE 43 50 14 91 D4 60 40 2B 90 
 CD 1B 7F C0 B6 8C A9 2F 00 08 00 22 00 0B 7A 79 
 C8 38 E2 C0 97 B8 E8 F3 B1 6C DF 2B 76 FD DF 55 
 BB 33 8E 92 22 2B A8 2B 2D 77 F6 EA 6E B0 
 SWTPM_IO_Read: length 14
 80 01 00 00 00 0E 00 00 01 69 01 80 01 04 
    IsEnEnabled(0x169 = 'NV_ReadPublic'): 1
 SWTPM_IO_Write: length 94
 80 01 00 00 00 5E 00 00 00 00 00 2E 01 80 01 04 
 00 0B 62 04 14 04 00 20 47 CE 30 32 D8 BA D1 F3 
 08 9C B0 C0 90 88 DE 43 50 14 91 D4 60 40 2B 90 
 CD 1B 7F C0 B6 8C A9 2F 00 8C 00 22 00 0B 71 EF 
 44 50 1B 87 8C 5C 3C 0A 28 E2 38 93 CD 2B FA 86 
 21 68 21 E8 7D 6B C8 B5 59 BE 8C 97 DC 5D 
 SWTPM_IO_Read: length 14
 80 01 00 00 00 0E 00 00 01 69 01 80 01 05 
    IsEnEnabled(0x169 = 'NV_ReadPublic'): 1
 SWTPM_IO_Write: length 94
 80 01 00 00 00 5E 00 00 00 00 00 2E 01 80 01 05 
 00 0B 62 04 14 04 00 20 47 CE 30 32 D8 BA D1 F3 
 08 9C B0 C0 90 88 DE 43 50 14 91 D4 60 40 2B 90 
 CD 1B 7F C0 B6 8C A9 2F 00 8C 00 22 00 0B 9F 57 
 47 9A 60 C8 7F EF 0C B5 C9 E6 F9 CE 89 60 6D 20 
 21 70 1C 55 93 90 F1 14 82 75 F0 CC F1 D5 
 SWTPM_IO_Read: length 35
 80 02 00 00 00 23 00 00 01 4E 01 80 01 00 01 80 
 01 00 00 00 00 09 40 00 00 09 00 00 00 00 00 00 
 08 00 00 
    IsEnEnabled(0x14e = 'NV_Read'): 1
 SWTPM_IO_Write: length 29
 80 02 00 00 00 1D 00 00 00 00 00 00 00 0A 00 08 
 00 00 00 00 00 00 00 30 00 00 01 00 00 
 SWTPM_IO_Read: length 35
 80 02 00 00 00 23 00 00 01 4E 01 80 01 01 01 80 
 01 01 00 00 00 09 40 00 00 09 00 00 00 00 00 00 
 B4 00 00 
    IsEnEnabled(0x14e = 'NV_Read'): 1
 SWTPM_IO_Write: length 201
 80 02 00 00 00 C9 00 00 00 00 00 00 00 B6 00 B4 
 43 53 45 52 54 50 4D 31 00 01 01 00 00 00 00 00 
 00 00 00 30 F6 A4 B0 7C 1E 17 36 1A A6 2B BC A2 
 C6 57 9B 38 0F DE 43 BE 44 F3 88 24 A3 DB 42 E8 
 28 55 C1 73 00 00 00 00 00 00 00 01 00 00 00 00 
 00 00 00 01 00 00 00 00 00 00 00 05 00 00 00 00 
 00 00 00 01 00 00 00 00 00 00 00 01 00 00 00 00 
 00 00 00 05 00 00 00 00 00 00 00 05 00 00 00 00 
 00 00 00 2F D3 97 E5 AC D7 F0 4C 8F B3 9F EF 28 
 CD 5C B5 73 B3 61 2C 05 22 D3 54 BE 5E FC F0 DA 
 BB D9 8B B0 36 3F AD 7F 41 C4 65 94 E7 51 2D B6 
 85 14 28 17 1C 61 75 95 BD C7 70 51 50 4C DE C4 
 6A D0 16 69 00 00 01 00 00 
 SWTPM_IO_Read: length 35
 80 02 00 00 00 23 00 00 01 4E 01 80 01 03 01 80 
 01 03 00 00 00 09 40 00 00 09 00 00 00 00 00 00 
 08 00 00 
    IsEnEnabled(0x14e = 'NV_Read'): 1
 SWTPM_IO_Write: length 29
 80 02 00 00 00 1D 00 00 00 00 00 00 00 0A 00 08 
 00 00 00 00 00 00 00 05 00 00 01 00 00 
 SWTPM_IO_Read: length 35
 80 02 00 00 00 23 00 00 01 4E 01 80 01 05 01 80 
 01 05 00 00 00 09 40 00 00 09 00 00 00 00 00 00 
 8C 00 00 
    IsEnEnabled(0x14e = 'NV_Read'): 1
 SWTPM_IO_Write: length 161
 80 02 00 00 00 A1 00 00 00 00 00 00 00 8E 00 8C 
 43 53 45 52 54 50 4D 31 00 01 02 00 00 00 00 00 
 00 00 00 05 F6 A4 B0 7C 1E 17 36 1A A6 2B BC A2 
 C6 57 9B 38 0F DE 43 BE 44 F3 88 24 A3 DB 42 E8 
 28 55 C1 73 00 00 00 00 00 00 00 01 00 00 00 00 
 00 00 00 01 00 00 00 00 00 00 00 05 00 00 00 00 
 00 00 00 01 00 00 00 00 00 00 00 01 00 00 00 00 
 00 00 00 05 00 00 00 00 00 00 00 05 71 50 26 1C 
 E7 80 D7 B4 CC EF E9 AB 5A DD A0 74 E8 7B 7B 05 
 40 FF CE CF 66 E5 D9 E6 85 8F 88 B3 00 00 01 00 
 00 
 SWTPM_IO_Read: length 215
 80 02 00 00 00 D7 00 00 01 37 01 80 01 02 01 80 
 01 02 00 00 00 09 40 00 00 09 00 00 00 00 00 00 
 B4 43 53 45 52 54 50 4D 31 00 01 01 00 00 00 00 
 00 00 00 00 31 F6 A4 B0 7C 1E 17 36 1A A6 2B BC 
 A2 C6 57 9B 38 0F DE 43 BE 44 F3 88 24 A3 DB 42 
 E8 28 55 C1 73 00 00 00 00 00 00 00 01 00 00 00 
 00 00 00 00 01 00 00 00 00 00 00 00 05 00 00 00 
 00 00 00 00 01 00 00 00 00 00 00 00 01 00 00 00 
 00 00 00 00 05 00 00 00 00 00 00 00 05 00 00 00 
 00 00 00 00 30 47 59 51 CC 0F 17 AC 12 A3 64 70 
 63 7F EC 1E 40 3F 93 7C 41 2B A7 11 A5 19 CC 56 
 14 54 D9 EE 3E F1 D7 9F D7 07 00 BD CF 6D 51 93 
 46 84 E4 67 55 DC 3D 17 2F BA 89 F0 A4 17 2A 4A 
 10 98 DF 58 63 00 00 
    IsEnEnabled(0x137 = 'NV_Write'): 1
 SWTPM_IO_Write: length 19
 80 02 00 00 00 13 00 00 00 00 00 00 00 00 00 00 
 01 00 00 
 SWTPM_IO_Read: length 35
 80 02 00 00 00 23 00 00 01 4E 01 80 01 02 01 80 
 01 02 00 00 00 09 40 00 00 09 00 00 00 00 00 00 
 B4 00 00 
    IsEnEnabled(0x14e = 'NV_Read'): 1
 SWTPM_IO_Write: length 201
 80 02 00 00 00 C9 00 00 00 00 00 00 00 B6 00 B4 
 43 53 45 52 54 50 4D 31 00 01 01 00 00 00 00 00 
 00 00 00 31 F6 A4 B0 7C 1E 17 36 1A A6 2B BC A2 
 C6 57 9B 38 0F DE 43 BE 44 F3 88 24 A3 DB 42 E8 
 28 55 C1 73 00 00 00 00 00 00 00 01 00 00 00 00 
 00 00 00 01 00 00 00 00 00 00 00 05 00 00 00 00 
 00 00 00 01 00 00 00 00 00 00 00 01 00 00 00 00 
 00 00 00 05 00 00 00 00 00 00 00 05 00 00 00 00 
 00 00 00 30 47 59 51 CC 0F 17 AC 12 A3 64 70 63 
 7F EC 1E 40 3F 93 7C 41 2B A7 11 A5 19 CC 56 14 
 54 D9 EE 3E F1 D7 9F D7 07 00 BD CF 6D 51 93 46 
 84 E4 67 55 DC 3D 17 2F BA 89 F0 A4 17 2A 4A 10 
 98 DF 58 63 00 00 01 00 00 
 SWTPM_IO_Read: length 31
 80 02 00 00 00 1F 00 00 01 34 01 80 01 00 01 80 
 01 00 00 00 00 09 40 00 00 09 00 00 00 00 00 
    IsEnEnabled(0x134 = 'NV_Increment'): 1
 SWTPM_IO_Write: length 19
 80 02 00 00 00 13 00 00 00 00 00 00 00 00 00 00 
 01 00 00 
 SWTPM_IO_Read: length 35
 80 02 00 00 00 23 00 00 01 4E 01 80 01 00 01 80 
 01 00 00 00 00 09 40 00 00 09 00 00 00 00 00 00 
 08 00 00 
    IsEnEnabled(0x14e = 'NV_Read'): 1
 SWTPM_IO_Write: length 29
 80 02 00 00 00 1D 00 00 00 00 00 00 00 0A 00 08 
 00 00 00 00 00 00 00 31 00 00 01 00 00 
 SWTPM_IO_Read: length 14
 80 01 00 00 00 0E 00 00 01 69 01 80 01 00 
    IsEnEnabled(0x169 = 'NV_ReadPublic'): 1
 SWTPM_IO_Write: length 94
 80 01 00 00 00 5E 00 00 00 00 00 2E 01 80 01 00 
 00 0B 62 04 04 14 00 20 47 CE 30 32 D8 BA D1 F3 
 08 9C B0 C0 90 88 DE 43 50 14 91 D4 60 40 2B 90 
 CD 1B 7F C0 B6 8C A9 2F 00 08 00 22 00 0B C1 0D 
 A5 71 71 0D C0 EF 34 03 98 76 52 A2 A1 AA E0 1C 
 A0 C7 A6 3A 2D 8E DE F2 34 F2 EC AA D3 3D 
 SWTPM_IO_Read: length 14
 80 01 00 00 00 0E 00 00 01 69 01 80 01 01 
    IsEnEnabled(0x169 = 'NV_ReadPublic'): 1
 SWTPM_IO_Write: length 94
 80 01 00 00 00 5E 00 00 00 00 00 2E 01 80 01 01 
 00 0B 62 04 14 04 00 20 47 CE 30 32 D8 BA D1 F3 
 08 9C B0 C0 90 88 DE 43 50 14 91 D4 60 40 2B 90 
 CD 1B 7F C0 B6 8C A9 2F 00 B4 00 22 00 0B 61 A3 
 FC 9A 66 53 70 0A 3F E3 E3 E1 EA 84 C9 69 FD 04 
 5F 2D D7 7B 23 4C E6 CD 3B B8 BF 1A 39 F7 
 SWTPM_IO_Read: length 14
 80 01 00 00 00 0E 00 00 01 69 01 80 01 02 
    IsEnEnabled(0x169 = 'NV_ReadPublic'): 1
 SWTPM_IO_Write: length 94
 80 01 00 00 00 5E 00 00 00 00 00 2E 01 80 01 02 
 00 0B 62 04 14 04 00 20 47 CE 30 32 D8 BA D1 F3 
 08 9C B0 C0 90 88 DE 43 50 14 91 D4 60 40 2B 90 
 CD 1B 7F C0 B6 8C A9 2F 00 B4 00 22 00 0B 2A 9A 
 FE FE 5E 5D 33 57 E1 50 C8 04 FA E1 C4 93 88 0A 
 4A 05 92 CD E3 AD 8C 2D 84 BB 33 07 27 E8 
 SWTPM_IO_Read: length 14
 80 01 00 00 00 0E 00 00 01 69 01 80 01 03 
    IsEnEnabled(0x169 = 'NV_ReadPublic'): 1
 SWTPM_IO_Write: length 94
 80 01 00 00 00 5E 00 00 00 00 00 2E 01 80 01 03 
 00 0B 62 04 04 14 00 20 47 CE 30 32 D8 BA D1 F3 
 08 9C B0 C0 90 88 DE 43 50 14 91 D4 60 40 2B 90 
 CD 1B 7F C0 B6 8C A9 2F 00 08 00 22 00 0B 7A 79 
 C8 38 E2 C0 97 B8 E8 F3 B1 6C DF 2B 76 FD DF 55 
 BB 33 8E 92 22 2B A8 2B 2D 77 F6 EA 6E B0 
 SWTPM_IO_Read: length 14
 80 01 00 00 00 0E 00 00 01 69 01 80 01 04 
    IsEnEnabled(0x169 = 'NV_ReadPublic'): 1
 SWTPM_IO_Write: length 94
 80 01 00 00 00 5E 00 00 00 00 00 2E 01 80 01 04 
 00 0B 62 04 14 04 00 20 47 CE 30 32 D8 BA D1 F3 
 08 9C B0 C0 90 88 DE 43 50 14 91 D4 60 40 2B 90 
 CD 1B 7F C0 B6 8C A9 2F 00 8C 00 22 00 0B 71 EF 
 44 50 1B 87 8C 5C 3C 0A 28 E2 38 93 CD 2B FA 86 
 21 68 21 E8 7D 6B C8 B5 59 BE 8C 97 DC 5D 
 SWTPM_IO_Read: length 14
 80 01 00 00 00 0E 00 00 01 69 01 80 01 05 
    IsEnEnabled(0x169 = 'NV_ReadPublic'): 1
 SWTPM_IO_Write: length 94
 80 01 00 00 00 5E 00 00 00 00 00 2E 01 80 01 05 
 00 0B 62 04 14 04 00 20 47 CE 30 32 D8 BA D1 F3 
 08 9C B0 C0 90 88 DE 43 50 14 91 D4 60 40 2B 90 
 CD 1B 7F C0 B6 8C A9 2F 00 8C 00 22 00 0B 9F 57 
 47 9A 60 C8 7F EF 0C B5 C9 E6 F9 CE 89 60 6D 20 
 21 70 1C 55 93 90 F1 14 82 75 F0 CC F1 D5 
 SWTPM_IO_Read: length 35
 80 02 00 00 00 23 00 00 01 4E 01 80 01 00 01 80 
 01 00 00 00 00 09 40 00 00 09 00 00 00 00 00 00 
 08 00 00 
    IsEnEnabled(0x14e = 'NV_Read'): 1
 SWTPM_IO_Write: length 29
 80 02 00 00 00 1D 00 00 00 00 00 00 00 0A 00 08 
 00 00 00 00 00 00 00 31 00 00 01 00 00 
 SWTPM_IO_Read: length 35
 80 02 00 00 00 23 00 00 01 4E 01 80 01 02 01 80 
 01 02 00 00 00 09 40 00 00 09 00 00 00 00 00 00 
 B4 00 00 
    IsEnEnabled(0x14e = 'NV_Read'): 1
 SWTPM_IO_Write: length 201
 80 02 00 00 00 C9 00 00 00 00 00 00 00 B6 00 B4 
 43 53 45 52 54 50 4D 31 00 01 01 00 00 00 00 00 
 00 00 00 31 F6 A4 B0 7C 1E 17 36 1A A6 2B BC A2 
 C6 57 9B 38 0F DE 43 BE 44 F3 88 24 A3 DB 42 E8 
 28 55 C1 73 00 00 00 00 00 00 00 01 00 00 00 00 
 00 00 00 01 00 00 00 00 00 00 00 05 00 00 00 00 
 00 00 00 01 00 00 00 00 00 00 00 01 00 00 00 00 
 00 00 00 05 00 00 00 00 00 00 00 05 00 00 00 00 
 00 00 00 30 47 59 51 CC 0F 17 AC 12 A3 64 70 63 
 7F EC 1E 40 3F 93 7C 41 2B A7 11 A5 19 CC 56 14 
 54 D9 EE 3E F1 D7 9F D7 07 00 BD CF 6D 51 93 46 
 84 E4 67 55 DC 3D 17 2F BA 89 F0 A4 17 2A 4A 10 
 98 DF 58 63 00 00 01 00 00 
 SWTPM_IO_Read: length 35
 80 02 00 00 00 23 00 00 01 4E 01 80 01 03 01 80 
 01 03 00 00 00 09 40 00 00 09 00 00 00 00 00 00 
 08 00 00 
    IsEnEnabled(0x14e = 'NV_Read'): 1
 SWTPM_IO_Write: length 29
 80 02 00 00 00 1D 00 00 00 00 00 00 00 0A 00 08 
 00 00 00 00 00 00 00 05 00 00 01 00 00 
 SWTPM_IO_Read: length 35
 80 02 00 00 00 23 00 00 01 4E 01 80 01 05 01 80 
 01 05 00 00 00 09 40 00 00 09 00 00 00 00 00 00 
 8C 00 00 
    IsEnEnabled(0x14e = 'NV_Read'): 1
 SWTPM_IO_Write: length 161
 80 02 00 00 00 A1 00 00 00 00 00 00 00 8E 00 8C 
 43 53 45 52 54 50 4D 31 00 01 02 00 00 00 00 00 
 00 00 00 05 F6 A4 B0 7C 1E 17 36 1A A6 2B BC A2 
 C6 57 9B 38 0F DE 43 BE 44 F3 88 24 A3 DB 42 E8 
 28 55 C1 73 00 00 00 00 00 00 00 01 00 00 00 00 
 00 00 00 01 00 00 00 00 00 00 00 05 00 00 00 00 
 00 00 00 01 00 00 00 00 00 00 00 01 00 00 00 00 
 00 00 00 05 00 00 00 00 00 00 00 05 71 50 26 1C 
 E7 80 D7 B4 CC EF E9 AB 5A DD A0 74 E8 7B 7B 05 
 40 FF CE CF 66 E5 D9 E6 85 8F 88 B3 00 00 01 00 
 00 
 SWTPM_IO_Read: length 215
 80 02 00 00 00 D7 00 00 01 37 01 80 01 01 01 80 
 01 01 00 00 00 09 40 00 00 09 00 00 00 00 00 00 
 B4 43 53 45 52 54 50 4D 31 00 01 01 00 00 00 00 
 00 00 00 00 32 F6 A4 B0 7C 1E 17 36 1A A6 2B BC 
 A2 C6 57 9B 38 0F DE 43 BE 44 F3 88 24 A3 DB 42 
 E8 28 55 C1 73 00 00 00 00 00 00 00 01 00 00 00 
 00 00 00 00 01 00 00 00 00 00 00 00 05 00 00 00 
 00 00 00 00 01 00 00 00 00 00 00 00 01 00 00 00 
 00 00 00 00 05 00 00 00 00 00 00 00 05 00 00 00 
 00 00 00 00 31 2F FB 4E D1 A5 CA D4 9D 2A 32 08 
 FB 1F 4F 57 DD 18 99 0D 8B 04 5F A9 83 32 99 3D 
 13 B9 5A CE 59 15 E7 7F C1 F4 51 1E 1C 68 A0 19 
 8B 33 D7 39 B6 47 D8 83 AE 54 67 0C 33 87 B0 61 
 04 70 E3 C6 27 00 00 
    IsEnEnabled(0x137 = 'NV_Write'): 1
 SWTPM_IO_Write: length 19
 80 02 00 00 00 13 00 00 00 00 00 00 00 00 00 00 
 01 00 00 
 SWTPM_IO_Read: length 35
 80 02 00 00 00 23 00 00 01 4E 01 80 01 01 01 80 
 01 01 00 00 00 09 40 00 00 09 00 00 00 00 00 00 
 B4 00 00 
    IsEnEnabled(0x14e = 'NV_Read'): 1
 SWTPM_IO_Write: length 201
 80 02 00 00 00 C9 00 00 00 00 00 00 00 B6 00 B4 
 43 53 45 52 54 50 4D 31 00 01 01 00 00 00 00 00 
 00 00 00 32 F6 A4 B0 7C 1E 17 36 1A A6 2B BC A2 
 C6 57 9B 38 0F DE 43 BE 44 F3 88 24 A3 DB 42 E8 
 28 55 C1 73 00 00 00 00 00 00 00 01 00 00 00 00 
 00 00 00 01 00 00 00 00 00 00 00 05 00 00 00 00 
 00 00 00 01 00 00 00 00 00 00 00 01 00 00 00 00 
 00 00 00 05 00 00 00 00 00 00 00 05 00 00 00 00 
 00 00 00 31 2F FB 4E D1 A5 CA D4 9D 2A 32 08 FB 
 1F 4F 57 DD 18 99 0D 8B 04 5F A9 83 32 99 3D 13 
 B9 5A CE 59 15 E7 7F C1 F4 51 1E 1C 68 A0 19 8B 
 33 D7 39 B6 47 D8 83 AE 54 67 0C 33 87 B0 61 04 
 70 E3 C6 27 00 00 01 00 00 
 SWTPM_IO_Read: length 31
 80 02 00 00 00 1F 00 00 01 34 01 80 01 00 01 80 
 01 00 00 00 00 09 40 00 00 09 00 00 00 00 00 
    IsEnEnabled(0x134 = 'NV_Increment'): 1
 SWTPM_IO_Write: length 19
 80 02 00 00 00 13 00 00 00 00 00 00 00 00 00 00 
 01 00 00 
 SWTPM_IO_Read: length 35
 80 02 00 00 00 23 00 00 01 4E 01 80 01 00 01 80 
 01 00 00 00 00 09 40 00 00 09 00 00 00 00 00 00 
 08 00 00 
    IsEnEnabled(0x14e = 'NV_Read'): 1
 SWTPM_IO_Write: length 29
 80 02 00 00 00 1D 00 00 00 00 00 00 00 0A 00 08 
 00 00 00 00 00 00 00 32 00 00 01 00 00 
 SWTPM_IO_Read: length 14
 80 01 00 00 00 0E 00 00 01 69 01 80 01 00 
    IsEnEnabled(0x169 = 'NV_ReadPublic'): 1
 SWTPM_IO_Write: length 94
 80 01 00 00 00 5E 00 00 00 00 00 2E 01 80 01 00 
 00 0B 62 04 04 14 00 20 47 CE 30 32 D8 BA D1 F3 
 08 9C B0 C0 90 88 DE 43 50 14 91 D4 60 40 2B 90 
 CD 1B 7F C0 B6 8C A9 2F 00 08 00 22 00 0B C1 0D 
 A5 71 71 0D C0 EF 34 03 98 76 52 A2 A1 AA E0 1C 
 A0 C7 A6 3A 2D 8E DE F2 34 F2 EC AA D3 3D 
 SWTPM_IO_Read: length 14
 80 01 00 00 00 0E 00 00 01 69 01 80 01 01 
    IsEnEnabled(0x169 = 'NV_ReadPublic'): 1
 SWTPM_IO_Write: length 94
 80 01 00 00 00 5E 00 00 00 00 00 2E 01 80 01 01 
 00 0B 62 04 14 04 00 20 47 CE 30 32 D8 BA D1 F3 
 08 9C B0 C0 90 88 DE 43 50 14 91 D4 60 40 2B 90 
 CD 1B 7F C0 B6 8C A9 2F 00 B4 00 22 00 0B 61 A3 
 FC 9A 66 53 70 0A 3F E3 E3 E1 EA 84 C9 69 FD 04 
 5F 2D D7 7B 23 4C E6 CD 3B B8 BF 1A 39 F7 
 SWTPM_IO_Read: length 14
 80 01 00 00 00 0E 00 00 01 69 01 80 01 02 
    IsEnEnabled(0x169 = 'NV_ReadPublic'): 1
 SWTPM_IO_Write: length 94
 80 01 00 00 00 5E 00 00 00 00 00 2E 01 80 01 02 
 00 0B 62 04 14 04 00 20 47 CE 30 32 D8 BA D1 F3 
 08 9C B0 C0 90 88 DE 43 50 14 91 D4 60 40 2B 90 
 CD 1B 7F C0 B6 8C A9 2F 00 B4 00 22 00 0B 2A 9A 
 FE FE 5E 5D 33 57 E1 50 C8 04 FA E1 C4 93 88 0A 
 4A 05 92 CD E3 AD 8C 2D 84 BB 33 07 27 E8 
 SWTPM_IO_Read: length 14
 80 01 00 00 00 0E 00 00 01 69 01 80 01 03 
    IsEnEnabled(0x169 = 'NV_ReadPublic'): 1
 SWTPM_IO_Write: length 94
 80 01 00 00 00 5E 00 00 00 00 00 2E 01 80 01 03 
 00 0B 62 04 04 14 00 20 47 CE 30 32 D8 BA D1 F3 
 08 9C B0 C0 90 88 DE 43 50 14 91 D4 60 40 2B 90 
 CD 1B 7F C0 B6 8C A9 2F 00 08 00 22 00 0B 7A 79 
 C8 38 E2 C0 97 B8 E8 F3 B1 6C DF 2B 76 FD DF 55 
 BB 33 8E 92 22 2B A8 2B 2D 77 F6 EA 6E B0 
 SWTPM_IO_Read: length 14
 80 01 00 00 00 0E 00 00 01 69 01 80 01 04 
    IsEnEnabled(0x169 = 'NV_ReadPublic'): 1
 SWTPM_IO_Write: length 94
 80 01 00 00 00 5E 00 00 00 00 00 2E 01 80 01 04 
 00 0B 62 04 14 04 00 20 47 CE 30 32 D8 BA D1 F3 
 08 9C B0 C0 90 88 DE 43 50 14 91 D4 60 40 2B 90 
 CD 1B 7F C0 B6 8C A9 2F 00 8C 00 22 00 0B 71 EF 
 44 50 1B 87 8C 5C 3C 0A 28 E2 38 93 CD 2B FA 86 
 21 68 21 E8 7D 6B C8 B5 59 BE 8C 97 DC 5D 
 SWTPM_IO_Read: length 14
 80 01 00 00 00 0E 00 00 01 69 01 80 01 05 
    IsEnEnabled(0x169 = 'NV_ReadPublic'): 1
 SWTPM_IO_Write: length 94
 80 01 00 00 00 5E 00 00 00 00 00 2E 01 80 01 05 
 00 0B 62 04 14 04 00 20 47 CE 30 32 D8 BA D1 F3 
 08 9C B0 C0 90 88 DE 43 50 14 91 D4 60 40 2B 90 
 CD 1B 7F C0 B6 8C A9 2F 00 8C 00 22 00 0B 9F 57 
 47 9A 60 C8 7F EF 0C B5 C9 E6 F9 CE 89 60 6D 20 
 21 70 1C 55 93 90 F1 14 82 75 F0 CC F1 D5 
 SWTPM_IO_Read: length 35
 80 02 00 00 00 23 00 00 01 4E 01 80 01 00 01 80 
 01 00 00 00 00 09 40 00 00 09 00 00 00 00 00 00 
 08 00 00 
    IsEnEnabled(0x14e = 'NV_Read'): 1
 SWTPM_IO_Write: length 29
 80 02 00 00 00 1D 00 00 00 00 00 00 00 0A 00 08 
 00 00 00 00 00 00 00 32 00 00 01 00 00 
 SWTPM_IO_Read: length 35
 80 02 00 00 00 23 00 00 01 4E 01 80 01 01 01 80 
 01 01 00 00 00 09 40 00 00 09 00 00 00 00 00 00 
 B4 00 00 
    IsEnEnabled(0x14e = 'NV_Read'): 1
 SWTPM_IO_Write: length 201
 80 02 00 00 00 C9 00 00 00 00 00 00 00 B6 00 B4 
 43 53 45 52 54 50 4D 31 00 01 01 00 00 00 00 00 
 00 00 00 32 F6 A4 B0 7C 1E 17 36 1A A6 2B BC A2 
 C6 57 9B 38 0F DE 43 BE 44 F3 88 24 A3 DB 42 E8 
 28 55 C1 73 00 00 00 00 00 00 00 01 00 00 00 00 
 00 00 00 01 00 00 00 00 00 00 00 05 00 00 00 00 
 00 00 00 01 00 00 00 00 00 00 00 01 00 00 00 00 
 00 00 00 05 00 00 00 00 00 00 00 05 00 00 00 00 
 00 00 00 31 2F FB 4E D1 A5 CA D4 9D 2A 32 08 FB 
 1F 4F 57 DD 18 99 0D 8B 04 5F A9 83 32 99 3D 13 
 B9 5A CE 59 15 E7 7F C1 F4 51 1E 1C 68 A0 19 8B 
 33 D7 39 B6 47 D8 83 AE 54 67 0C 33 87 B0 61 04 
 70 E3 C6 27 00 00 01 00 00 
 SWTPM_IO_Read: length 35
 80 02 00 00 00 23 00 00 01 4E 01 80 01 03 01 80 
 01 03 00 00 00 09 40 00 00 09 00 00 00 00 00 00 
 08 00 00 
    IsEnEnabled(0x14e = 'NV_Read'): 1
 SWTPM_IO_Write: length 29
 80 02 00 00 00 1D 00 00 00 00 00 00 00 0A 00 08 
 00 00 00 00 00 00 00 05 00 00 01 00 00 
 SWTPM_IO_Read: length 35
 80 02 00 00 00 23 00 00 01 4E 01 80 01 05 01 80 
 01 05 00 00 00 09 40 00 00 09 00 00 00 00 00 00 
 8C 00 00 
    IsEnEnabled(0x14e = 'NV_Read'): 1
 SWTPM_IO_Write: length 161
 80 02 00 00 00 A1 00 00 00 00 00 00 00 8E 00 8C 
 43 53 45 52 54 50 4D 31 00 01 02 00 00 00 00 00 
 00 00 00 05 F6 A4 B0 7C 1E 17 36 1A A6 2B BC A2 
 C6 57 9B 38 0F DE 43 BE 44 F3 88 24 A3 DB 42 E8 
 28 55 C1 73 00 00 00 00 00 00 00 01 00 00 00 00 
 00 00 00 01 00 00 00 00 00 00 00 05 00 00 00 00 
 00 00 00 01 00 00 00 00 00 00 00 01 00 00 00 00 
 00 00 00 05 00 00 00 00 00 00 00 05 71 50 26 1C 
 E7 80 D7 B4 CC EF E9 AB 5A DD A0 74 E8 7B 7B 05 
 40 FF CE CF 66 E5 D9 E6 85 8F 88 B3 00 00 01 00 
 00 
 SWTPM_IO_Read: length 215
 80 02 00 00 00 D7 00 00 01 37 01 80 01 02 01 80 
 01 02 00 00 00 09 40 00 00 09 00 00 00 00 00 00 
 B4 43 53 45 52 54 50 4D 31 00 01 01 00 00 00 00 
 00 00 00 00 33 F6 A4 B0 7C 1E 17 36 1A A6 2B BC 
 A2 C6 57 9B 38 0F DE 43 BE 44 F3 88 24 A3 DB 42 
 E8 28 55 C1 73 00 00 00 00 00 00 00 01 00 00 00 
 00 00 00 00 01 00 00 00 00 00 00 00 05 00 00 00 
 00 00 00 00 01 00 00 00 00 00 00 00 01 00 00 00 
 00 00 00 00 05 00 00 00 00 00 00 00 05 00 00 00 
 00 00 00 00 32 21 54 F8 02 46 BD ED F8 D1 39 6B 
 13 30 DF EE C8 34 6E FC 2A D0 A2 AD BD AB 95 DB 
 65 CD 6D DF B2 3F 99 D3 B5 55 D5 A8 04 45 15 44 
 92 24 55 76 A1 81 0F BA 93 93 FF 0F C1 0F 43 45 
 60 A0 4F CF 66 00 00 
    IsEnEnabled(0x137 = 'NV_Write'): 1
 SWTPM_IO_Write: length 19
 80 02 00 00 00 13 00 00 00 00 00 00 00 00 00 00 
 01 00 00 
 SWTPM_IO_Read: length 35
 80 02 00 00 00 23 00 00 01 4E 01 80 01 02 01 80 
 01 02 00 00 00 09 40 00 00 09 00 00 00 00 00 00 
 B4 00 00 
    IsEnEnabled(0x14e = 'NV_Read'): 1
 SWTPM_IO_Write: length 201
 80 02 00 00 00 C9 00 00 00 00 00 00 00 B6 00 B4 
 43 53 45 52 54 50 4D 31 00 01 01 00 00 00 00 00 
 00 00 00 33 F6 A4 B0 7C 1E 17 36 1A A6 2B BC A2 
 C6 57 9B 38 0F DE 43 BE 44 F3 88 24 A3 DB 42 E8 
 28 55 C1 73 00 00 00 00 00 00 00 01 00 00 00 00 
 00 00 00 01 00 00 00 00 00 00 00 05 00 00 00 00 
 00 00 00 01 00 00 00 00 00 00 00 01 00 00 00 00 
 00 00 00 05 00 00 00 00 00 00 00 05 00 00 00 00 
 00 00 00 32 21 54 F8 02 46 BD ED F8 D1 39 6B 13 
 30 DF EE C8 34 6E FC 2A D0 A2 AD BD AB 95 DB 65 
 CD 6D DF B2 3F 99 D3 B5 55 D5 A8 04 45 15 44 92 
 24 55 76 A1 81 0F BA 93 93 FF 0F C1 0F 43 45 60 
 A0 4F CF 66 00 00 01 00 00 
 SWTPM_IO_Read: length 31
 80 02 00 00 00 1F 00 00 01 34 01 80 01 00 01 80 
 01 00 00 00 00 09 40 00 00 09 00 00 00 00 00 
    IsEnEnabled(0x134 = 'NV_Increment'): 1
 SWTPM_IO_Write: length 19
 80 02 00 00 00 13 00 00 00 00 00 00 00 00 00 00 
 01 00 00 
 SWTPM_IO_Read: length 35
 80 02 00 00 00 23 00 00 01 4E 01 80 01 00 01 80 
 01 00 00 00 00 09 40 00 00 09 00 00 00 00 00 00 
 08 00 00 
    IsEnEnabled(0x14e = 'NV_Read'): 1
 SWTPM_IO_Write: length 29
 80 02 00 00 00 1D 00 00 00 00 00 00 00 0A 00 08 
 00 00 00 00 00 00 00 33 00 00 01 00 00 
 SWTPM_IO_Read: length 14
 80 01 00 00 00 0E 00 00 01 69 01 80 01 00 
    IsEnEnabled(0x169 = 'NV_ReadPublic'): 1
 SWTPM_IO_Write: length 94
 80 01 00 00 00 5E 00 00 00 00 00 2E 01 80 01 00 
 00 0B 62 04 04 14 00 20 47 CE 30 32 D8 BA D1 F3 
 08 9C B0 C0 90 88 DE 43 50 14 91 D4 60 40 2B 90 
 CD 1B 7F C0 B6 8C A9 2F 00 08 00 22 00 0B C1 0D 
 A5 71 71 0D C0 EF 34 03 98 76 52 A2 A1 AA E0 1C 
 A0 C7 A6 3A 2D 8E DE F2 34 F2 EC AA D3 3D 
 SWTPM_IO_Read: length 14
 80 01 00 00 00 0E 00 00 01 69 01 80 01 01 
    IsEnEnabled(0x169 = 'NV_ReadPublic'): 1
 SWTPM_IO_Write: length 94
 80 01 00 00 00 5E 00 00 00 00 00 2E 01 80 01 01 
 00 0B 62 04 14 04 00 20 47 CE 30 32 D8 BA D1 F3 
 08 9C B0 C0 90 88 DE 43 50 14 91 D4 60 40 2B 90 
 CD 1B 7F C0 B6 8C A9 2F 00 B4 00 22 00 0B 61 A3 
 FC 9A 66 53 70 0A 3F E3 E3 E1 EA 84 C9 69 FD 04 
 5F 2D D7 7B 23 4C E6 CD 3B B8 BF 1A 39 F7 
 SWTPM_IO_Read: length 14
 80 01 00 00 00 0E 00 00 01 69 01 80 01 02 
    IsEnEnabled(0x169 = 'NV_ReadPublic'): 1
 SWTPM_IO_Write: length 94
 80 01 00 00 00 5E 00 00 00 00 00 2E 01 80 01 02 
 00 0B 62 04 14 04 00 20 47 CE 30 32 D8 BA D1 F3 
 08 9C B0 C0 90 88 DE 43 50 14 91 D4 60 40 2B 90 
 CD 1B 7F C0 B6 8C A9 2F 00 B4 00 22 00 0B 2A 9A 
 FE FE 5E 5D 33 57 E1 50 C8 04 FA E1 C4 93 88 0A 
 4A 05 92 CD E3 AD 8C 2D 84 BB 33 07 27 E8 
 SWTPM_IO_Read: length 14
 80 01 00 00 00 0E 00 00 01 69 01 80 01 03 
    IsEnEnabled(0x169 = 'NV_ReadPublic'): 1
 SWTPM_IO_Write: length 94
 80 01 00 00 00 5E 00 00 00 00 00 2E 01 80 01 03 
 00 0B 62 04 04 14 00 20 47 CE 30 32 D8 BA D1 F3 
 08 9C B0 C0 90 88 DE 43 50 14 91 D4 60 40 2B 90 
 CD 1B 7F C0 B6 8C A9 2F 00 08 00 22 00 0B 7A 79 
 C8 38 E2 C0 97 B8 E8 F3 B1 6C DF 2B 76 FD DF 55 
 BB 33 8E 92 22 2B A8 2B 2D 77 F6 EA 6E B0 
 SWTPM_IO_Read: length 14
 80 01 00 00 00 0E 00 00 01 69 01 80 01 04 
    IsEnEnabled(0x169 = 'NV_ReadPublic'): 1
 SWTPM_IO_Write: length 94
 80 01 00 00 00 5E 00 00 00 00 00 2E 01 80 01 04 
 00 0B 62 04 14 04 00 20 47 CE 30 32 D8 BA D1 F3 
 08 9C B0 C0 90 88 DE 43 50 14 91 D4 60 40 2B 90 
 CD 1B 7F C0 B6 8C A9 2F 00 8C 00 22 00 0B 71 EF 
 44 50 1B 87 8C 5C 3C 0A 28 E2 38 93 CD 2B FA 86 
 21 68 21 E8 7D 6B C8 B5 59 BE 8C 97 DC 5D 
 SWTPM_IO_Read: length 14
 80 01 00 00 00 0E 00 00 01 69 01 80 01 05 
    IsEnEnabled(0x169 = 'NV_ReadPublic'): 1
 SWTPM_IO_Write: length 94
 80 01 00 00 00 5E 00 00 00 00 00 2E 01 80 01 05 
 00 0B 62 04 14 04 00 20 47 CE 30 32 D8 BA D1 F3 
 08 9C B0 C0 90 88 DE 43 50 14 91 D4 60 40 2B 90 
 CD 1B 7F C0 B6 8C A9 2F 00 8C 00 22 00 0B 9F 57 
 47 9A 60 C8 7F EF 0C B5 C9 E6 F9 CE 89 60 6D 20 
 21 70 1C 55 93 90 F1 14 82 75 F0 CC F1 D5 
 SWTPM_IO_Read: length 35
 80 02 00 00 00 23 00 00 01 4E 01 80 01 00 01 80 
 01 00 00 00 00 09 40 00 00 09 00 00 00 00 00 00 
 08 00 00 
    IsEnEnabled(0x14e = 'NV_Read'): 1
 SWTPM_IO_Write: length 29
 80 02 00 00 00 1D 00 00 00 00 00 00 00 0A 00 08 
 00 00 00 00 00 00 00 33 00 00 01 00 00 
 SWTPM_IO_Read: length 35
 80 02 00 00 00 23 00 00 01 4E 01 80 01 02 01 80 
 01 02 00 00 00 09 40 00 00 09 00 00 00 00 00 00 
 B4 00 00 
    IsEnEnabled(0x14e = 'NV_Read'): 1
 SWTPM_IO_Write: length 201
 80 02 00 00 00 C9 00 00 00 00 00 00 00 B6 00 B4 
 43 53 45 52 54 50 4D 31 00 01 01 00 00 00 00 00 
 00 00 00 33 F6 A4 B0 7C 1E 17 36 1A A6 2B BC A2 
 C6 57 9B 38 0F DE 43 BE 44 F3 88 24 A3 DB 42 E8 
 28 55 C1 73 00 00 00 00 00 00 00 01 00 00 00 00 
 00 00 00 01 00 00 00 00 00 00 00 05 00 00 00 00 
 00 00 00 01 00 00 00 00 00 00 00 01 00 00 00 00 
 00 00 00 05 00 00 00 00 00 00 00 05 00 00 00 00 
 00 00 00 32 21 54 F8 02 46 BD ED F8 D1 39 6B 13 
 30 DF EE C8 34 6E FC 2A D0 A2 AD BD AB 95 DB 65 
 CD 6D DF B2 3F 99 D3 B5 55 D5 A8 04 45 15 44 92 
 24 55 76 A1 81 0F BA 93 93 FF 0F C1 0F 43 45 60 
 A0 4F CF 66 00 00 01 00 00 
 SWTPM_IO_Read: length 35
 80 02 00 00 00 23 00 00 01 4E 01 80 01 03 01 80 
 01 03 00 00 00 09 40 00 00 09 00 00 00 00 00 00 
 08 00 00 
    IsEnEnabled(0x14e = 'NV_Read'): 1
 SWTPM_IO_Write: length 29
 80 02 00 00 00 1D 00 00 00 00 00 00 00 0A 00 08 
 00 00 00 00 00 00 00 05 00 00 01 00 00 
 SWTPM_IO_Read: length 35
 80 02 00 00 00 23 00 00 01 4E 01 80 01 05 01 80 
 01 05 00 00 00 09 40 00 00 09 00 00 00 00 00 00 
 8C 00 00 
    IsEnEnabled(0x14e = 'NV_Read'): 1
 SWTPM_IO_Write: length 161
 80 02 00 00 00 A1 00 00 00 00 00 00 00 8E 00 8C 
 43 53 45 52 54 50 4D 31 00 01 02 00 00 00 00 00 
 00 00 00 05 F6 A4 B0 7C 1E 17 36 1A A6 2B BC A2 
 C6 57 9B 38 0F DE 43 BE 44 F3 88 24 A3 DB 42 E8 
 28 55 C1 73 00 00 00 00 00 00 00 01 00 00 00 00 
 00 00 00 01 00 00 00 00 00 00 00 05 00 00 00 00 
 00 00 00 01 00 00 00 00 00 00 00 01 00 00 00 00 
 00 00 00 05 00 00 00 00 00 00 00 05 71 50 26 1C 
 E7 80 D7 B4 CC EF E9 AB 5A DD A0 74 E8 7B 7B 05 
 40 FF CE CF 66 E5 D9 E6 85 8F 88 B3 00 00 01 00 
 00 
 SWTPM_IO_Read: length 215
 80 02 00 00 00 D7 00 00 01 37 01 80 01 01 01 80 
 01 01 00 00 00 09 40 00 00 09 00 00 00 00 00 00 
 B4 43 53 45 52 54 50 4D 31 00 01 01 00 00 00 00 
 00 00 00 00 34 F6 A4 B0 7C 1E 17 36 1A A6 2B BC 
 A2 C6 57 9B 38 0F DE 43 BE 44 F3 88 24 A3 DB 42 
 E8 28 55 C1 73 00 00 00 00 00 00 00 01 00 00 00 
 00 00 00 00 01 00 00 00 00 00 00 00 05 00 00 00 
 00 00 00 00 01 00 00 00 00 00 00 00 01 00 00 00 
 00 00 00 00 05 00 00 00 00 00 00 00 05 00 00 00 
 00 00 00 00 33 9E 16 95 33 4E 13 68 A7 F5 6D AE 
 5D 05 92 DC 0B 57 BE 27 75 75 06 5B 18 52 E4 A7 
 8E B1 08 3D B5 36 44 FA F7 2A DA D5 C8 8B 62 7A 
 4F 49 0C F8 3C B6 27 B7 65 0C 1A 01 1F 5F 0A B4 
 51 20 04 4A F5 00 00 
    IsEnEnabled(0x137 = 'NV_Write'): 1
 SWTPM_IO_Write: length 19
 80 02 00 00 00 13 00 00 00 00 00 00 00 00 00 00 
 01 00 00 
 SWTPM_IO_Read: length 35
 80 02 00 00 00 23 00 00 01 4E 01 80 01 01 01 80 
 01 01 00 00 00 09 40 00 00 09 00 00 00 00 00 00 
 B4 00 00 
    IsEnEnabled(0x14e = 'NV_Read'): 1
 SWTPM_IO_Write: length 201
 80 02 00 00 00 C9 00 00 00 00 00 00 00 B6 00 B4 
 43 53 45 52 54 50 4D 31 00 01 01 00 00 00 00 00 
 00 00 00 34 F6 A4 B0 7C 1E 17 36 1A A6 2B BC A2 
 C6 57 9B 38 0F DE 43 BE 44 F3 88 24 A3 DB 42 E8 
 28 55 C1 73 00 00 00 00 00 00 00 01 00 00 00 00 
 00 00 00 01 00 00 00 00 00 00 00 05 00 00 00 00 
 00 00 00 01 00 00 00 00 00 00 00 01 00 00 00 00 
 00 00 00 05 00 00 00 00 00 00 00 05 00 00 00 00 
 00 00 00 33 9E 16 95 33 4E 13 68 A7 F5 6D AE 5D 
 05 92 DC 0B 57 BE 27 75 75 06 5B 18 52 E4 A7 8E 
 B1 08 3D B5 36 44 FA F7 2A DA D5 C8 8B 62 7A 4F 
 49 0C F8 3C B6 27 B7 65 0C 1A 01 1F 5F 0A B4 51 
 20 04 4A F5 00 00 01 00 00 
 SWTPM_IO_Read: length 31
 80 02 00 00 00 1F 00 00 01 34 01 80 01 00 01 80 
 01 00 00 00 00 09 40 00 00 09 00 00 00 00 00 
    IsEnEnabled(0x134 = 'NV_Increment'): 1
 SWTPM_IO_Write: length 19
 80 02 00 00 00 13 00 00 00 00 00 00 00 00 00 00 
 01 00 00 
 SWTPM_IO_Read: length 35
 80 02 00 00 00 23 00 00 01 4E 01 80 01 00 01 80 
 01 00 00 00 00 09 40 00 00 09 00 00 00 00 00 00 
 08 00 00 
    IsEnEnabled(0x14e = 'NV_Read'): 1
 SWTPM_IO_Write: length 29
 80 02 00 00 00 1D 00 00 00 00 00 00 00 0A 00 08 
 00 00 00 00 00 00 00 34 00 00 01 00 00 
 SWTPM_IO_Read: length 14
 80 01 00 00 00 0E 00 00 01 69 01 80 01 00 
    IsEnEnabled(0x169 = 'NV_ReadPublic'): 1
 SWTPM_IO_Write: length 94
 80 01 00 00 00 5E 00 00 00 00 00 2E 01 80 01 00 
 00 0B 62 04 04 14 00 20 47 CE 30 32 D8 BA D1 F3 
 08 9C B0 C0 90 88 DE 43 50 14 91 D4 60 40 2B 90 
 CD 1B 7F C0 B6 8C A9 2F 00 08 00 22 00 0B C1 0D 
 A5 71 71 0D C0 EF 34 03 98 76 52 A2 A1 AA E0 1C 
 A0 C7 A6 3A 2D 8E DE F2 34 F2 EC AA D3 3D 
 SWTPM_IO_Read: length 14
 80 01 00 00 00 0E 00 00 01 69 01 80 01 01 
    IsEnEnabled(0x169 = 'NV_ReadPublic'): 1
 SWTPM_IO_Write: length 94
 80 01 00 00 00 5E 00 00 00 00 00 2E 01 80 01 01 
 00 0B 62 04 14 04 00 20 47 CE 30 32 D8 BA D1 F3 
 08 9C B0 C0 90 88 DE 43 50 14 91 D4 60 40 2B 90 
 CD 1B 7F C0 B6 8C A9 2F 00 B4 00 22 00 0B 61 A3 
 FC 9A 66 53 70 0A 3F E3 E3 E1 EA 84 C9 69 FD 04 
 5F 2D D7 7B 23 4C E6 CD 3B B8 BF 1A 39 F7 
 SWTPM_IO_Read: length 14
 80 01 00 00 00 0E 00 00 01 69 01 80 01 02 
    IsEnEnabled(0x169 = 'NV_ReadPublic'): 1
 SWTPM_IO_Write: length 94
 80 01 00 00 00 5E 00 00 00 00 00 2E 01 80 01 02 
 00 0B 62 04 14 04 00 20 47 CE 30 32 D8 BA D1 F3 
 08 9C B0 C0 90 88 DE 43 50 14 91 D4 60 40 2B 90 
 CD 1B 7F C0 B6 8C A9 2F 00 B4 00 22 00 0B 2A 9A 
 FE FE 5E 5D 33 57 E1 50 C8 04 FA E1 C4 93 88 0A 
 4A 05 92 CD E3 AD 8C 2D 84 BB 33 07 27 E8 
 SWTPM_IO_Read: length 14
 80 01 00 00 00 0E 00 00 01 69 01 80 01 03 
    IsEnEnabled(0x169 = 'NV_ReadPublic'): 1
 SWTPM_IO_Write: length 94
 80 01 00 00 00 5E 00 00 00 00 00 2E 01 80 01 03 
 00 0B 62 04 04 14 00 20 47 CE 30 32 D8 BA D1 F3 
 08 9C B0 C0 90 88 DE 43 50 14 91 D4 60 40 2B 90 
 CD 1B 7F C0 B6 8C A9 2F 00 08 00 22 00 0B 7A 79 
 C8 38 E2 C0 97 B8 E8 F3 B1 6C DF 2B 76 FD DF 55 
 BB 33 8E 92 22 2B A8 2B 2D 77 F6 EA 6E B0 
 SWTPM_IO_Read: length 14
 80 01 00 00 00 0E 00 00 01 69 01 80 01 04 
    IsEnEnabled(0x169 = 'NV_ReadPublic'): 1
 SWTPM_IO_Write: length 94
 80 01 00 00 00 5E 00 00 00 00 00 2E 01 80 01 04 
 00 0B 62 04 14 04 00 20 47 CE 30 32 D8 BA D1 F3 
 08 9C B0 C0 90 88 DE 43 50 14 91 D4 60 40 2B 90 
 CD 1B 7F C0 B6 8C A9 2F 00 8C 00 22 00 0B 71 EF 
 44 50 1B 87 8C 5C 3C 0A 28 E2 38 93 CD 2B FA 86 
 21 68 21 E8 7D 6B C8 B5 59 BE 8C 97 DC 5D 
 SWTPM_IO_Read: length 14
 80 01 00 00 00 0E 00 00 01 69 01 80 01 05 
    IsEnEnabled(0x169 = 'NV_ReadPublic'): 1
 SWTPM_IO_Write: length 94
 80 01 00 00 00 5E 00 00 00 00 00 2E 01 80 01 05 
 00 0B 62 04 14 04 00 20 47 CE 30 32 D8 BA D1 F3 
 08 9C B0 C0 90 88 DE 43 50 14 91 D4 60 40 2B 90 
 CD 1B 7F C0 B6 8C A9 2F 00 8C 00 22 00 0B 9F 57 
 47 9A 60 C8 7F EF 0C B5 C9 E6 F9 CE 89 60 6D 20 
 21 70 1C 55 93 90 F1 14 82 75 F0 CC F1 D5 
 SWTPM_IO_Read: length 35
 80 02 00 00 00 23 00 00 01 4E 01 80 01 00 01 80 
 01 00 00 00 00 09 40 00 00 09 00 00 00 00 00 00 
 08 00 00 
    IsEnEnabled(0x14e = 'NV_Read'): 1
 SWTPM_IO_Write: length 29
 80 02 00 00 00 1D 00 00 00 00 00 00 00 0A 00 08 
 00 00 00 00 00 00 00 34 00 00 01 00 00 
 SWTPM_IO_Read: length 35
 80 02 00 00 00 23 00 00 01 4E 01 80 01 01 01 80 
 01 01 00 00 00 09 40 00 00 09 00 00 00 00 00 00 
 B4 00 00 
    IsEnEnabled(0x14e = 'NV_Read'): 1
 SWTPM_IO_Write: length 201
 80 02 00 00 00 C9 00 00 00 00 00 00 00 B6 00 B4 
 43 53 45 52 54 50 4D 31 00 01 01 00 00 00 00 00 
 00 00 00 34 F6 A4 B0 7C 1E 17 36 1A A6 2B BC A2 
 C6 57 9B 38 0F DE 43 BE 44 F3 88 24 A3 DB 42 E8 
 28 55 C1 73 00 00 00 00 00 00 00 01 00 00 00 00 
 00 00 00 01 00 00 00 00 00 00 00 05 00 00 00 00 
 00 00 00 01 00 00 00 00 00 00 00 01 00 00 00 00 
 00 00 00 05 00 00 00 00 00 00 00 05 00 00 00 00 
 00 00 00 33 9E 16 95 33 4E 13 68 A7 F5 6D AE 5D 
 05 92 DC 0B 57 BE 27 75 75 06 5B 18 52 E4 A7 8E 
 B1 08 3D B5 36 44 FA F7 2A DA D5 C8 8B 62 7A 4F 
 49 0C F8 3C B6 27 B7 65 0C 1A 01 1F 5F 0A B4 51 
 20 04 4A F5 00 00 01 00 00 
 SWTPM_IO_Read: length 35
 80 02 00 00 00 23 00 00 01 4E 01 80 01 03 01 80 
 01 03 00 00 00 09 40 00 00 09 00 00 00 00 00 00 
 08 00 00 
    IsEnEnabled(0x14e = 'NV_Read'): 1
 SWTPM_IO_Write: length 29
 80 02 00 00 00 1D 00 00 00 00 00 00 00 0A 00 08 
 00 00 00 00 00 00 00 05 00 00 01 00 00 
 SWTPM_IO_Read: length 35
 80 02 00 00 00 23 00 00 01 4E 01 80 01 05 01 80 
 01 05 00 00 00 09 40 00 00 09 00 00 00 00 00 00 
 8C 00 00 
    IsEnEnabled(0x14e = 'NV_Read'): 1
 SWTPM_IO_Write: length 161
 80 02 00 00 00 A1 00 00 00 00 00 00 00 8E 00 8C 
 43 53 45 52 54 50 4D 31 00 01 02 00 00 00 00 00 
 00 00 00 05 F6 A4 B0 7C 1E 17 36 1A A6 2B BC A2 
 C6 57 9B 38 0F DE 43 BE 44 F3 88 24 A3 DB 42 E8 
 28 55 C1 73 00 00 00 00 00 00 00 01 00 00 00 00 
 00 00 00 01 00 00 00 00 00 00 00 05 00 00 00 00 
 00 00 00 01 00 00 00 00 00 00 00 01 00 00 00 00 
 00 00 00 05 00 00 00 00 00 00 00 05 71 50 26 1C 
 E7 80 D7 B4 CC EF E9 AB 5A DD A0 74 E8 7B 7B 05 
 40 FF CE CF 66 E5 D9 E6 85 8F 88 B3 00 00 01 00 
 00 
 SWTPM_IO_Read: length 215
 80 02 00 00 00 D7 00 00 01 37 01 80 01 02 01 80 
 01 02 00 00 00 09 40 00 00 09 00 00 00 00 00 00 
 B4 43 53 45 52 54 50 4D 31 00 01 01 00 00 00 00 
 00 00 00 00 35 F6 A4 B0 7C 1E 17 36 1A A6 2B BC 
 A2 C6 57 9B 38 0F DE 43 BE 44 F3 88 24 A3 DB 42 
 E8 28 55 C1 73 00 00 00 00 00 00 00 01 00 00 00 
 00 00 00 00 01 00 00 00 00 00 00 00 05 00 00 00 
 00 00 00 00 01 00 00 00 00 00 00 00 01 00 00 00 
 00 00 00 00 05 00 00 00 00 00 00 00 05 00 00 00 
 00 00 00 00 34 76 9A C4 8C BC 90 27 EF A5 A5 56 
 F4 F6 84 66 97 9F 18 D4 E5 25 98 AC 23 26 25 73 
 05 C0 7A C5 38 B8 4B A3 A6 7C 69 B8 B4 5A 0F ED 
 4D AE 90 48 36 CA CA 13 22 2C CC 8C 92 A4 1C B4 
 DD C7 E3 FF 45 00 00 
    IsEnEnabled(0x137 = 'NV_Write'): 1
 SWTPM_IO_Write: length 19
 80 02 00 00 00 13 00 00 00 00 00 00 00 00 00 00 
 01 00 00 
 SWTPM_IO_Read: length 35
 80 02 00 00 00 23 00 00 01 4E 01 80 01 02 01 80 
 01 02 00 00 00 09 40 00 00 09 00 00 00 00 00 00 
 B4 00 00 
    IsEnEnabled(0x14e = 'NV_Read'): 1
 SWTPM_IO_Write: length 201
 80 02 00 00 00 C9 00 00 00 00 00 00 00 B6 00 B4 
 43 53 45 52 54 50 4D 31 00 01 01 00 00 00 00 00 
 00 00 00 35 F6 A4 B0 7C 1E 17 36 1A A6 2B BC A2 
 C6 57 9B 38 0F DE 43 BE 44 F3 88 24 A3 DB 42 E8 
 28 55 C1 73 00 00 00 00 00 00 00 01 00 00 00 00 
 00 00 00 01 00 00 00 00 00 00 00 05 00 00 00 00 
 00 00 00 01 00 00 00 00 00 00 00 01 00 00 00 00 
 00 00 00 05 00 00 00 00 00 00 00 05 00 00 00 00 
 00 00 00 34 76 9A C4 8C BC 90 27 EF A5 A5 56 F4 
 F6 84 66 97 9F 18 D4 E5 25 98 AC 23 26 25 73 05 
 C0 7A C5 38 B8 4B A3 A6 7C 69 B8 B4 5A 0F ED 4D 
 AE 90 48 36 CA CA 13 22 2C CC 8C 92 A4 1C B4 DD 
 C7 E3 FF 45 00 00 01 00 00 
 SWTPM_IO_Read: length 31
 80 02 00 00 00 1F 00 00 01 34 01 80 01 00 01 80 
 01 00 00 00 00 09 40 00 00 09 00 00 00 00 00 
    IsEnEnabled(0x134 = 'NV_Increment'): 1
 SWTPM_IO_Write: length 19
 80 02 00 00 00 13 00 00 00 00 00 00 00 00 00 00 
 01 00 00 
 SWTPM_IO_Read: length 35
 80 02 00 00 00 23 00 00 01 4E 01 80 01 00 01 80 
 01 00 00 00 00 09 40 00 00 09 00 00 00 00 00 00 
 08 00 00 
    IsEnEnabled(0x14e = 'NV_Read'): 1
 SWTPM_IO_Write: length 29
 80 02 00 00 00 1D 00 00 00 00 00 00 00 0A 00 08 
 00 00 00 00 00 00 00 35 00 00 01 00 00 
 Ctrl Cmd: length 4
 00 00 00 03 
 Ctrl Rsp: length 4
 00 00 00 00 
